ArtId;IndexBV;SE;Jahr;nameD;nameF;nameI;nameE
820;81,28078818;0;1990;Schnatterente;Canard chipeau;Canapiglia;Gadwall 
820;65,02463054;0;1991;Schnatterente;Canard chipeau;Canapiglia;Gadwall 
820;97,53694581;0;1992;Schnatterente;Canard chipeau;Canapiglia;Gadwall 
820;97,53694581;0;1993;Schnatterente;Canard chipeau;Canapiglia;Gadwall 
820;32,51231527;0;1994;Schnatterente;Canard chipeau;Canapiglia;Gadwall 
820;48,76847291;0;1995;Schnatterente;Canard chipeau;Canapiglia;Gadwall 
820;81,28078818;0;1996;Schnatterente;Canard chipeau;Canapiglia;Gadwall 
820;65,02463054;0;1997;Schnatterente;Canard chipeau;Canapiglia;Gadwall 
820;81,28078818;0;1998;Schnatterente;Canard chipeau;Canapiglia;Gadwall 
820;32,51231527;0;1999;Schnatterente;Canard chipeau;Canapiglia;Gadwall 
820;81,28078818;0;2000;Schnatterente;Canard chipeau;Canapiglia;Gadwall 
820;48,76847291;0;2001;Schnatterente;Canard chipeau;Canapiglia;Gadwall 
820;16,25615764;0;2002;Schnatterente;Canard chipeau;Canapiglia;Gadwall 
820;146,3054187;0;2003;Schnatterente;Canard chipeau;Canapiglia;Gadwall 
820;16,25615764;0;2004;Schnatterente;Canard chipeau;Canapiglia;Gadwall 
820;146,3054187;0;2005;Schnatterente;Canard chipeau;Canapiglia;Gadwall 
820;211,3300493;0;2006;Schnatterente;Canard chipeau;Canapiglia;Gadwall 
820;146,3054187;0;2007;Schnatterente;Canard chipeau;Canapiglia;Gadwall 
820;130,0492611;0;2008;Schnatterente;Canard chipeau;Canapiglia;Gadwall 
820;130,0492611;0;2009;Schnatterente;Canard chipeau;Canapiglia;Gadwall 
820;97,53694581;0;2010;Schnatterente;Canard chipeau;Canapiglia;Gadwall 
820;146,3054187;0;2011;Schnatterente;Canard chipeau;Canapiglia;Gadwall 
820;97,53694581;0;2012;Schnatterente;Canard chipeau;Canapiglia;Gadwall 
820;81,28078818;0;2013;Schnatterente;Canard chipeau;Canapiglia;Gadwall 
820;113,7931034;0;2014;Schnatterente;Canard chipeau;Canapiglia;Gadwall 
820;162,5615764;0;2015;Schnatterente;Canard chipeau;Canapiglia;Gadwall 
820;146,3054187;0;2016;Schnatterente;Canard chipeau;Canapiglia;Gadwall 
820;97,53694581;0;2017;Schnatterente;Canard chipeau;Canapiglia;Gadwall 
820;162,5615764;0;2018;Schnatterente;Canard chipeau;Canapiglia;Gadwall 
820;146,3054187;0;2019;Schnatterente;Canard chipeau;Canapiglia;Gadwall 
820;97,53694581;0;2020;Schnatterente;Canard chipeau;Canapiglia;Gadwall 
820;65,02463054;0;2021;Schnatterente;Canard chipeau;Canapiglia;Gadwall 
820;130,0492611;0;2022;Schnatterente;Canard chipeau;Canapiglia;Gadwall 
720;105,360766;14,71708714;1990;Stockente;Canard colvert;Germano reale ;Mallard 
720;86,47849156;12,32659263;1991;Stockente;Canard colvert;Germano reale ;Mallard 
720;108,6591395;12,88669252;1992;Stockente;Canard colvert;Germano reale ;Mallard 
720;104,3642978;11,82338174;1993;Stockente;Canard colvert;Germano reale ;Mallard 
720;95,9064497;11,57940933;1994;Stockente;Canard colvert;Germano reale ;Mallard 
720;105,1851241;12,20731975;1995;Stockente;Canard colvert;Germano reale ;Mallard 
720;106,0336571;12,73988019;1996;Stockente;Canard colvert;Germano reale ;Mallard 
720;99,64662776;12,58166982;1997;Stockente;Canard colvert;Germano reale ;Mallard 
720;86,80889046;11,05278862;1998;Stockente;Canard colvert;Germano reale ;Mallard 
720;61,56445376;6,269804645;1999;Stockente;Canard colvert;Germano reale ;Mallard 
720;87,0343533;6,973041438;2000;Stockente;Canard colvert;Germano reale ;Mallard 
720;82,90383646;7,078214638;2001;Stockente;Canard colvert;Germano reale ;Mallard 
720;85,20568159;7,13602371;2002;Stockente;Canard colvert;Germano reale ;Mallard 
720;97,48145515;7,278041285;2003;Stockente;Canard colvert;Germano reale ;Mallard 
720;102,4361209;6,465478809;2004;Stockente;Canard colvert;Germano reale ;Mallard 
720;91,8249664;6,044647268;2005;Stockente;Canard colvert;Germano reale ;Mallard 
720;97,97025567;5,909272909;2006;Stockente;Canard colvert;Germano reale ;Mallard 
720;112,8124643;6,325205456;2007;Stockente;Canard colvert;Germano reale ;Mallard 
720;97,02242398;5,792841604;2008;Stockente;Canard colvert;Germano reale ;Mallard 
720;96,04872886;5,777566024;2009;Stockente;Canard colvert;Germano reale ;Mallard 
720;94,3447974;5,773378678;2010;Stockente;Canard colvert;Germano reale ;Mallard 
720;97,28490132;5,514080266;2011;Stockente;Canard colvert;Germano reale ;Mallard 
720;104,4255291;5,541307579;2012;Stockente;Canard colvert;Germano reale ;Mallard 
720;106,5547484;5,527461823;2013;Stockente;Canard colvert;Germano reale ;Mallard 
720;102,4403704;5,419830069;2014;Stockente;Canard colvert;Germano reale ;Mallard 
720;115,4550371;5,829682444;2015;Stockente;Canard colvert;Germano reale ;Mallard 
720;107,2517313;5,541039449;2016;Stockente;Canard colvert;Germano reale ;Mallard 
720;103,0896389;5,1488296;2017;Stockente;Canard colvert;Germano reale ;Mallard 
720;108,8515363;5,277543644;2018;Stockente;Canard colvert;Germano reale ;Mallard 
720;107,5288981;5,228524927;2019;Stockente;Canard colvert;Germano reale ;Mallard 
720;112,6450634;5,390158976;2020;Stockente;Canard colvert;Germano reale ;Mallard 
720;117,0941122;5,456137661;2021;Stockente;Canard colvert;Germano reale ;Mallard 
720;112,2854519;5,480619823;2022;Stockente;Canard colvert;Germano reale ;Mallard 
850;10,06097561;0;1990;Kolbenente;Nette rousse;Fistione turco;Red-crested Pochard 
850;14,75609756;0;1991;Kolbenente;Nette rousse;Fistione turco;Red-crested Pochard 
850;22,13414634;0;1992;Kolbenente;Nette rousse;Fistione turco;Red-crested Pochard 
850;28,84146341;0;1993;Kolbenente;Nette rousse;Fistione turco;Red-crested Pochard 
850;30,85365854;0;1994;Kolbenente;Nette rousse;Fistione turco;Red-crested Pochard 
850;46,95121951;0;1995;Kolbenente;Nette rousse;Fistione turco;Red-crested Pochard 
850;38,90243902;0;1996;Kolbenente;Nette rousse;Fistione turco;Red-crested Pochard 
850;44,26829268;0;1997;Kolbenente;Nette rousse;Fistione turco;Red-crested Pochard 
850;70,42682927;0;1998;Kolbenente;Nette rousse;Fistione turco;Red-crested Pochard 
850;48,96341463;0;1999;Kolbenente;Nette rousse;Fistione turco;Red-crested Pochard 
850;44,93902439;0;2000;Kolbenente;Nette rousse;Fistione turco;Red-crested Pochard 
850;53,65853659;0;2001;Kolbenente;Nette rousse;Fistione turco;Red-crested Pochard 
850;75,12195122;0;2002;Kolbenente;Nette rousse;Fistione turco;Red-crested Pochard 
850;77,13414634;0;2003;Kolbenente;Nette rousse;Fistione turco;Red-crested Pochard 
850;81,82926829;0;2004;Kolbenente;Nette rousse;Fistione turco;Red-crested Pochard 
850;103,2926829;0;2005;Kolbenente;Nette rousse;Fistione turco;Red-crested Pochard 
850;115,3658537;0;2006;Kolbenente;Nette rousse;Fistione turco;Red-crested Pochard 
850;105,9756098;0;2007;Kolbenente;Nette rousse;Fistione turco;Red-crested Pochard 
850;117,3780488;0;2008;Kolbenente;Nette rousse;Fistione turco;Red-crested Pochard 
850;129,4512195;0;2009;Kolbenente;Nette rousse;Fistione turco;Red-crested Pochard 
850;141,5243902;0;2010;Kolbenente;Nette rousse;Fistione turco;Red-crested Pochard 
850;148,902439;0;2011;Kolbenente;Nette rousse;Fistione turco;Red-crested Pochard 
850;101,9512195;0;2012;Kolbenente;Nette rousse;Fistione turco;Red-crested Pochard 
850;161,6463415;0;2013;Kolbenente;Nette rousse;Fistione turco;Red-crested Pochard 
850;166,3414634;0;2014;Kolbenente;Nette rousse;Fistione turco;Red-crested Pochard 
850;142,195122;0;2015;Kolbenente;Nette rousse;Fistione turco;Red-crested Pochard 
850;199,8780488;0;2016;Kolbenente;Nette rousse;Fistione turco;Red-crested Pochard 
850;199,8780488;0;2017;Kolbenente;Nette rousse;Fistione turco;Red-crested Pochard 
850;201,8902439;0;2018;Kolbenente;Nette rousse;Fistione turco;Red-crested Pochard 
850;157,6219512;0;2019;Kolbenente;Nette rousse;Fistione turco;Red-crested Pochard 
850;165;0;2020;Kolbenente;Nette rousse;Fistione turco;Red-crested Pochard 
850;79,14634146;0;2021;Kolbenente;Nette rousse;Fistione turco;Red-crested Pochard 
850;173,7195122;0;2022;Kolbenente;Nette rousse;Fistione turco;Red-crested Pochard 
860;106,8825911;0;1990;Tafelente;Fuligule milouin;Moriglione;Common Pochard
860;80,16194332;0;1991;Tafelente;Fuligule milouin;Moriglione;Common Pochard
860;106,8825911;0;1992;Tafelente;Fuligule milouin;Moriglione;Common Pochard
860;53,44129555;0;1993;Tafelente;Fuligule milouin;Moriglione;Common Pochard
860;66,80161943;0;1994;Tafelente;Fuligule milouin;Moriglione;Common Pochard
860;106,8825911;0;1995;Tafelente;Fuligule milouin;Moriglione;Common Pochard
860;133,6032389;0;1996;Tafelente;Fuligule milouin;Moriglione;Common Pochard
860;133,6032389;0;1997;Tafelente;Fuligule milouin;Moriglione;Common Pochard
860;133,6032389;0;1998;Tafelente;Fuligule milouin;Moriglione;Common Pochard
860;0;0;1999;Tafelente;Fuligule milouin;Moriglione;Common Pochard
860;26,72064777;0;2000;Tafelente;Fuligule milouin;Moriglione;Common Pochard
860;0;0;2001;Tafelente;Fuligule milouin;Moriglione;Common Pochard
860;40,08097166;0;2002;Tafelente;Fuligule milouin;Moriglione;Common Pochard
860;146,9635628;0;2003;Tafelente;Fuligule milouin;Moriglione;Common Pochard
860;93,52226721;0;2004;Tafelente;Fuligule milouin;Moriglione;Common Pochard
860;53,44129555;0;2005;Tafelente;Fuligule milouin;Moriglione;Common Pochard
860;26,72064777;0;2006;Tafelente;Fuligule milouin;Moriglione;Common Pochard
860;66,80161943;0;2007;Tafelente;Fuligule milouin;Moriglione;Common Pochard
860;133,6032389;0;2008;Tafelente;Fuligule milouin;Moriglione;Common Pochard
860;120,242915;0;2009;Tafelente;Fuligule milouin;Moriglione;Common Pochard
860;80,16194332;0;2010;Tafelente;Fuligule milouin;Moriglione;Common Pochard
860;120,242915;0;2011;Tafelente;Fuligule milouin;Moriglione;Common Pochard
860;120,242915;0;2012;Tafelente;Fuligule milouin;Moriglione;Common Pochard
860;120,242915;0;2013;Tafelente;Fuligule milouin;Moriglione;Common Pochard
860;80,16194332;0;2014;Tafelente;Fuligule milouin;Moriglione;Common Pochard
860;120,242915;0;2015;Tafelente;Fuligule milouin;Moriglione;Common Pochard
860;80,16194332;0;2016;Tafelente;Fuligule milouin;Moriglione;Common Pochard
860;267,2064777;0;2017;Tafelente;Fuligule milouin;Moriglione;Common Pochard
860;200,4048583;0;2018;Tafelente;Fuligule milouin;Moriglione;Common Pochard
860;160,3238866;0;2019;Tafelente;Fuligule milouin;Moriglione;Common Pochard
860;146,9635628;0;2020;Tafelente;Fuligule milouin;Moriglione;Common Pochard
860;80,16194332;0;2021;Tafelente;Fuligule milouin;Moriglione;Common Pochard
860;93,52226721;0;2022;Tafelente;Fuligule milouin;Moriglione;Common Pochard
870;55,18996546;0;1990;Reiherente;Fuligule morillon ;Moretta ;Tufted Duck 
870;73,18669333;0;1991;Reiherente;Fuligule morillon ;Moretta ;Tufted Duck 
870;85,18451191;0;1992;Reiherente;Fuligule morillon ;Moretta ;Tufted Duck 
870;58,78931103;0;1993;Reiherente;Fuligule morillon ;Moretta ;Tufted Duck 
870;85,18451191;0;1994;Reiherente;Fuligule morillon ;Moretta ;Tufted Duck 
870;74,98636612;0;1995;Reiherente;Fuligule morillon ;Moretta ;Tufted Duck 
870;86,98418469;0;1996;Reiherente;Fuligule morillon ;Moretta ;Tufted Duck 
870;71,98691147;0;1997;Reiherente;Fuligule morillon ;Moretta ;Tufted Duck 
870;117,5786221;0;1998;Reiherente;Fuligule morillon ;Moretta ;Tufted Duck 
870;104,9809126;0;1999;Reiherente;Fuligule morillon ;Moretta ;Tufted Duck 
870;70,78712961;0;2000;Reiherente;Fuligule morillon ;Moretta ;Tufted Duck 
870;97,78222141;0;2001;Reiherente;Fuligule morillon ;Moretta ;Tufted Duck 
870;109,78004;0;2002;Reiherente;Fuligule morillon ;Moretta ;Tufted Duck 
870;128,3766588;0;2003;Reiherente;Fuligule morillon ;Moretta ;Tufted Duck 
870;101,381567;0;2004;Reiherente;Fuligule morillon ;Moretta ;Tufted Duck 
870;105,5808035;0;2005;Reiherente;Fuligule morillon ;Moretta ;Tufted Duck 
870;122,3777495;0;2006;Reiherente;Fuligule morillon ;Moretta ;Tufted Duck 
870;73,78658426;0;2007;Reiherente;Fuligule morillon ;Moretta ;Tufted Duck 
870;91,78331213;0;2008;Reiherente;Fuligule morillon ;Moretta ;Tufted Duck 
870;116,9787311;0;2009;Reiherente;Fuligule morillon ;Moretta ;Tufted Duck 
870;122,9776404;0;2010;Reiherente;Fuligule morillon ;Moretta ;Tufted Duck 
870;126,576986;0;2011;Reiherente;Fuligule morillon ;Moretta ;Tufted Duck 
870;131,3761134;0;2012;Reiherente;Fuligule morillon ;Moretta ;Tufted Duck 
870;166,1697873;0;2013;Reiherente;Fuligule morillon ;Moretta ;Tufted Duck 
870;100,1817851;0;2014;Reiherente;Fuligule morillon ;Moretta ;Tufted Duck 
870;100,7816761;0;2015;Reiherente;Fuligule morillon ;Moretta ;Tufted Duck 
870;98,38211234;0;2016;Reiherente;Fuligule morillon ;Moretta ;Tufted Duck 
870;122,9776404;0;2017;Reiherente;Fuligule morillon ;Moretta ;Tufted Duck 
870;125,9770951;0;2018;Reiherente;Fuligule morillon ;Moretta ;Tufted Duck 
870;99,5818942;0;2019;Reiherente;Fuligule morillon ;Moretta ;Tufted Duck 
870;119,3782949;0;2020;Reiherente;Fuligule morillon ;Moretta ;Tufted Duck 
870;67,18778404;0;2021;Reiherente;Fuligule morillon ;Moretta ;Tufted Duck 
870;85,78440284;0;2022;Reiherente;Fuligule morillon ;Moretta ;Tufted Duck 
950;0;0;1990;Eiderente;Eider à duvet ;Edredone;Common Eider
950;0;0;1991;Eiderente;Eider à duvet ;Edredone;Common Eider
950;129,4117647;0;1992;Eiderente;Eider à duvet ;Edredone;Common Eider
950;64,70588235;0;1993;Eiderente;Eider à duvet ;Edredone;Common Eider
950;194,1176471;0;1994;Eiderente;Eider à duvet ;Edredone;Common Eider
950;64,70588235;0;1995;Eiderente;Eider à duvet ;Edredone;Common Eider
950;258,8235294;0;1996;Eiderente;Eider à duvet ;Edredone;Common Eider
950;129,4117647;0;1997;Eiderente;Eider à duvet ;Edredone;Common Eider
950;0;0;1998;Eiderente;Eider à duvet ;Edredone;Common Eider
950;64,70588235;0;1999;Eiderente;Eider à duvet ;Edredone;Common Eider
950;0;0;2000;Eiderente;Eider à duvet ;Edredone;Common Eider
950;64,70588235;0;2001;Eiderente;Eider à duvet ;Edredone;Common Eider
950;64,70588235;0;2002;Eiderente;Eider à duvet ;Edredone;Common Eider
950;64,70588235;0;2003;Eiderente;Eider à duvet ;Edredone;Common Eider
950;0;0;2004;Eiderente;Eider à duvet ;Edredone;Common Eider
950;64,70588235;0;2005;Eiderente;Eider à duvet ;Edredone;Common Eider
950;129,4117647;0;2006;Eiderente;Eider à duvet ;Edredone;Common Eider
950;129,4117647;0;2007;Eiderente;Eider à duvet ;Edredone;Common Eider
950;64,70588235;0;2008;Eiderente;Eider à duvet ;Edredone;Common Eider
950;64,70588235;0;2009;Eiderente;Eider à duvet ;Edredone;Common Eider
950;194,1176471;0;2010;Eiderente;Eider à duvet ;Edredone;Common Eider
950;129,4117647;0;2011;Eiderente;Eider à duvet ;Edredone;Common Eider
950;64,70588235;0;2012;Eiderente;Eider à duvet ;Edredone;Common Eider
950;129,4117647;0;2013;Eiderente;Eider à duvet ;Edredone;Common Eider
950;323,5294118;0;2014;Eiderente;Eider à duvet ;Edredone;Common Eider
950;258,8235294;0;2015;Eiderente;Eider à duvet ;Edredone;Common Eider
950;64,70588235;0;2016;Eiderente;Eider à duvet ;Edredone;Common Eider
950;0;0;2017;Eiderente;Eider à duvet ;Edredone;Common Eider
950;64,70588235;0;2018;Eiderente;Eider à duvet ;Edredone;Common Eider
950;0;0;2019;Eiderente;Eider à duvet ;Edredone;Common Eider
950;194,1176471;0;2020;Eiderente;Eider à duvet ;Edredone;Common Eider
950;194,1176471;0;2021;Eiderente;Eider à duvet ;Edredone;Common Eider
950;129,4117647;0;2022;Eiderente;Eider à duvet ;Edredone;Common Eider
1050;68,61592114;5,938352289;1990;Gänsesäger;Harle bièvre;Smergo maggiore ;Common Merganser
1050;61,54595373;4,727048014;1991;Gänsesäger;Harle bièvre;Smergo maggiore ;Common Merganser
1050;60,46932071;4,9261148;1992;Gänsesäger;Harle bièvre;Smergo maggiore ;Common Merganser
1050;62,18842217;4,953790263;1993;Gänsesäger;Harle bièvre;Smergo maggiore ;Common Merganser
1050;72,83714481;4,944713595;1994;Gänsesäger;Harle bièvre;Smergo maggiore ;Common Merganser
1050;77,72955126;4,888016506;1995;Gänsesäger;Harle bièvre;Smergo maggiore ;Common Merganser
1050;81,41740803;3,919381812;1996;Gänsesäger;Harle bièvre;Smergo maggiore ;Common Merganser
1050;78,06673848;3,644466499;1997;Gänsesäger;Harle bièvre;Smergo maggiore ;Common Merganser
1050;79,01067087;3,779675652;1998;Gänsesäger;Harle bièvre;Smergo maggiore ;Common Merganser
1050;84,33180433;4,100829124;1999;Gänsesäger;Harle bièvre;Smergo maggiore ;Common Merganser
1050;79,07025164;3,819833899;2000;Gänsesäger;Harle bièvre;Smergo maggiore ;Common Merganser
1050;76,63268857;3,773559457;2001;Gänsesäger;Harle bièvre;Smergo maggiore ;Common Merganser
1050;78,83157579;3,441910261;2002;Gänsesäger;Harle bièvre;Smergo maggiore ;Common Merganser
1050;79,37042637;3,394577719;2003;Gänsesäger;Harle bièvre;Smergo maggiore ;Common Merganser
1050;79,9130224;3,527528635;2004;Gänsesäger;Harle bièvre;Smergo maggiore ;Common Merganser
1050;91,49035421;3,155579359;2005;Gänsesäger;Harle bièvre;Smergo maggiore ;Common Merganser
1050;94,79934492;3,047944791;2006;Gänsesäger;Harle bièvre;Smergo maggiore ;Common Merganser
1050;101,0827094;3,406060546;2007;Gänsesäger;Harle bièvre;Smergo maggiore ;Common Merganser
1050;108,2214306;2,603494044;2008;Gänsesäger;Harle bièvre;Smergo maggiore ;Common Merganser
1050;110,4940533;2,888624057;2009;Gänsesäger;Harle bièvre;Smergo maggiore ;Common Merganser
1050;117,4647354;2,963666819;2010;Gänsesäger;Harle bièvre;Smergo maggiore ;Common Merganser
1050;108,6620108;2,523694425;2011;Gänsesäger;Harle bièvre;Smergo maggiore ;Common Merganser
1050;114,1252713;2,50059836;2012;Gänsesäger;Harle bièvre;Smergo maggiore ;Common Merganser
1050;123,5874908;2,617100349;2013;Gänsesäger;Harle bièvre;Smergo maggiore ;Common Merganser
1050;124,0433834;2,383528998;2014;Gänsesäger;Harle bièvre;Smergo maggiore ;Common Merganser
1050;133,9604151;2,446521863;2015;Gänsesäger;Harle bièvre;Smergo maggiore ;Common Merganser
1050;134,419836;2,429215551;2016;Gänsesäger;Harle bièvre;Smergo maggiore ;Common Merganser
1050;127,6569265;2,604192993;2017;Gänsesäger;Harle bièvre;Smergo maggiore ;Common Merganser
1050;137,3302703;2,672338873;2018;Gänsesäger;Harle bièvre;Smergo maggiore ;Common Merganser
1050;140,7964453;2,563631121;2019;Gänsesäger;Harle bièvre;Smergo maggiore ;Common Merganser
1050;137,523132;2,887082006;2020;Gänsesäger;Harle bièvre;Smergo maggiore ;Common Merganser
1050;137,4343911;3,080794241;2021;Gänsesäger;Harle bièvre;Smergo maggiore ;Common Merganser
1050;136,8768992;3,774149215;2022;Gänsesäger;Harle bièvre;Smergo maggiore ;Common Merganser
1610;86,54489856;7,670077185;1990;Wachtel;Caille des blés ;Quaglia;Common Quail
1610;76,8280243;13,19492349;1991;Wachtel;Caille des blés ;Quaglia;Common Quail
1610;119,7843412;6,863833807;1992;Wachtel;Caille des blés ;Quaglia;Common Quail
1610;107,9096585;6,766855438;1993;Wachtel;Caille des blés ;Quaglia;Common Quail
1610;101,2722179;6,819884891;1994;Wachtel;Caille des blés ;Quaglia;Common Quail
1610;112,9184695;6,845723676;1995;Wachtel;Caille des blés ;Quaglia;Common Quail
1610;93,77763386;7,316710321;1996;Wachtel;Caille des blés ;Quaglia;Common Quail
1610;134,7535442;5,163509371;1997;Wachtel;Caille des blés ;Quaglia;Common Quail
1610;96,58568014;5,854795745;1998;Wachtel;Caille des blés ;Quaglia;Common Quail
1610;113,4364428;4,957699359;1999;Wachtel;Caille des blés ;Quaglia;Common Quail
1610;94,6366742;5,290969843;2000;Wachtel;Caille des blés ;Quaglia;Common Quail
1610;83,02919101;5,617802341;2001;Wachtel;Caille des blés ;Quaglia;Common Quail
1610;76,8174462;6,670117422;2002;Wachtel;Caille des blés ;Quaglia;Common Quail
1610;98,6550823;5,599403064;2003;Wachtel;Caille des blés ;Quaglia;Common Quail
1610;90,60847654;5,019601676;2004;Wachtel;Caille des blés ;Quaglia;Common Quail
1610;150,1153509;4,072684779;2005;Wachtel;Caille des blés ;Quaglia;Common Quail
1610;100,6683524;4,710119691;2006;Wachtel;Caille des blés ;Quaglia;Common Quail
1610;99,64929981;5,805847358;2007;Wachtel;Caille des blés ;Quaglia;Common Quail
1610;107,2006111;4,872810475;2008;Wachtel;Caille des blés ;Quaglia;Common Quail
1610;96,93704575;3,816416593;2009;Wachtel;Caille des blés ;Quaglia;Common Quail
1610;120,4061166;4,519111597;2010;Wachtel;Caille des blés ;Quaglia;Common Quail
1610;131,4943937;3,634514173;2011;Wachtel;Caille des blés ;Quaglia;Common Quail
1610;108,6060641;4,513085033;2012;Wachtel;Caille des blés ;Quaglia;Common Quail
1610;76,29443653;4,651207629;2013;Wachtel;Caille des blés ;Quaglia;Common Quail
1610;87,97251675;3,987079567;2014;Wachtel;Caille des blés ;Quaglia;Common Quail
1610;83,78293527;4,049659413;2015;Wachtel;Caille des blés ;Quaglia;Common Quail
1610;85,86435032;6,36991708;2016;Wachtel;Caille des blés ;Quaglia;Common Quail
1610;87,33754629;3,454790979;2017;Wachtel;Caille des blés ;Quaglia;Common Quail
1610;64,9353849;5,247100717;2018;Wachtel;Caille des blés ;Quaglia;Common Quail
1610;110,2883279;3,936230781;2019;Wachtel;Caille des blés ;Quaglia;Common Quail
1610;104,3708126;3,508116334;2020;Wachtel;Caille des blés ;Quaglia;Common Quail
1610;95,15827924;4,419510693;2021;Wachtel;Caille des blés ;Quaglia;Common Quail
1610;101,3603946;5,167150384;2022;Wachtel;Caille des blés ;Quaglia;Common Quail
1560;110,8843883;26,79368322;1990;Steinhuhn;Perdrix bartavelle;Coturnice ;Rock Partridge
1560;128,4316993;29,31425516;1991;Steinhuhn;Perdrix bartavelle;Coturnice ;Rock Partridge
1560;160,8079799;30,88471891;1992;Steinhuhn;Perdrix bartavelle;Coturnice ;Rock Partridge
1560;190,0919362;36,2969329;1993;Steinhuhn;Perdrix bartavelle;Coturnice ;Rock Partridge
1560;164,2149687;31,51028237;1994;Steinhuhn;Perdrix bartavelle;Coturnice ;Rock Partridge
1560;146,0891063;28,55126726;1995;Steinhuhn;Perdrix bartavelle;Coturnice ;Rock Partridge
1560;124,9194631;21,09057342;1996;Steinhuhn;Perdrix bartavelle;Coturnice ;Rock Partridge
1560;99,64165742;18,50943107;1997;Steinhuhn;Perdrix bartavelle;Coturnice ;Rock Partridge
1560;88,12414289;16,49803253;1998;Steinhuhn;Perdrix bartavelle;Coturnice ;Rock Partridge
1560;58,76932964;10,93093861;1999;Steinhuhn;Perdrix bartavelle;Coturnice ;Rock Partridge
1560;59,12214101;9,599959443;2000;Steinhuhn;Perdrix bartavelle;Coturnice ;Rock Partridge
1560;41,12153794;8,419919558;2001;Steinhuhn;Perdrix bartavelle;Coturnice ;Rock Partridge
1560;41,56301703;7,102499816;2002;Steinhuhn;Perdrix bartavelle;Coturnice ;Rock Partridge
1560;40,51204611;7,433014427;2003;Steinhuhn;Perdrix bartavelle;Coturnice ;Rock Partridge
1560;54,01504148;8,650148817;2004;Steinhuhn;Perdrix bartavelle;Coturnice ;Rock Partridge
1560;80,9778166;12,53990968;2005;Steinhuhn;Perdrix bartavelle;Coturnice ;Rock Partridge
1560;121,9340114;17,69156788;2006;Steinhuhn;Perdrix bartavelle;Coturnice ;Rock Partridge
1560;92,44977801;14,5849055;2007;Steinhuhn;Perdrix bartavelle;Coturnice ;Rock Partridge
1560;90,5132198;11,71668426;2008;Steinhuhn;Perdrix bartavelle;Coturnice ;Rock Partridge
1560;58,03069863;9,915511249;2009;Steinhuhn;Perdrix bartavelle;Coturnice ;Rock Partridge
1560;44,06933395;7,816862584;2010;Steinhuhn;Perdrix bartavelle;Coturnice ;Rock Partridge
1560;38,81915342;6,476218435;2011;Steinhuhn;Perdrix bartavelle;Coturnice ;Rock Partridge
1560;41,16043087;6,235571183;2012;Steinhuhn;Perdrix bartavelle;Coturnice ;Rock Partridge
1560;68,11084197;9,458737335;2013;Steinhuhn;Perdrix bartavelle;Coturnice ;Rock Partridge
1560;72,91705459;10,89573447;2014;Steinhuhn;Perdrix bartavelle;Coturnice ;Rock Partridge
1560;84,02188063;13,17408119;2015;Steinhuhn;Perdrix bartavelle;Coturnice ;Rock Partridge
1560;107,3784577;15,28241389;2016;Steinhuhn;Perdrix bartavelle;Coturnice ;Rock Partridge
1560;107,4221141;16,31997347;2017;Steinhuhn;Perdrix bartavelle;Coturnice ;Rock Partridge
1560;115,9289352;17,55459962;2018;Steinhuhn;Perdrix bartavelle;Coturnice ;Rock Partridge
1560;160,0452395;27,63391259;2019;Steinhuhn;Perdrix bartavelle;Coturnice ;Rock Partridge
1560;175,3642196;23,00010827;2020;Steinhuhn;Perdrix bartavelle;Coturnice ;Rock Partridge
1560;193,5547779;31,30080873;2021;Steinhuhn;Perdrix bartavelle;Coturnice ;Rock Partridge
1560;138,9935808;24,36031761;2022;Steinhuhn;Perdrix bartavelle;Coturnice ;Rock Partridge
1550;105,9484249;14,94760554;1990;Haselhuhn;Gélinotte des bois;Francolino di monte ;Hazel Grouse
1550;111,5297749;10,26480602;1991;Haselhuhn;Gélinotte des bois;Francolino di monte ;Hazel Grouse
1550;118,3879968;9,244620625;1992;Haselhuhn;Gélinotte des bois;Francolino di monte ;Hazel Grouse
1550;126,7517332;7,923462337;1993;Haselhuhn;Gélinotte des bois;Francolino di monte ;Hazel Grouse
1550;128,6010565;8,49211504;1994;Haselhuhn;Gélinotte des bois;Francolino di monte ;Hazel Grouse
1550;128,0932173;8,92984719;1995;Haselhuhn;Gélinotte des bois;Francolino di monte ;Hazel Grouse
1550;126,0856058;8,460107501;1996;Haselhuhn;Gélinotte des bois;Francolino di monte ;Hazel Grouse
1550;115,6284691;8,6802258;1997;Haselhuhn;Gélinotte des bois;Francolino di monte ;Hazel Grouse
1550;99,7919491;8,249758175;1998;Haselhuhn;Gélinotte des bois;Francolino di monte ;Hazel Grouse
1550;85,88277118;8,769558839;1999;Haselhuhn;Gélinotte des bois;Francolino di monte ;Hazel Grouse
1550;89,28693996;7,041287051;2000;Haselhuhn;Gélinotte des bois;Francolino di monte ;Hazel Grouse
1550;89,62989983;6,705363677;2001;Haselhuhn;Gélinotte des bois;Francolino di monte ;Hazel Grouse
1550;78,75654249;7,932454137;2002;Haselhuhn;Gélinotte des bois;Francolino di monte ;Hazel Grouse
1550;75,1677844;7,709383341;2003;Haselhuhn;Gélinotte des bois;Francolino di monte ;Hazel Grouse
1550;81,71861443;6,267025311;2004;Haselhuhn;Gélinotte des bois;Francolino di monte ;Hazel Grouse
1550;86,40675621;6,303198644;2005;Haselhuhn;Gélinotte des bois;Francolino di monte ;Hazel Grouse
1550;81,60754391;6,71910348;2006;Haselhuhn;Gélinotte des bois;Francolino di monte ;Hazel Grouse
1550;80,59320902;6,510695884;2007;Haselhuhn;Gélinotte des bois;Francolino di monte ;Hazel Grouse
1550;90,16464569;6,165991297;2008;Haselhuhn;Gélinotte des bois;Francolino di monte ;Hazel Grouse
1550;89,09228741;6,88226323;2009;Haselhuhn;Gélinotte des bois;Francolino di monte ;Hazel Grouse
1550;98,16825312;5,662675615;2010;Haselhuhn;Gélinotte des bois;Francolino di monte ;Hazel Grouse
1550;94,0905057;5,476819031;2011;Haselhuhn;Gélinotte des bois;Francolino di monte ;Hazel Grouse
1550;87,30676692;6,649204431;2012;Haselhuhn;Gélinotte des bois;Francolino di monte ;Hazel Grouse
1550;106,3992685;4,917147279;2013;Haselhuhn;Gélinotte des bois;Francolino di monte ;Hazel Grouse
1550;96,30998898;5,595547686;2014;Haselhuhn;Gélinotte des bois;Francolino di monte ;Hazel Grouse
1550;108,6728912;5,07768296;2015;Haselhuhn;Gélinotte des bois;Francolino di monte ;Hazel Grouse
1550;108,3164107;4,821218149;2016;Haselhuhn;Gélinotte des bois;Francolino di monte ;Hazel Grouse
1550;104,0944378;5,324686475;2017;Haselhuhn;Gélinotte des bois;Francolino di monte ;Hazel Grouse
1550;102,3689395;5,245041341;2018;Haselhuhn;Gélinotte des bois;Francolino di monte ;Hazel Grouse
1550;112,4740295;5,918277551;2019;Haselhuhn;Gélinotte des bois;Francolino di monte ;Hazel Grouse
1550;99,64372306;4,763275439;2020;Haselhuhn;Gélinotte des bois;Francolino di monte ;Hazel Grouse
1550;97,07414779;5,410669651;2021;Haselhuhn;Gélinotte des bois;Francolino di monte ;Hazel Grouse
1550;95,95541531;6,097566411;2022;Haselhuhn;Gélinotte des bois;Francolino di monte ;Hazel Grouse
1540;136,8690925;10,15214546;1995;Alpenschneehuhn;Lagopède alpin;Pernice bianca;Rock Ptarmigan
1540;138,6486589;9,511348982;1996;Alpenschneehuhn;Lagopède alpin;Pernice bianca;Rock Ptarmigan
1540;130,7050709;9,371340824;1997;Alpenschneehuhn;Lagopède alpin;Pernice bianca;Rock Ptarmigan
1540;108,0166596;8,393257001;1998;Alpenschneehuhn;Lagopède alpin;Pernice bianca;Rock Ptarmigan
1540;110,6392638;8,426780891;1999;Alpenschneehuhn;Lagopède alpin;Pernice bianca;Rock Ptarmigan
1540;113,888027;7,744701758;2000;Alpenschneehuhn;Lagopède alpin;Pernice bianca;Rock Ptarmigan
1540;101,2535541;6,855421665;2001;Alpenschneehuhn;Lagopède alpin;Pernice bianca;Rock Ptarmigan
1540;81,31234539;6,360934106;2002;Alpenschneehuhn;Lagopède alpin;Pernice bianca;Rock Ptarmigan
1540;92,13327566;6,419107701;2003;Alpenschneehuhn;Lagopède alpin;Pernice bianca;Rock Ptarmigan
1540;103,4974234;6,704062135;2004;Alpenschneehuhn;Lagopède alpin;Pernice bianca;Rock Ptarmigan
1540;107,3689639;7,244206083;2005;Alpenschneehuhn;Lagopède alpin;Pernice bianca;Rock Ptarmigan
1540;98,51534173;7,129740299;2006;Alpenschneehuhn;Lagopède alpin;Pernice bianca;Rock Ptarmigan
1540;82,18145756;6,431957561;2007;Alpenschneehuhn;Lagopède alpin;Pernice bianca;Rock Ptarmigan
1540;81,27416667;6,060993284;2008;Alpenschneehuhn;Lagopède alpin;Pernice bianca;Rock Ptarmigan
1540;89,08966575;6,216105694;2009;Alpenschneehuhn;Lagopède alpin;Pernice bianca;Rock Ptarmigan
1540;84,32486615;6,490154361;2010;Alpenschneehuhn;Lagopède alpin;Pernice bianca;Rock Ptarmigan
1540;96,97229669;6,473002113;2011;Alpenschneehuhn;Lagopède alpin;Pernice bianca;Rock Ptarmigan
1540;90,03568939;6,096476201;2012;Alpenschneehuhn;Lagopède alpin;Pernice bianca;Rock Ptarmigan
1540;85,06085616;6,728633673;2013;Alpenschneehuhn;Lagopède alpin;Pernice bianca;Rock Ptarmigan
1540;97,30139599;6,488348944;2014;Alpenschneehuhn;Lagopède alpin;Pernice bianca;Rock Ptarmigan
1540;101,732895;6,6719482;2015;Alpenschneehuhn;Lagopède alpin;Pernice bianca;Rock Ptarmigan
1540;104,2930448;6,979034597;2016;Alpenschneehuhn;Lagopède alpin;Pernice bianca;Rock Ptarmigan
1540;93,37489855;6,369030269;2017;Alpenschneehuhn;Lagopède alpin;Pernice bianca;Rock Ptarmigan
1540;103,1295812;6,593569778;2018;Alpenschneehuhn;Lagopède alpin;Pernice bianca;Rock Ptarmigan
1540;92,81327807;6,652096568;2019;Alpenschneehuhn;Lagopède alpin;Pernice bianca;Rock Ptarmigan
1540;92,3257174;6,674559754;2020;Alpenschneehuhn;Lagopède alpin;Pernice bianca;Rock Ptarmigan
1540;88,98565016;6,544555065;2021;Alpenschneehuhn;Lagopède alpin;Pernice bianca;Rock Ptarmigan
1540;94,25686363;6,770364885;2022;Alpenschneehuhn;Lagopède alpin;Pernice bianca;Rock Ptarmigan
1510;113,1400367;8,304915039;1990;Birkhuhn;Tétras lyre ;Fagiano di monte;Black Grouse
1510;118,8191479;5,752067539;1991;Birkhuhn;Tétras lyre ;Fagiano di monte;Black Grouse
1510;113,1862837;5,565566729;1992;Birkhuhn;Tétras lyre ;Fagiano di monte;Black Grouse
1510;102,1260165;5,344932325;1993;Birkhuhn;Tétras lyre ;Fagiano di monte;Black Grouse
1510;84,17504478;4,473491324;1994;Birkhuhn;Tétras lyre ;Fagiano di monte;Black Grouse
1510;102,6985227;4,379145982;1995;Birkhuhn;Tétras lyre ;Fagiano di monte;Black Grouse
1510;94,45935647;4,165538498;1996;Birkhuhn;Tétras lyre ;Fagiano di monte;Black Grouse
1510;83,62587502;3,748869174;1997;Birkhuhn;Tétras lyre ;Fagiano di monte;Black Grouse
1510;72,36218554;3,376479743;1998;Birkhuhn;Tétras lyre ;Fagiano di monte;Black Grouse
1510;79,98754937;3,621060203;1999;Birkhuhn;Tétras lyre ;Fagiano di monte;Black Grouse
1510;81,72655316;3,600048459;2000;Birkhuhn;Tétras lyre ;Fagiano di monte;Black Grouse
1510;83,22717076;3,607038306;2001;Birkhuhn;Tétras lyre ;Fagiano di monte;Black Grouse
1510;88,1313662;3,7348583;2002;Birkhuhn;Tétras lyre ;Fagiano di monte;Black Grouse
1510;90,64136096;3,791746738;2003;Birkhuhn;Tétras lyre ;Fagiano di monte;Black Grouse
1510;102,0742626;3,868787851;2004;Birkhuhn;Tétras lyre ;Fagiano di monte;Black Grouse
1510;105,2405245;3,88991924;2005;Birkhuhn;Tétras lyre ;Fagiano di monte;Black Grouse
1510;102,8460224;3,840270777;2006;Birkhuhn;Tétras lyre ;Fagiano di monte;Black Grouse
1510;104,4934668;3,879410716;2007;Birkhuhn;Tétras lyre ;Fagiano di monte;Black Grouse
1510;101,6207873;3,79663984;2008;Birkhuhn;Tétras lyre ;Fagiano di monte;Black Grouse
1510;90,91957154;3,581423932;2009;Birkhuhn;Tétras lyre ;Fagiano di monte;Black Grouse
1510;95,2207806;3,730938014;2010;Birkhuhn;Tétras lyre ;Fagiano di monte;Black Grouse
1510;103,9204478;3,827063175;2011;Birkhuhn;Tétras lyre ;Fagiano di monte;Black Grouse
1510;106,1982262;3,858943523;2012;Birkhuhn;Tétras lyre ;Fagiano di monte;Black Grouse
1510;99,76246949;3,993150959;2013;Birkhuhn;Tétras lyre ;Fagiano di monte;Black Grouse
1510;109,368796;3,873838382;2014;Birkhuhn;Tétras lyre ;Fagiano di monte;Black Grouse
1510;107,0750488;3,84695738;2015;Birkhuhn;Tétras lyre ;Fagiano di monte;Black Grouse
1510;108,9102793;3,923831157;2016;Birkhuhn;Tétras lyre ;Fagiano di monte;Black Grouse
1510;106,0243593;3,839663865;2017;Birkhuhn;Tétras lyre ;Fagiano di monte;Black Grouse
1510;102,4812904;3,67666087;2018;Birkhuhn;Tétras lyre ;Fagiano di monte;Black Grouse
1510;106,4338876;3,872617654;2019;Birkhuhn;Tétras lyre ;Fagiano di monte;Black Grouse
1510;114,9982839;4,098622316;2020;Birkhuhn;Tétras lyre ;Fagiano di monte;Black Grouse
1510;115,6078663;3,98906262;2021;Birkhuhn;Tétras lyre ;Fagiano di monte;Black Grouse
1510;108,4971593;3,912036496;2022;Birkhuhn;Tétras lyre ;Fagiano di monte;Black Grouse
1500;126,7210512;14,9106961;1990;Auerhuhn;Grand Tétras;Gallo cedrone ;Western Capercaillie
1500;130,3346964;11,69921323;1991;Auerhuhn;Grand Tétras;Gallo cedrone ;Western Capercaillie
1500;132,9402202;10,21850835;1992;Auerhuhn;Grand Tétras;Gallo cedrone ;Western Capercaillie
1500;132,4143058;10,374166;1993;Auerhuhn;Grand Tétras;Gallo cedrone ;Western Capercaillie
1500;129,0029893;11,00877558;1994;Auerhuhn;Grand Tétras;Gallo cedrone ;Western Capercaillie
1500;128,5319189;9,818717418;1995;Auerhuhn;Grand Tétras;Gallo cedrone ;Western Capercaillie
1500;133,2017267;8,874855906;1996;Auerhuhn;Grand Tétras;Gallo cedrone ;Western Capercaillie
1500;125,936024;9,821726431;1997;Auerhuhn;Grand Tétras;Gallo cedrone ;Western Capercaillie
1500;118,3455313;10,03516304;1998;Auerhuhn;Grand Tétras;Gallo cedrone ;Western Capercaillie
1500;110,4625436;9,588776153;1999;Auerhuhn;Grand Tétras;Gallo cedrone ;Western Capercaillie
1500;100,829267;10,34378484;2000;Auerhuhn;Grand Tétras;Gallo cedrone ;Western Capercaillie
1500;96,43944208;9,656187929;2001;Auerhuhn;Grand Tétras;Gallo cedrone ;Western Capercaillie
1500;92,63427161;9,22302995;2002;Auerhuhn;Grand Tétras;Gallo cedrone ;Western Capercaillie
1500;85,2338441;9,69770804;2003;Auerhuhn;Grand Tétras;Gallo cedrone ;Western Capercaillie
1500;86,39376091;9,35672702;2004;Auerhuhn;Grand Tétras;Gallo cedrone ;Western Capercaillie
1500;70,82422425;10,95409072;2005;Auerhuhn;Grand Tétras;Gallo cedrone ;Western Capercaillie
1500;75,5138738;10,12936417;2006;Auerhuhn;Grand Tétras;Gallo cedrone ;Western Capercaillie
1500;89,79214728;8,83759313;2007;Auerhuhn;Grand Tétras;Gallo cedrone ;Western Capercaillie
1500;91,51112963;8,664375671;2008;Auerhuhn;Grand Tétras;Gallo cedrone ;Western Capercaillie
1500;79,93294867;8,541170348;2009;Auerhuhn;Grand Tétras;Gallo cedrone ;Western Capercaillie
1500;71,71339985;9,811248786;2010;Auerhuhn;Grand Tétras;Gallo cedrone ;Western Capercaillie
1500;69,02489734;8,606061668;2011;Auerhuhn;Grand Tétras;Gallo cedrone ;Western Capercaillie
1500;81,30423862;8,749851027;2012;Auerhuhn;Grand Tétras;Gallo cedrone ;Western Capercaillie
1500;96,18011877;7,340509947;2013;Auerhuhn;Grand Tétras;Gallo cedrone ;Western Capercaillie
1500;100,7749372;7,819132961;2014;Auerhuhn;Grand Tétras;Gallo cedrone ;Western Capercaillie
1500;94,20090262;7,707510094;2015;Auerhuhn;Grand Tétras;Gallo cedrone ;Western Capercaillie
1500;106,0493008;7,678260583;2016;Auerhuhn;Grand Tétras;Gallo cedrone ;Western Capercaillie
1500;97,74241282;7,931918;2017;Auerhuhn;Grand Tétras;Gallo cedrone ;Western Capercaillie
1500;94,89692383;8,691397599;2018;Auerhuhn;Grand Tétras;Gallo cedrone ;Western Capercaillie
1500;93,96378393;8,724056217;2019;Auerhuhn;Grand Tétras;Gallo cedrone ;Western Capercaillie
1500;85,72563566;6,817323625;2020;Auerhuhn;Grand Tétras;Gallo cedrone ;Western Capercaillie
1500;92,15196048;7,641781797;2021;Auerhuhn;Grand Tétras;Gallo cedrone ;Western Capercaillie
1500;79,27557142;8,800739469;2022;Auerhuhn;Grand Tétras;Gallo cedrone ;Western Capercaillie
1600;152,8447933;41,89382517;1990;Rebhuhn;Perdrix grise ;Starna;Grey Partridge
1600;155,4711471;38,03572202;1991;Rebhuhn;Perdrix grise ;Starna;Grey Partridge
1600;138,7503776;36,53375076;1992;Rebhuhn;Perdrix grise ;Starna;Grey Partridge
1600;115,2319255;30,64241589;1993;Rebhuhn;Perdrix grise ;Starna;Grey Partridge
1600;101,6752922;29,2082114;1994;Rebhuhn;Perdrix grise ;Starna;Grey Partridge
1600;81,34024518;26,62399342;1995;Rebhuhn;Perdrix grise ;Starna;Grey Partridge
1600;54,22683012;0;1996;Rebhuhn;Perdrix grise ;Starna;Grey Partridge
1600;36,15122008;0;1997;Rebhuhn;Perdrix grise ;Starna;Grey Partridge
1600;66,27723682;0;1998;Rebhuhn;Perdrix grise ;Starna;Grey Partridge
1600;60,25203347;0;1999;Rebhuhn;Perdrix grise ;Starna;Grey Partridge
1600;66,27723682;0;2000;Rebhuhn;Perdrix grise ;Starna;Grey Partridge
1600;54,22683012;0;2001;Rebhuhn;Perdrix grise ;Starna;Grey Partridge
1600;48,20162677;0;2002;Rebhuhn;Perdrix grise ;Starna;Grey Partridge
1600;132,5544736;0;2003;Rebhuhn;Perdrix grise ;Starna;Grey Partridge
1600;204,8569138;0;2004;Rebhuhn;Perdrix grise ;Starna;Grey Partridge
1600;277,159354;0;2005;Rebhuhn;Perdrix grise ;Starna;Grey Partridge
1600;222,9325238;0;2006;Rebhuhn;Perdrix grise ;Starna;Grey Partridge
1600;90,3780502;0;2007;Rebhuhn;Perdrix grise ;Starna;Grey Partridge
1600;54,22683012;0;2008;Rebhuhn;Perdrix grise ;Starna;Grey Partridge
1600;72,30244016;0;2009;Rebhuhn;Perdrix grise ;Starna;Grey Partridge
1600;102,4284569;0;2010;Rebhuhn;Perdrix grise ;Starna;Grey Partridge
1600;222,9325238;0;2011;Rebhuhn;Perdrix grise ;Starna;Grey Partridge
1600;373,5626075;0;2012;Rebhuhn;Perdrix grise ;Starna;Grey Partridge
1600;192,8065071;0;2013;Rebhuhn;Perdrix grise ;Starna;Grey Partridge
1600;96,40325355;0;2014;Rebhuhn;Perdrix grise ;Starna;Grey Partridge
1600;42,17642343;0;2015;Rebhuhn;Perdrix grise ;Starna;Grey Partridge
1600;24,10081339;0;2016;Rebhuhn;Perdrix grise ;Starna;Grey Partridge
1600;24,10081339;0;2017;Rebhuhn;Perdrix grise ;Starna;Grey Partridge
1600;12,05040669;0;2018;Rebhuhn;Perdrix grise ;Starna;Grey Partridge
1600;0;0;2019;Rebhuhn;Perdrix grise ;Starna;Grey Partridge
1600;6,025203347;0;2020;Rebhuhn;Perdrix grise ;Starna;Grey Partridge
1600;18,07561004;0;2021;Rebhuhn;Perdrix grise ;Starna;Grey Partridge
1600;0;0;2022;Rebhuhn;Perdrix grise ;Starna;Grey Partridge
50;149,676684;19,1368268;1990;Zwergtaucher;Grèbe castagneux;Tuffetto;Little Grebe
50;103,7543058;13,85160619;1991;Zwergtaucher;Grèbe castagneux;Tuffetto;Little Grebe
50;90,83556841;11,62019927;1992;Zwergtaucher;Grèbe castagneux;Tuffetto;Little Grebe
50;111,4091209;11,94507181;1993;Zwergtaucher;Grèbe castagneux;Tuffetto;Little Grebe
50;116,7292092;12,1187256;1994;Zwergtaucher;Grèbe castagneux;Tuffetto;Little Grebe
50;125,5752128;12,26899676;1995;Zwergtaucher;Grèbe castagneux;Tuffetto;Little Grebe
50;109,050453;11,30782652;1996;Zwergtaucher;Grèbe castagneux;Tuffetto;Little Grebe
50;100,74026;10,75167401;1997;Zwergtaucher;Grèbe castagneux;Tuffetto;Little Grebe
50;104,8802536;11,15841209;1998;Zwergtaucher;Grèbe castagneux;Tuffetto;Little Grebe
50;91,01380607;9,830788652;1999;Zwergtaucher;Grèbe castagneux;Tuffetto;Little Grebe
50;109,7687708;8,507501493;2000;Zwergtaucher;Grèbe castagneux;Tuffetto;Little Grebe
50;94,61572137;7,895418866;2001;Zwergtaucher;Grèbe castagneux;Tuffetto;Little Grebe
50;94,93846618;7,743113077;2002;Zwergtaucher;Grèbe castagneux;Tuffetto;Little Grebe
50;96,89108695;7,788791598;2003;Zwergtaucher;Grèbe castagneux;Tuffetto;Little Grebe
50;98,11186416;7,548926012;2004;Zwergtaucher;Grèbe castagneux;Tuffetto;Little Grebe
50;92,50713823;6,99455375;2005;Zwergtaucher;Grèbe castagneux;Tuffetto;Little Grebe
50;85,8467093;6,755251138;2006;Zwergtaucher;Grèbe castagneux;Tuffetto;Little Grebe
50;90,44410426;6,873516141;2007;Zwergtaucher;Grèbe castagneux;Tuffetto;Little Grebe
50;86,66741757;6,692364908;2008;Zwergtaucher;Grèbe castagneux;Tuffetto;Little Grebe
50;88,23370637;6,773301245;2009;Zwergtaucher;Grèbe castagneux;Tuffetto;Little Grebe
50;84,33871939;6,546824625;2010;Zwergtaucher;Grèbe castagneux;Tuffetto;Little Grebe
50;88,71006647;6,505437012;2011;Zwergtaucher;Grèbe castagneux;Tuffetto;Little Grebe
50;83,2493597;6,393242855;2012;Zwergtaucher;Grèbe castagneux;Tuffetto;Little Grebe
50;89,17350543;6,554849792;2013;Zwergtaucher;Grèbe castagneux;Tuffetto;Little Grebe
50;92,21920425;6,648144506;2014;Zwergtaucher;Grèbe castagneux;Tuffetto;Little Grebe
50;100,5917154;6,963132955;2015;Zwergtaucher;Grèbe castagneux;Tuffetto;Little Grebe
50;113,8314421;7,422673094;2016;Zwergtaucher;Grèbe castagneux;Tuffetto;Little Grebe
50;101,2912095;6,895596359;2017;Zwergtaucher;Grèbe castagneux;Tuffetto;Little Grebe
50;106,7740645;7,094161997;2018;Zwergtaucher;Grèbe castagneux;Tuffetto;Little Grebe
50;101,1938157;6,760492528;2019;Zwergtaucher;Grèbe castagneux;Tuffetto;Little Grebe
50;103,737085;6,975548551;2020;Zwergtaucher;Grèbe castagneux;Tuffetto;Little Grebe
50;97,88851948;6,647463322;2021;Zwergtaucher;Grèbe castagneux;Tuffetto;Little Grebe
50;95,3114341;7,074734207;2022;Zwergtaucher;Grèbe castagneux;Tuffetto;Little Grebe
80;130,5538874;18,25009467;1990;Haubentaucher;Grèbe huppé ;Svasso maggiore ;Great Crested Grebe 
80;110,2615466;15,51519813;1991;Haubentaucher;Grèbe huppé ;Svasso maggiore ;Great Crested Grebe 
80;89,9300194;9,134721185;1992;Haubentaucher;Grèbe huppé ;Svasso maggiore ;Great Crested Grebe 
80;138,8115145;8,145408401;1993;Haubentaucher;Grèbe huppé ;Svasso maggiore ;Great Crested Grebe 
80;118,1298018;7,492382479;1994;Haubentaucher;Grèbe huppé ;Svasso maggiore ;Great Crested Grebe 
80;106,0452627;7,456297602;1995;Haubentaucher;Grèbe huppé ;Svasso maggiore ;Great Crested Grebe 
80;105,7240419;7,036065894;1996;Haubentaucher;Grèbe huppé ;Svasso maggiore ;Great Crested Grebe 
80;93,97644852;6,866068562;1997;Haubentaucher;Grèbe huppé ;Svasso maggiore ;Great Crested Grebe 
80;100,0402231;6,755059386;1998;Haubentaucher;Grèbe huppé ;Svasso maggiore ;Great Crested Grebe 
80;85,6403071;6,203044023;1999;Haubentaucher;Grèbe huppé ;Svasso maggiore ;Great Crested Grebe 
80;101,3303489;6,756950688;2000;Haubentaucher;Grèbe huppé ;Svasso maggiore ;Great Crested Grebe 
80;112,4343741;7,013153306;2001;Haubentaucher;Grèbe huppé ;Svasso maggiore ;Great Crested Grebe 
80;113,9543528;7,056242735;2002;Haubentaucher;Grèbe huppé ;Svasso maggiore ;Great Crested Grebe 
80;121,3201382;7,357023208;2003;Haubentaucher;Grèbe huppé ;Svasso maggiore ;Great Crested Grebe 
80;109,305216;6,855912799;2004;Haubentaucher;Grèbe huppé ;Svasso maggiore ;Great Crested Grebe 
80;139,3517345;7,632598862;2005;Haubentaucher;Grèbe huppé ;Svasso maggiore ;Great Crested Grebe 
80;117,3857181;6,839008917;2006;Haubentaucher;Grèbe huppé ;Svasso maggiore ;Great Crested Grebe 
80;83,51138428;5,782959264;2007;Haubentaucher;Grèbe huppé ;Svasso maggiore ;Great Crested Grebe 
80;105,1150671;6,447888221;2008;Haubentaucher;Grèbe huppé ;Svasso maggiore ;Great Crested Grebe 
80;107,5976472;6,528666126;2009;Haubentaucher;Grèbe huppé ;Svasso maggiore ;Great Crested Grebe 
80;97,27389239;6,139753477;2010;Haubentaucher;Grèbe huppé ;Svasso maggiore ;Great Crested Grebe 
80;98,9883892;5,785866965;2011;Haubentaucher;Grèbe huppé ;Svasso maggiore ;Great Crested Grebe 
80;86,644629;5,701299048;2012;Haubentaucher;Grèbe huppé ;Svasso maggiore ;Great Crested Grebe 
80;85,53125087;5,285957588;2013;Haubentaucher;Grèbe huppé ;Svasso maggiore ;Great Crested Grebe 
80;89,2769197;5,285202409;2014;Haubentaucher;Grèbe huppé ;Svasso maggiore ;Great Crested Grebe 
80;86,95811513;5,210380401;2015;Haubentaucher;Grèbe huppé ;Svasso maggiore ;Great Crested Grebe 
80;93,41799373;5,551953891;2016;Haubentaucher;Grèbe huppé ;Svasso maggiore ;Great Crested Grebe 
80;100,983787;5,645550597;2017;Haubentaucher;Grèbe huppé ;Svasso maggiore ;Great Crested Grebe 
80;83,71313936;5,108140292;2018;Haubentaucher;Grèbe huppé ;Svasso maggiore ;Great Crested Grebe 
80;88,13355115;5,420920629;2019;Haubentaucher;Grèbe huppé ;Svasso maggiore ;Great Crested Grebe 
80;66,82750612;4,564195674;2020;Haubentaucher;Grèbe huppé ;Svasso maggiore ;Great Crested Grebe 
80;67,16313947;4,776221557;2021;Haubentaucher;Grèbe huppé ;Svasso maggiore ;Great Crested Grebe 
80;64,66865278;4,725008322;2022;Haubentaucher;Grèbe huppé ;Svasso maggiore ;Great Crested Grebe 
70;122,2222222;0;1990;Schwarzhalstaucher;Grèbe à cou noir;Svasso piccolo;Black-necked Grebe
70;122,2222222;0;1991;Schwarzhalstaucher;Grèbe à cou noir;Svasso piccolo;Black-necked Grebe
70;81,48148148;0;1992;Schwarzhalstaucher;Grèbe à cou noir;Svasso piccolo;Black-necked Grebe
70;162,962963;0;1993;Schwarzhalstaucher;Grèbe à cou noir;Svasso piccolo;Black-necked Grebe
70;40,74074074;0;1994;Schwarzhalstaucher;Grèbe à cou noir;Svasso piccolo;Black-necked Grebe
70;81,48148148;0;1995;Schwarzhalstaucher;Grèbe à cou noir;Svasso piccolo;Black-necked Grebe
70;244,4444444;0;1996;Schwarzhalstaucher;Grèbe à cou noir;Svasso piccolo;Black-necked Grebe
70;244,4444444;0;1997;Schwarzhalstaucher;Grèbe à cou noir;Svasso piccolo;Black-necked Grebe
70;122,2222222;0;1998;Schwarzhalstaucher;Grèbe à cou noir;Svasso piccolo;Black-necked Grebe
70;40,74074074;0;1999;Schwarzhalstaucher;Grèbe à cou noir;Svasso piccolo;Black-necked Grebe
70;122,2222222;0;2000;Schwarzhalstaucher;Grèbe à cou noir;Svasso piccolo;Black-necked Grebe
70;40,74074074;0;2001;Schwarzhalstaucher;Grèbe à cou noir;Svasso piccolo;Black-necked Grebe
70;122,2222222;0;2002;Schwarzhalstaucher;Grèbe à cou noir;Svasso piccolo;Black-necked Grebe
70;122,2222222;0;2003;Schwarzhalstaucher;Grèbe à cou noir;Svasso piccolo;Black-necked Grebe
70;81,48148148;0;2004;Schwarzhalstaucher;Grèbe à cou noir;Svasso piccolo;Black-necked Grebe
70;122,2222222;0;2005;Schwarzhalstaucher;Grèbe à cou noir;Svasso piccolo;Black-necked Grebe
70;40,74074074;0;2006;Schwarzhalstaucher;Grèbe à cou noir;Svasso piccolo;Black-necked Grebe
70;162,962963;0;2007;Schwarzhalstaucher;Grèbe à cou noir;Svasso piccolo;Black-necked Grebe
70;40,74074074;0;2008;Schwarzhalstaucher;Grèbe à cou noir;Svasso piccolo;Black-necked Grebe
70;0;0;2009;Schwarzhalstaucher;Grèbe à cou noir;Svasso piccolo;Black-necked Grebe
70;81,48148148;0;2010;Schwarzhalstaucher;Grèbe à cou noir;Svasso piccolo;Black-necked Grebe
70;0;0;2011;Schwarzhalstaucher;Grèbe à cou noir;Svasso piccolo;Black-necked Grebe
70;0;0;2012;Schwarzhalstaucher;Grèbe à cou noir;Svasso piccolo;Black-necked Grebe
70;122,2222222;0;2013;Schwarzhalstaucher;Grèbe à cou noir;Svasso piccolo;Black-necked Grebe
70;122,2222222;0;2014;Schwarzhalstaucher;Grèbe à cou noir;Svasso piccolo;Black-necked Grebe
70;122,2222222;0;2015;Schwarzhalstaucher;Grèbe à cou noir;Svasso piccolo;Black-necked Grebe
70;162,962963;0;2016;Schwarzhalstaucher;Grèbe à cou noir;Svasso piccolo;Black-necked Grebe
70;122,2222222;0;2017;Schwarzhalstaucher;Grèbe à cou noir;Svasso piccolo;Black-necked Grebe
70;203,7037037;0;2018;Schwarzhalstaucher;Grèbe à cou noir;Svasso piccolo;Black-necked Grebe
70;81,48148148;0;2019;Schwarzhalstaucher;Grèbe à cou noir;Svasso piccolo;Black-necked Grebe
70;0;0;2020;Schwarzhalstaucher;Grèbe à cou noir;Svasso piccolo;Black-necked Grebe
70;81,48148148;0;2021;Schwarzhalstaucher;Grèbe à cou noir;Svasso piccolo;Black-necked Grebe
70;81,48148148;0;2022;Schwarzhalstaucher;Grèbe à cou noir;Svasso piccolo;Black-necked Grebe
350;0;0;1990;Kormoran;Grand Cormoran;Cormorano ;Great Cormorant 
350;0;0;1991;Kormoran;Grand Cormoran;Cormorano ;Great Cormorant 
350;0;0;1992;Kormoran;Grand Cormoran;Cormorano ;Great Cormorant 
350;0;0;1993;Kormoran;Grand Cormoran;Cormorano ;Great Cormorant 
350;0;0;1994;Kormoran;Grand Cormoran;Cormorano ;Great Cormorant 
350;0;0;1995;Kormoran;Grand Cormoran;Cormorano ;Great Cormorant 
350;0;0;1996;Kormoran;Grand Cormoran;Cormorano ;Great Cormorant 
350;0;0;1997;Kormoran;Grand Cormoran;Cormorano ;Great Cormorant 
350;0;0;1998;Kormoran;Grand Cormoran;Cormorano ;Great Cormorant 
350;0;0;1999;Kormoran;Grand Cormoran;Cormorano ;Great Cormorant 
350;0;0;2000;Kormoran;Grand Cormoran;Cormorano ;Great Cormorant 
350;0,245846681;0;2001;Kormoran;Grand Cormoran;Cormorano ;Great Cormorant 
350;0,860463384;0;2002;Kormoran;Grand Cormoran;Cormorano ;Great Cormorant 
350;2,827236832;0;2003;Kormoran;Grand Cormoran;Cormorano ;Great Cormorant 
350;6,514937048;0;2004;Kormoran;Grand Cormoran;Cormorano ;Great Cormorant 
350;14,38203084;0;2005;Kormoran;Grand Cormoran;Cormorano ;Great Cormorant 
350;26,30559487;0;2006;Kormoran;Grand Cormoran;Cormorano ;Great Cormorant 
350;41,5480891;0;2007;Kormoran;Grand Cormoran;Cormorano ;Great Cormorant 
350;52,36534307;0;2008;Kormoran;Grand Cormoran;Cormorano ;Great Cormorant 
350;67,23906727;0;2009;Kormoran;Grand Cormoran;Cormorano ;Great Cormorant 
350;68,8370707;0;2010;Kormoran;Grand Cormoran;Cormorano ;Great Cormorant 
350;97,84697907;0;2011;Kormoran;Grand Cormoran;Cormorano ;Great Cormorant 
350;127,4715041;0;2012;Kormoran;Grand Cormoran;Cormorano ;Great Cormorant 
350;151,5644789;0;2013;Kormoran;Grand Cormoran;Cormorano ;Great Cormorant 
350;184,8767042;0;2014;Kormoran;Grand Cormoran;Cormorano ;Great Cormorant 
350;188,5644044;0;2015;Kormoran;Grand Cormoran;Cormorano ;Great Cormorant 
350;258,0160918;0;2016;Kormoran;Grand Cormoran;Cormorano ;Great Cormorant 
350;284,1987633;0;2017;Kormoran;Grand Cormoran;Cormorano ;Great Cormorant 
350;296,7369441;0;2018;Kormoran;Grand Cormoran;Cormorano ;Great Cormorant 
350;304,7269612;0;2019;Kormoran;Grand Cormoran;Cormorano ;Great Cormorant 
350;303,3748044;0;2020;Kormoran;Grand Cormoran;Cormorano ;Great Cormorant 
350;398,88624;0;2021;Kormoran;Grand Cormoran;Cormorano ;Great Cormorant 
350;422,6104448;0;2022;Kormoran;Grand Cormoran;Cormorano ;Great Cormorant 
470;103,58468;29,06910464;1990;Zwergdommel;Blongios nain ;Tarabusino;Little Bittern
470;75,33431276;24,86784364;1991;Zwergdommel;Blongios nain ;Tarabusino;Little Bittern
470;59,42549389;17,56521366;1992;Zwergdommel;Blongios nain ;Tarabusino;Little Bittern
470;69,23463206;18,65862544;1993;Zwergdommel;Blongios nain ;Tarabusino;Little Bittern
470;85,49015492;20,56630651;1994;Zwergdommel;Blongios nain ;Tarabusino;Little Bittern
470;65,26336625;17,59696226;1995;Zwergdommel;Blongios nain ;Tarabusino;Little Bittern
470;68,56958425;18,4807571;1996;Zwergdommel;Blongios nain ;Tarabusino;Little Bittern
470;60,91040221;16,43532742;1997;Zwergdommel;Blongios nain ;Tarabusino;Little Bittern
470;104,9785812;22,38548582;1998;Zwergdommel;Blongios nain ;Tarabusino;Little Bittern
470;110,0080331;22,85008663;1999;Zwergdommel;Blongios nain ;Tarabusino;Little Bittern
470;102,8509479;15,99774949;2000;Zwergdommel;Blongios nain ;Tarabusino;Little Bittern
470;96,35918593;15,65645362;2001;Zwergdommel;Blongios nain ;Tarabusino;Little Bittern
470;98,18500127;15,49637915;2002;Zwergdommel;Blongios nain ;Tarabusino;Little Bittern
470;98,48238989;15,56128682;2003;Zwergdommel;Blongios nain ;Tarabusino;Little Bittern
470;130,4026468;17,39999549;2004;Zwergdommel;Blongios nain ;Tarabusino;Little Bittern
470;103,7700626;14,33300822;2005;Zwergdommel;Blongios nain ;Tarabusino;Little Bittern
470;110,6409222;14,80095874;2006;Zwergdommel;Blongios nain ;Tarabusino;Little Bittern
470;96,88539395;13,84590059;2007;Zwergdommel;Blongios nain ;Tarabusino;Little Bittern
470;103,7712191;14,33214483;2008;Zwergdommel;Blongios nain ;Tarabusino;Little Bittern
470;88,06245475;13,2198376;2009;Zwergdommel;Blongios nain ;Tarabusino;Little Bittern
470;132,1885498;15,98152157;2010;Zwergdommel;Blongios nain ;Tarabusino;Little Bittern
470;126,3236872;15,54527302;2011;Zwergdommel;Blongios nain ;Tarabusino;Little Bittern
470;103,8145552;14,05557779;2012;Zwergdommel;Blongios nain ;Tarabusino;Little Bittern
470;84,17651044;12,65310455;2013;Zwergdommel;Blongios nain ;Tarabusino;Little Bittern
470;114,6285714;14,76396355;2014;Zwergdommel;Blongios nain ;Tarabusino;Little Bittern
470;94,13957696;13,2214598;2015;Zwergdommel;Blongios nain ;Tarabusino;Little Bittern
470;111,0961161;14,3780043;2016;Zwergdommel;Blongios nain ;Tarabusino;Little Bittern
470;86,31893041;12,56042998;2017;Zwergdommel;Blongios nain ;Tarabusino;Little Bittern
470;88,05871492;12,77529271;2018;Zwergdommel;Blongios nain ;Tarabusino;Little Bittern
470;117,4850577;14,67319991;2019;Zwergdommel;Blongios nain ;Tarabusino;Little Bittern
470;131,2879568;15,58301843;2020;Zwergdommel;Blongios nain ;Tarabusino;Little Bittern
470;157,8322001;16,83263658;2021;Zwergdommel;Blongios nain ;Tarabusino;Little Bittern
470;120,4401078;14,73860498;2022;Zwergdommel;Blongios nain ;Tarabusino;Little Bittern
390;118,1877575;7,011326545;1990;Graureiher;Héron cendré;Airone cenerino ;Grey Heron
390;113,8090317;6,739128878;1991;Graureiher;Héron cendré;Airone cenerino ;Grey Heron
390;115,3775651;6,500848698;1992;Graureiher;Héron cendré;Airone cenerino ;Grey Heron
390;104,9897088;5,909753906;1993;Graureiher;Héron cendré;Airone cenerino ;Grey Heron
390;112,2437533;5,958555227;1994;Graureiher;Héron cendré;Airone cenerino ;Grey Heron
390;115,5381329;6,023925691;1995;Graureiher;Héron cendré;Airone cenerino ;Grey Heron
390;117,1613755;6,198841953;1996;Graureiher;Héron cendré;Airone cenerino ;Grey Heron
390;109,981351;6,642135372;1997;Graureiher;Héron cendré;Airone cenerino ;Grey Heron
390;108,2329214;6,721226578;1998;Graureiher;Héron cendré;Airone cenerino ;Grey Heron
390;106,0321933;6,266641877;1999;Graureiher;Héron cendré;Airone cenerino ;Grey Heron
390;102,6249181;6,228900129;2000;Graureiher;Héron cendré;Airone cenerino ;Grey Heron
390;95,00324343;5,904499381;2001;Graureiher;Héron cendré;Airone cenerino ;Grey Heron
390;80,97944047;5,122351191;2002;Graureiher;Héron cendré;Airone cenerino ;Grey Heron
390;92,18561185;4,366428705;2003;Graureiher;Héron cendré;Airone cenerino ;Grey Heron
390;91,85185742;5,976664227;2004;Graureiher;Héron cendré;Airone cenerino ;Grey Heron
390;83,36767674;5,87874527;2005;Graureiher;Héron cendré;Airone cenerino ;Grey Heron
390;75,63501341;5,434767698;2006;Graureiher;Héron cendré;Airone cenerino ;Grey Heron
390;87,9097437;5,971331755;2007;Graureiher;Héron cendré;Airone cenerino ;Grey Heron
390;82,6373071;5,319474446;2008;Graureiher;Héron cendré;Airone cenerino ;Grey Heron
390;80,18543936;5,236525495;2009;Graureiher;Héron cendré;Airone cenerino ;Grey Heron
390;84,64341904;5,405058002;2010;Graureiher;Héron cendré;Airone cenerino ;Grey Heron
390;90,31282563;5,468725142;2011;Graureiher;Héron cendré;Airone cenerino ;Grey Heron
390;91,78289843;5,280990957;2012;Graureiher;Héron cendré;Airone cenerino ;Grey Heron
390;86,65483422;4,540314041;2013;Graureiher;Héron cendré;Airone cenerino ;Grey Heron
390;105,2405436;4,797326935;2014;Graureiher;Héron cendré;Airone cenerino ;Grey Heron
390;104,7894839;4,920777646;2015;Graureiher;Héron cendré;Airone cenerino ;Grey Heron
390;112,148797;5,16276917;2016;Graureiher;Héron cendré;Airone cenerino ;Grey Heron
390;95,50019656;4,955927153;2017;Graureiher;Héron cendré;Airone cenerino ;Grey Heron
390;91,41104221;4,823978841;2018;Graureiher;Héron cendré;Airone cenerino ;Grey Heron
390;102,5352444;4,980321811;2019;Graureiher;Héron cendré;Airone cenerino ;Grey Heron
390;114,7160923;5,485108566;2020;Graureiher;Héron cendré;Airone cenerino ;Grey Heron
390;117,5228706;5,687414522;2021;Graureiher;Héron cendré;Airone cenerino ;Grey Heron
390;108,8077101;5,669079936;2022;Graureiher;Héron cendré;Airone cenerino ;Grey Heron
400;0;0;1990;Purpurreiher;Héron pourpré ;Airone rosso;Purple Heron
400;0;0;1991;Purpurreiher;Héron pourpré ;Airone rosso;Purple Heron
400;0;0;1992;Purpurreiher;Héron pourpré ;Airone rosso;Purple Heron
400;0;0;1993;Purpurreiher;Héron pourpré ;Airone rosso;Purple Heron
400;22;0;1994;Purpurreiher;Héron pourpré ;Airone rosso;Purple Heron
400;0;0;1995;Purpurreiher;Héron pourpré ;Airone rosso;Purple Heron
400;0;0;1996;Purpurreiher;Héron pourpré ;Airone rosso;Purple Heron
400;0;0;1997;Purpurreiher;Héron pourpré ;Airone rosso;Purple Heron
400;0;0;1998;Purpurreiher;Héron pourpré ;Airone rosso;Purple Heron
400;0;0;1999;Purpurreiher;Héron pourpré ;Airone rosso;Purple Heron
400;0;0;2000;Purpurreiher;Héron pourpré ;Airone rosso;Purple Heron
400;0;0;2001;Purpurreiher;Héron pourpré ;Airone rosso;Purple Heron
400;22;0;2002;Purpurreiher;Héron pourpré ;Airone rosso;Purple Heron
400;22;0;2003;Purpurreiher;Héron pourpré ;Airone rosso;Purple Heron
400;44;0;2004;Purpurreiher;Héron pourpré ;Airone rosso;Purple Heron
400;66;0;2005;Purpurreiher;Héron pourpré ;Airone rosso;Purple Heron
400;198;0;2006;Purpurreiher;Héron pourpré ;Airone rosso;Purple Heron
400;66;0;2007;Purpurreiher;Héron pourpré ;Airone rosso;Purple Heron
400;0;0;2008;Purpurreiher;Héron pourpré ;Airone rosso;Purple Heron
400;44;0;2009;Purpurreiher;Héron pourpré ;Airone rosso;Purple Heron
400;44;0;2010;Purpurreiher;Héron pourpré ;Airone rosso;Purple Heron
400;110;0;2011;Purpurreiher;Héron pourpré ;Airone rosso;Purple Heron
400;110;0;2012;Purpurreiher;Héron pourpré ;Airone rosso;Purple Heron
400;132;0;2013;Purpurreiher;Héron pourpré ;Airone rosso;Purple Heron
400;220;0;2014;Purpurreiher;Héron pourpré ;Airone rosso;Purple Heron
400;242;0;2015;Purpurreiher;Héron pourpré ;Airone rosso;Purple Heron
400;374;0;2016;Purpurreiher;Héron pourpré ;Airone rosso;Purple Heron
400;374;0;2017;Purpurreiher;Héron pourpré ;Airone rosso;Purple Heron
400;242;0;2018;Purpurreiher;Héron pourpré ;Airone rosso;Purple Heron
400;220;0;2019;Purpurreiher;Héron pourpré ;Airone rosso;Purple Heron
400;176;0;2020;Purpurreiher;Héron pourpré ;Airone rosso;Purple Heron
400;330;0;2021;Purpurreiher;Héron pourpré ;Airone rosso;Purple Heron
400;242;0;2022;Purpurreiher;Héron pourpré ;Airone rosso;Purple Heron
500;50,35906643;0;1990;Weissstorch;Cigogne blanche ;Cicogna bianca;White Stork 
500;46,40933573;0;1991;Weissstorch;Cigogne blanche ;Cicogna bianca;White Stork 
500;45,42190305;0;1992;Weissstorch;Cigogne blanche ;Cicogna bianca;White Stork 
500;47,72591263;0;1993;Weissstorch;Cigogne blanche ;Cicogna bianca;White Stork 
500;53,32136445;0;1994;Weissstorch;Cigogne blanche ;Cicogna bianca;White Stork 
500;56,28366248;0;1995;Weissstorch;Cigogne blanche ;Cicogna bianca;White Stork 
500;54,96708558;0;1996;Weissstorch;Cigogne blanche ;Cicogna bianca;White Stork 
500;57,9293836;0;1997;Weissstorch;Cigogne blanche ;Cicogna bianca;White Stork 
500;54,96708558;0;1998;Weissstorch;Cigogne blanche ;Cicogna bianca;White Stork 
500;57,27109515;0;1999;Weissstorch;Cigogne blanche ;Cicogna bianca;White Stork 
500;57,60023938;0;2000;Weissstorch;Cigogne blanche ;Cicogna bianca;White Stork 
500;59,90424895;0;2001;Weissstorch;Cigogne blanche ;Cicogna bianca;White Stork 
500;63,85397965;0;2002;Weissstorch;Cigogne blanche ;Cicogna bianca;White Stork 
500;62,86654698;0;2003;Weissstorch;Cigogne blanche ;Cicogna bianca;White Stork 
500;65,17055655;0;2004;Weissstorch;Cigogne blanche ;Cicogna bianca;White Stork 
500;69,44943148;0;2005;Weissstorch;Cigogne blanche ;Cicogna bianca;White Stork 
500;73,07001795;0;2006;Weissstorch;Cigogne blanche ;Cicogna bianca;White Stork 
500;70,76600838;0;2007;Weissstorch;Cigogne blanche ;Cicogna bianca;White Stork 
500;73,7283064;0;2008;Weissstorch;Cigogne blanche ;Cicogna bianca;White Stork 
500;76,03231598;0;2009;Weissstorch;Cigogne blanche ;Cicogna bianca;White Stork 
500;88,53979653;0;2010;Weissstorch;Cigogne blanche ;Cicogna bianca;White Stork 
500;95,12268103;0;2011;Weissstorch;Cigogne blanche ;Cicogna bianca;White Stork 
500;106,9718731;0;2012;Weissstorch;Cigogne blanche ;Cicogna bianca;White Stork 
500;121,1250748;0;2013;Weissstorch;Cigogne blanche ;Cicogna bianca;White Stork 
500;123,7582286;0;2014;Weissstorch;Cigogne blanche ;Cicogna bianca;White Stork 
500;128,0371035;0;2015;Weissstorch;Cigogne blanche ;Cicogna bianca;White Stork 
500;150,0897666;0;2016;Weissstorch;Cigogne blanche ;Cicogna bianca;White Stork 
500;154,6977858;0;2017;Weissstorch;Cigogne blanche ;Cicogna bianca;White Stork 
500;169,5092759;0;2018;Weissstorch;Cigogne blanche ;Cicogna bianca;White Stork 
500;186,2956314;0;2019;Weissstorch;Cigogne blanche ;Cicogna bianca;White Stork 
500;225,1346499;0;2020;Weissstorch;Cigogne blanche ;Cicogna bianca;White Stork 
500;261,6696589;0;2021;Weissstorch;Cigogne blanche ;Cicogna bianca;White Stork 
500;291,9509276;0;2022;Weissstorch;Cigogne blanche ;Cicogna bianca;White Stork 
1080;90,57347645;5,519310144;1990;Wespenbussard;Bondrée apivore ;Falco pecchiaiolo ;European Honey Buzzard
1080;88,50341201;5,091779613;1991;Wespenbussard;Bondrée apivore ;Falco pecchiaiolo ;European Honey Buzzard
1080;91,0716299;4,128054588;1992;Wespenbussard;Bondrée apivore ;Falco pecchiaiolo ;European Honey Buzzard
1080;96,39793842;3,944815665;1993;Wespenbussard;Bondrée apivore ;Falco pecchiaiolo ;European Honey Buzzard
1080;98,95942978;3,744194454;1994;Wespenbussard;Bondrée apivore ;Falco pecchiaiolo ;European Honey Buzzard
1080;102,5598852;3,413407254;1995;Wespenbussard;Bondrée apivore ;Falco pecchiaiolo ;European Honey Buzzard
1080;101,5405659;3,410585004;1996;Wespenbussard;Bondrée apivore ;Falco pecchiaiolo ;European Honey Buzzard
1080;101,9389985;3,477589749;1997;Wespenbussard;Bondrée apivore ;Falco pecchiaiolo ;European Honey Buzzard
1080;96,78140164;3,86398918;1998;Wespenbussard;Bondrée apivore ;Falco pecchiaiolo ;European Honey Buzzard
1080;91,84571913;3,6072718;1999;Wespenbussard;Bondrée apivore ;Falco pecchiaiolo ;European Honey Buzzard
1080;91,42625439;3,62682886;2000;Wespenbussard;Bondrée apivore ;Falco pecchiaiolo ;European Honey Buzzard
1080;88,51717317;3,359853458;2001;Wespenbussard;Bondrée apivore ;Falco pecchiaiolo ;European Honey Buzzard
1080;85,44617177;3,859244973;2002;Wespenbussard;Bondrée apivore ;Falco pecchiaiolo ;European Honey Buzzard
1080;84,0253348;3,881591169;2003;Wespenbussard;Bondrée apivore ;Falco pecchiaiolo ;European Honey Buzzard
1080;84,66758341;3,932833522;2004;Wespenbussard;Bondrée apivore ;Falco pecchiaiolo ;European Honey Buzzard
1080;82,46374206;3,868119979;2005;Wespenbussard;Bondrée apivore ;Falco pecchiaiolo ;European Honey Buzzard
1080;90,46427536;3,28808442;2006;Wespenbussard;Bondrée apivore ;Falco pecchiaiolo ;European Honey Buzzard
1080;96,42443037;3,060469761;2007;Wespenbussard;Bondrée apivore ;Falco pecchiaiolo ;European Honey Buzzard
1080;100,406197;2,610337393;2008;Wespenbussard;Bondrée apivore ;Falco pecchiaiolo ;European Honey Buzzard
1080;104,8619007;2,672171169;2009;Wespenbussard;Bondrée apivore ;Falco pecchiaiolo ;European Honey Buzzard
1080;105,5063983;2,819327944;2010;Wespenbussard;Bondrée apivore ;Falco pecchiaiolo ;European Honey Buzzard
1080;110,2624089;2,387010869;2011;Wespenbussard;Bondrée apivore ;Falco pecchiaiolo ;European Honey Buzzard
1080;109,5162603;2,529081863;2012;Wespenbussard;Bondrée apivore ;Falco pecchiaiolo ;European Honey Buzzard
1080;112,6245895;2,186027431;2013;Wespenbussard;Bondrée apivore ;Falco pecchiaiolo ;European Honey Buzzard
1080;110,8494281;2,24345953;2014;Wespenbussard;Bondrée apivore ;Falco pecchiaiolo ;European Honey Buzzard
1080;108,6635323;2,305654751;2015;Wespenbussard;Bondrée apivore ;Falco pecchiaiolo ;European Honey Buzzard
1080;106,7016833;2,268065491;2016;Wespenbussard;Bondrée apivore ;Falco pecchiaiolo ;European Honey Buzzard
1080;105,2114202;2,514718092;2017;Wespenbussard;Bondrée apivore ;Falco pecchiaiolo ;European Honey Buzzard
1080;106,66827;2,358714682;2018;Wespenbussard;Bondrée apivore ;Falco pecchiaiolo ;European Honey Buzzard
1080;112,2835245;2,262401067;2019;Wespenbussard;Bondrée apivore ;Falco pecchiaiolo ;European Honey Buzzard
1080;116,4822307;2,170883397;2020;Wespenbussard;Bondrée apivore ;Falco pecchiaiolo ;European Honey Buzzard
1080;113,705159;2,220141191;2021;Wespenbussard;Bondrée apivore ;Falco pecchiaiolo ;European Honey Buzzard
1080;112,649575;2,489433955;2022;Wespenbussard;Bondrée apivore ;Falco pecchiaiolo ;European Honey Buzzard
1100;65,13142488;6,973341866;1999;Schwarzmilan;Milan noir;Nibbio bruno;Black Kite
1100;70,74021185;6,964230774;2000;Schwarzmilan;Milan noir;Nibbio bruno;Black Kite
1100;85,16347632;7,619352231;2001;Schwarzmilan;Milan noir;Nibbio bruno;Black Kite
1100;76,03390649;7,235567468;2002;Schwarzmilan;Milan noir;Nibbio bruno;Black Kite
1100;80,3355261;7,406538511;2003;Schwarzmilan;Milan noir;Nibbio bruno;Black Kite
1100;91,08394829;7,86649648;2004;Schwarzmilan;Milan noir;Nibbio bruno;Black Kite
1100;87,08094249;7,680360306;2005;Schwarzmilan;Milan noir;Nibbio bruno;Black Kite
1100;105,2884654;8,424718738;2006;Schwarzmilan;Milan noir;Nibbio bruno;Black Kite
1100;96,91324659;8,09729699;2007;Schwarzmilan;Milan noir;Nibbio bruno;Black Kite
1100;105,6224281;8,403349319;2008;Schwarzmilan;Milan noir;Nibbio bruno;Black Kite
1100;100,8753526;8,220742713;2009;Schwarzmilan;Milan noir;Nibbio bruno;Black Kite
1100;93,75473951;7,937426362;2010;Schwarzmilan;Milan noir;Nibbio bruno;Black Kite
1100;103,2488903;8,312645182;2011;Schwarzmilan;Milan noir;Nibbio bruno;Black Kite
1100;111,2597839;8,742941915;2012;Schwarzmilan;Milan noir;Nibbio bruno;Black Kite
1100;114,3699973;8,836868018;2013;Schwarzmilan;Milan noir;Nibbio bruno;Black Kite
1100;119,0384896;8,953535276;2014;Schwarzmilan;Milan noir;Nibbio bruno;Black Kite
1100;118,6768855;8,882418154;2015;Schwarzmilan;Milan noir;Nibbio bruno;Black Kite
1100;106,3376935;8,458903194;2016;Schwarzmilan;Milan noir;Nibbio bruno;Black Kite
1100;110,4284185;8,585777357;2017;Schwarzmilan;Milan noir;Nibbio bruno;Black Kite
1100;107,4612681;8,498510207;2018;Schwarzmilan;Milan noir;Nibbio bruno;Black Kite
1100;111,7390123;8,638868825;2019;Schwarzmilan;Milan noir;Nibbio bruno;Black Kite
1100;118,6768855;8,882418154;2020;Schwarzmilan;Milan noir;Nibbio bruno;Black Kite
1100;106,8091969;8,448264094;2021;Schwarzmilan;Milan noir;Nibbio bruno;Black Kite
1100;113,92981;8,711912868;2022;Schwarzmilan;Milan noir;Nibbio bruno;Black Kite
1090;26,96408887;2,702265035;1990;Rotmilan;Milan royal ;Nibbio reale;Red Kite
1090;28,87079274;2,475104696;1991;Rotmilan;Milan royal ;Nibbio reale;Red Kite
1090;31,94508551;2,445667113;1992;Rotmilan;Milan royal ;Nibbio reale;Red Kite
1090;39,67210445;2,406527512;1993;Rotmilan;Milan royal ;Nibbio reale;Red Kite
1090;41,7127022;2,141433237;1994;Rotmilan;Milan royal ;Nibbio reale;Red Kite
1090;42,94601655;2,115413483;1995;Rotmilan;Milan royal ;Nibbio reale;Red Kite
1090;46,40423427;1,894084481;1996;Rotmilan;Milan royal ;Nibbio reale;Red Kite
1090;49,79545042;1,515359174;1997;Rotmilan;Milan royal ;Nibbio reale;Red Kite
1090;46,76541505;0,893828968;1998;Rotmilan;Milan royal ;Nibbio reale;Red Kite
1090;47,25722418;5,655764414;1999;Rotmilan;Milan royal ;Nibbio reale;Red Kite
1090;49,42600629;5,431438935;2000;Rotmilan;Milan royal ;Nibbio reale;Red Kite
1090;68,66171976;6,380949034;2001;Rotmilan;Milan royal ;Nibbio reale;Red Kite
1090;60,32530054;6,044939947;2002;Rotmilan;Milan royal ;Nibbio reale;Red Kite
1090;64,45500457;6,17072007;2003;Rotmilan;Milan royal ;Nibbio reale;Red Kite
1090;79,78114794;6,875327392;2004;Rotmilan;Milan royal ;Nibbio reale;Red Kite
1090;80,87998783;6,882860898;2005;Rotmilan;Milan royal ;Nibbio reale;Red Kite
1090;88,45004991;7,220812045;2006;Rotmilan;Milan royal ;Nibbio reale;Red Kite
1090;103,6513265;7,78682285;2007;Rotmilan;Milan royal ;Nibbio reale;Red Kite
1090;114,6006648;8,115794915;2008;Rotmilan;Milan royal ;Nibbio reale;Red Kite
1090;110,5077839;7,972491959;2009;Rotmilan;Milan royal ;Nibbio reale;Red Kite
1090;103,6863158;7,729314347;2010;Rotmilan;Milan royal ;Nibbio reale;Red Kite
1090;109,1434903;7,915384825;2011;Rotmilan;Milan royal ;Nibbio reale;Red Kite
1090;140,8647214;9,035584133;2012;Rotmilan;Milan royal ;Nibbio reale;Red Kite
1090;141,091499;8,955216794;2013;Rotmilan;Milan royal ;Nibbio reale;Red Kite
1090;154,4343866;9,361677705;2014;Rotmilan;Milan royal ;Nibbio reale;Red Kite
1090;155,5294737;9,340528954;2015;Rotmilan;Milan royal ;Nibbio reale;Red Kite
1090;151,2232914;9,259620604;2016;Rotmilan;Milan royal ;Nibbio reale;Red Kite
1090;177,4429237;9,935870786;2017;Rotmilan;Milan royal ;Nibbio reale;Red Kite
1090;153,9908814;9,344507167;2018;Rotmilan;Milan royal ;Nibbio reale;Red Kite
1090;178,3040143;9,994818214;2019;Rotmilan;Milan royal ;Nibbio reale;Red Kite
1090;207,3726316;10,65413182;2020;Rotmilan;Milan royal ;Nibbio reale;Red Kite
1090;202,1566622;10,55889516;2021;Rotmilan;Milan royal ;Nibbio reale;Red Kite
1090;201,6876022;10,72776177;2022;Rotmilan;Milan royal ;Nibbio reale;Red Kite
1320;0;0;1990;Bartgeier;Gypaète barbu ;Gipeto;Bearded Vulture 
1320;0;0;1991;Bartgeier;Gypaète barbu ;Gipeto;Bearded Vulture 
1320;0;0;1992;Bartgeier;Gypaète barbu ;Gipeto;Bearded Vulture 
1320;0;0;1993;Bartgeier;Gypaète barbu ;Gipeto;Bearded Vulture 
1320;0;0;1994;Bartgeier;Gypaète barbu ;Gipeto;Bearded Vulture 
1320;0;0;1995;Bartgeier;Gypaète barbu ;Gipeto;Bearded Vulture 
1320;0;0;1996;Bartgeier;Gypaète barbu ;Gipeto;Bearded Vulture 
1320;0;0;1997;Bartgeier;Gypaète barbu ;Gipeto;Bearded Vulture 
1320;0;0;1998;Bartgeier;Gypaète barbu ;Gipeto;Bearded Vulture 
1320;0;0;1999;Bartgeier;Gypaète barbu ;Gipeto;Bearded Vulture 
1320;0;0;2000;Bartgeier;Gypaète barbu ;Gipeto;Bearded Vulture 
1320;0;0;2001;Bartgeier;Gypaète barbu ;Gipeto;Bearded Vulture 
1320;0;0;2002;Bartgeier;Gypaète barbu ;Gipeto;Bearded Vulture 
1320;0;0;2003;Bartgeier;Gypaète barbu ;Gipeto;Bearded Vulture 
1320;0;0;2004;Bartgeier;Gypaète barbu ;Gipeto;Bearded Vulture 
1320;0;0;2005;Bartgeier;Gypaète barbu ;Gipeto;Bearded Vulture 
1320;0;0;2006;Bartgeier;Gypaète barbu ;Gipeto;Bearded Vulture 
1320;51,83246073;0;2007;Bartgeier;Gypaète barbu ;Gipeto;Bearded Vulture 
1320;69,10994764;0;2008;Bartgeier;Gypaète barbu ;Gipeto;Bearded Vulture 
1320;69,10994764;0;2009;Bartgeier;Gypaète barbu ;Gipeto;Bearded Vulture 
1320;51,83246073;0;2010;Bartgeier;Gypaète barbu ;Gipeto;Bearded Vulture 
1320;86,38743455;0;2011;Bartgeier;Gypaète barbu ;Gipeto;Bearded Vulture 
1320;103,6649215;0;2012;Bartgeier;Gypaète barbu ;Gipeto;Bearded Vulture 
1320;120,9424084;0;2013;Bartgeier;Gypaète barbu ;Gipeto;Bearded Vulture 
1320;155,4973822;0;2014;Bartgeier;Gypaète barbu ;Gipeto;Bearded Vulture 
1320;207,3298429;0;2015;Bartgeier;Gypaète barbu ;Gipeto;Bearded Vulture 
1320;241,8848168;0;2016;Bartgeier;Gypaète barbu ;Gipeto;Bearded Vulture 
1320;293,7172775;0;2017;Bartgeier;Gypaète barbu ;Gipeto;Bearded Vulture 
1320;310,9947644;0;2018;Bartgeier;Gypaète barbu ;Gipeto;Bearded Vulture 
1320;310,9947644;0;2019;Bartgeier;Gypaète barbu ;Gipeto;Bearded Vulture 
1320;345,5497382;0;2020;Bartgeier;Gypaète barbu ;Gipeto;Bearded Vulture 
1320;414,6596859;0;2021;Bartgeier;Gypaète barbu ;Gipeto;Bearded Vulture 
1320;466,4921466;0;2022;Bartgeier;Gypaète barbu ;Gipeto;Bearded Vulture 
1110;95,8256077;5,488370637;1990;Habicht;Autour des palombes ;Astore;Northern Goshawk
1110;91,75962325;5,664146822;1991;Habicht;Autour des palombes ;Astore;Northern Goshawk
1110;94,88363909;5,502658421;1992;Habicht;Autour des palombes ;Astore;Northern Goshawk
1110;103,5631669;3,592483113;1993;Habicht;Autour des palombes ;Astore;Northern Goshawk
1110;110,6814942;3,021557775;1994;Habicht;Autour des palombes ;Astore;Northern Goshawk
1110;113,4388286;3,376138431;1995;Habicht;Autour des palombes ;Astore;Northern Goshawk
1110;106,3546771;3,44286916;1996;Habicht;Autour des palombes ;Astore;Northern Goshawk
1110;100,1099704;3,899361757;1997;Habicht;Autour des palombes ;Astore;Northern Goshawk
1110;93,07471498;4,305268443;1998;Habicht;Autour des palombes ;Astore;Northern Goshawk
1110;90,44610604;3,831653403;1999;Habicht;Autour des palombes ;Astore;Northern Goshawk
1110;90,08169769;3,863707587;2000;Habicht;Autour des palombes ;Astore;Northern Goshawk
1110;86,169887;4,32090993;2001;Habicht;Autour des palombes ;Astore;Northern Goshawk
1110;82,13272985;4,803059991;2002;Habicht;Autour des palombes ;Astore;Northern Goshawk
1110;83,91074655;4,118748338;2003;Habicht;Autour des palombes ;Astore;Northern Goshawk
1110;84,14528138;4,56585367;2004;Habicht;Autour des palombes ;Astore;Northern Goshawk
1110;86,51787025;3,958000331;2005;Habicht;Autour des palombes ;Astore;Northern Goshawk
1110;87,82981632;3,984306729;2006;Habicht;Autour des palombes ;Astore;Northern Goshawk
1110;92,12135056;3,528009827;2007;Habicht;Autour des palombes ;Astore;Northern Goshawk
1110;98,85920573;3,166416941;2008;Habicht;Autour des palombes ;Astore;Northern Goshawk
1110;96,85208011;3,343632137;2009;Habicht;Autour des palombes ;Astore;Northern Goshawk
1110;96,71987286;3,332813263;2010;Habicht;Autour des palombes ;Astore;Northern Goshawk
1110;99,28253353;3,18395178;2011;Habicht;Autour des palombes ;Astore;Northern Goshawk
1110;105,4549457;3,01720157;2012;Habicht;Autour des palombes ;Astore;Northern Goshawk
1110;113,0414571;2,723492014;2013;Habicht;Autour des palombes ;Astore;Northern Goshawk
1110;110,5779189;2,80919109;2014;Habicht;Autour des palombes ;Astore;Northern Goshawk
1110;113,9876817;2,597583228;2015;Habicht;Autour des palombes ;Astore;Northern Goshawk
1110;111,6491526;2,47031954;2016;Habicht;Autour des palombes ;Astore;Northern Goshawk
1110;107,4218056;2,858352686;2017;Habicht;Autour des palombes ;Astore;Northern Goshawk
1110;107,469884;2,906367572;2018;Habicht;Autour des palombes ;Astore;Northern Goshawk
1110;105,8107728;2,945293429;2019;Habicht;Autour des palombes ;Astore;Northern Goshawk
1110;110,894949;2,831152699;2020;Habicht;Autour des palombes ;Astore;Northern Goshawk
1110;113,1313861;2,64355737;2021;Habicht;Autour des palombes ;Astore;Northern Goshawk
1110;115,7991465;2,855806811;2022;Habicht;Autour des palombes ;Astore;Northern Goshawk
1130;96,57082122;6,802064534;1990;Sperber;Epervier d'Europe ;Sparviere ;Eurasian Sparrowhawk
1130;95,96867484;5,434463324;1991;Sperber;Epervier d'Europe ;Sparviere ;Eurasian Sparrowhawk
1130;97,12465662;6,074372285;1992;Sperber;Epervier d'Europe ;Sparviere ;Eurasian Sparrowhawk
1130;106,5216936;4,97856145;1993;Sperber;Epervier d'Europe ;Sparviere ;Eurasian Sparrowhawk
1130;116,2476807;4,150938363;1994;Sperber;Epervier d'Europe ;Sparviere ;Eurasian Sparrowhawk
1130;110,8953783;4,519597569;1995;Sperber;Epervier d'Europe ;Sparviere ;Eurasian Sparrowhawk
1130;103,1743403;4,371104506;1996;Sperber;Epervier d'Europe ;Sparviere ;Eurasian Sparrowhawk
1130;91,7687915;4,725017913;1997;Sperber;Epervier d'Europe ;Sparviere ;Eurasian Sparrowhawk
1130;94,53798443;4,794493461;1998;Sperber;Epervier d'Europe ;Sparviere ;Eurasian Sparrowhawk
1130;85,44304207;16,1991817;1999;Sperber;Epervier d'Europe ;Sparviere ;Eurasian Sparrowhawk
1130;92,93879292;16,28753266;2000;Sperber;Epervier d'Europe ;Sparviere ;Eurasian Sparrowhawk
1130;96,98275209;16,68590288;2001;Sperber;Epervier d'Europe ;Sparviere ;Eurasian Sparrowhawk
1130;90,01095736;16,07398199;2002;Sperber;Epervier d'Europe ;Sparviere ;Eurasian Sparrowhawk
1130;99,38979646;16,80425625;2003;Sperber;Epervier d'Europe ;Sparviere ;Eurasian Sparrowhawk
1130;98,95988118;16,73317016;2004;Sperber;Epervier d'Europe ;Sparviere ;Eurasian Sparrowhawk
1130;116,4683517;18,1636188;2005;Sperber;Epervier d'Europe ;Sparviere ;Eurasian Sparrowhawk
1130;125,2546509;18,96133845;2006;Sperber;Epervier d'Europe ;Sparviere ;Eurasian Sparrowhawk
1130;90,32063618;16,1279826;2007;Sperber;Epervier d'Europe ;Sparviere ;Eurasian Sparrowhawk
1130;112,154532;17,76301581;2008;Sperber;Epervier d'Europe ;Sparviere ;Eurasian Sparrowhawk
1130;108,8558693;17,51237175;2009;Sperber;Epervier d'Europe ;Sparviere ;Eurasian Sparrowhawk
1130;89,06389306;15,90834944;2010;Sperber;Epervier d'Europe ;Sparviere ;Eurasian Sparrowhawk
1130;89,06389306;15,90834944;2011;Sperber;Epervier d'Europe ;Sparviere ;Eurasian Sparrowhawk
1130;104,6560432;17,38627121;2012;Sperber;Epervier d'Europe ;Sparviere ;Eurasian Sparrowhawk
1130;69,7731978;14,1897943;2013;Sperber;Epervier d'Europe ;Sparviere ;Eurasian Sparrowhawk
1130;86,01182055;15,66610028;2014;Sperber;Epervier d'Europe ;Sparviere ;Eurasian Sparrowhawk
1130;89,06389306;15,90834944;2015;Sperber;Epervier d'Europe ;Sparviere ;Eurasian Sparrowhawk
1130;99,53396923;16,82809156;2016;Sperber;Epervier d'Europe ;Sparviere ;Eurasian Sparrowhawk
1130;83,33592506;15,48801733;2017;Sperber;Epervier d'Europe ;Sparviere ;Eurasian Sparrowhawk
1130;112,5026748;17,81665829;2018;Sperber;Epervier d'Europe ;Sparviere ;Eurasian Sparrowhawk
1130;135,445359;19,67595059;2019;Sperber;Epervier d'Europe ;Sparviere ;Eurasian Sparrowhawk
1130;109,0219275;17,53839867;2020;Sperber;Epervier d'Europe ;Sparviere ;Eurasian Sparrowhawk
1130;119,3201056;18,33655439;2021;Sperber;Epervier d'Europe ;Sparviere ;Eurasian Sparrowhawk
1130;83,61801439;15,53932802;2022;Sperber;Epervier d'Europe ;Sparviere ;Eurasian Sparrowhawk
1150;82,44660751;NA;1990;Mäusebussard;Buse variable ;Poiana;Common Buzzard
1150;88,60536909;10,29960871;1991;Mäusebussard;Buse variable ;Poiana;Common Buzzard
1150;91,1035013;11,42835856;1992;Mäusebussard;Buse variable ;Poiana;Common Buzzard
1150;96,07503173;12,30998521;1993;Mäusebussard;Buse variable ;Poiana;Common Buzzard
1150;85,50537665;10,82299649;1994;Mäusebussard;Buse variable ;Poiana;Common Buzzard
1150;80,75645205;10,23228054;1995;Mäusebussard;Buse variable ;Poiana;Common Buzzard
1150;89,45456914;11,71162929;1996;Mäusebussard;Buse variable ;Poiana;Common Buzzard
1150;85,81867375;11,6140266;1997;Mäusebussard;Buse variable ;Poiana;Common Buzzard
1150;82,55296363;6,407095685;1998;Mäusebussard;Buse variable ;Poiana;Common Buzzard
1150;83,78983957;4,755324117;1999;Mäusebussard;Buse variable ;Poiana;Common Buzzard
1150;89,79870926;4,692344172;2000;Mäusebussard;Buse variable ;Poiana;Common Buzzard
1150;103,409943;5,024212542;2001;Mäusebussard;Buse variable ;Poiana;Common Buzzard
1150;96,1385393;4,877973405;2002;Mäusebussard;Buse variable ;Poiana;Common Buzzard
1150;101,2145138;4,957368167;2003;Mäusebussard;Buse variable ;Poiana;Common Buzzard
1150;103,4355983;5,012952271;2004;Mäusebussard;Buse variable ;Poiana;Common Buzzard
1150;98,64285598;4,884061576;2005;Mäusebussard;Buse variable ;Poiana;Common Buzzard
1150;104,7535074;5,050214437;2006;Mäusebussard;Buse variable ;Poiana;Common Buzzard
1150;108,5522138;5,128715521;2007;Mäusebussard;Buse variable ;Poiana;Common Buzzard
1150;113,3975345;5,21748212;2008;Mäusebussard;Buse variable ;Poiana;Common Buzzard
1150;104,1615362;5,009975941;2009;Mäusebussard;Buse variable ;Poiana;Common Buzzard
1150;94,92553791;4,791739154;2010;Mäusebussard;Buse variable ;Poiana;Common Buzzard
1150;100,0778886;4,91541121;2011;Mäusebussard;Buse variable ;Poiana;Common Buzzard
1150;110,1108204;5,188281539;2012;Mäusebussard;Buse variable ;Poiana;Common Buzzard
1150;110,7795025;5,194570892;2013;Mäusebussard;Buse variable ;Poiana;Common Buzzard
1150;108,4927332;5,126011889;2014;Mäusebussard;Buse variable ;Poiana;Common Buzzard
1150;107,7762608;5,092933833;2015;Mäusebussard;Buse variable ;Poiana;Common Buzzard
1150;109,3379976;5,152786306;2016;Mäusebussard;Buse variable ;Poiana;Common Buzzard
1150;102,4699257;4,979595658;2017;Mäusebussard;Buse variable ;Poiana;Common Buzzard
1150;113,1890225;5,243637531;2018;Mäusebussard;Buse variable ;Poiana;Common Buzzard
1150;110,1289175;5,164760681;2019;Mäusebussard;Buse variable ;Poiana;Common Buzzard
1150;120,6081853;5,373429928;2020;Mäusebussard;Buse variable ;Poiana;Common Buzzard
1150;108,8715497;5,131253243;2021;Mäusebussard;Buse variable ;Poiana;Common Buzzard
1150;113,6183225;5,239204539;2022;Mäusebussard;Buse variable ;Poiana;Common Buzzard
1200;86,73675698;1,978525127;1990;Steinadler;Aigle royal ;Aquila reale;Golden Eagle
1200;86,73675698;1,949537278;1991;Steinadler;Aigle royal ;Aquila reale;Golden Eagle
1200;89,40558027;1,963029566;1992;Steinadler;Aigle royal ;Aquila reale;Golden Eagle
1200;89,40558027;1,954006724;1993;Steinadler;Aigle royal ;Aquila reale;Golden Eagle
1200;90,73999191;1,963335297;1994;Steinadler;Aigle royal ;Aquila reale;Golden Eagle
1200;90,73999191;1,960484185;1995;Steinadler;Aigle royal ;Aquila reale;Golden Eagle
1200;90,73999191;1,958791732;1996;Steinadler;Aigle royal ;Aquila reale;Golden Eagle
1200;90,73999191;1,957542032;1997;Steinadler;Aigle royal ;Aquila reale;Golden Eagle
1200;92,07440356;1,970466581;1998;Steinadler;Aigle royal ;Aquila reale;Golden Eagle
1200;93,4088152;1,98319703;1999;Steinadler;Aigle royal ;Aquila reale;Golden Eagle
1200;96,0776385;2,009676241;2000;Steinadler;Aigle royal ;Aquila reale;Golden Eagle
1200;96,0776385;2,008660705;2001;Steinadler;Aigle royal ;Aquila reale;Golden Eagle
1200;97,41205014;2,021569079;2002;Steinadler;Aigle royal ;Aquila reale;Golden Eagle
1200;97,41205014;2,020959356;2003;Steinadler;Aigle royal ;Aquila reale;Golden Eagle
1200;97,41205014;2,02041486;2004;Steinadler;Aigle royal ;Aquila reale;Golden Eagle
1200;97,41205014;2,019704462;2005;Steinadler;Aigle royal ;Aquila reale;Golden Eagle
1200;100,0808734;2,04584577;2006;Steinadler;Aigle royal ;Aquila reale;Golden Eagle
1200;100,0808734;2,044910878;2007;Steinadler;Aigle royal ;Aquila reale;Golden Eagle
1200;101,4152851;2,05736436;2008;Steinadler;Aigle royal ;Aquila reale;Golden Eagle
1200;101,4152851;2,056355341;2009;Steinadler;Aigle royal ;Aquila reale;Golden Eagle
1200;104,0841084;2,081696174;2010;Steinadler;Aigle royal ;Aquila reale;Golden Eagle
1200;105,41852;2,093833156;2011;Steinadler;Aigle royal ;Aquila reale;Golden Eagle
1200;105,41852;2,09323499;2012;Steinadler;Aigle royal ;Aquila reale;Golden Eagle
1200;105,41852;2,092891045;2013;Steinadler;Aigle royal ;Aquila reale;Golden Eagle
1200;105,41852;2,092655455;2014;Steinadler;Aigle royal ;Aquila reale;Golden Eagle
1200;105,41852;2,092428259;2015;Steinadler;Aigle royal ;Aquila reale;Golden Eagle
1200;106,7529317;2,105245007;2016;Steinadler;Aigle royal ;Aquila reale;Golden Eagle
1200;109,421755;2,131405253;2017;Steinadler;Aigle royal ;Aquila reale;Golden Eagle
1200;109,421755;2,133343115;2018;Steinadler;Aigle royal ;Aquila reale;Golden Eagle
1200;110,7561666;2,150916395;2019;Steinadler;Aigle royal ;Aquila reale;Golden Eagle
1200;114,7594015;2,199761147;2020;Steinadler;Aigle royal ;Aquila reale;Golden Eagle
1200;116,0938132;2,234839655;2021;Steinadler;Aigle royal ;Aquila reale;Golden Eagle
1200;116,0938132;2,278459336;2022;Steinadler;Aigle royal ;Aquila reale;Golden Eagle
1480;77,09357661;NA;1990;Turmfalke;Faucon crécerelle ;Gheppio ;Common Kestrel
1480;67,17934266;10,53657565;1991;Turmfalke;Faucon crécerelle ;Gheppio ;Common Kestrel
1480;60,96560039;9,287023768;1992;Turmfalke;Faucon crécerelle ;Gheppio ;Common Kestrel
1480;62,79271815;9,601095976;1993;Turmfalke;Faucon crécerelle ;Gheppio ;Common Kestrel
1480;71,61993267;11,49195382;1994;Turmfalke;Faucon crécerelle ;Gheppio ;Common Kestrel
1480;71,51971102;11,43443605;1995;Turmfalke;Faucon crécerelle ;Gheppio ;Common Kestrel
1480;62,36870348;9,729896838;1996;Turmfalke;Faucon crécerelle ;Gheppio ;Common Kestrel
1480;62,07574789;9,79632137;1997;Turmfalke;Faucon crécerelle ;Gheppio ;Common Kestrel
1480;62,86981173;8,862754856;1998;Turmfalke;Faucon crécerelle ;Gheppio ;Common Kestrel
1480;59,60698373;5,924482456;1999;Turmfalke;Faucon crécerelle ;Gheppio ;Common Kestrel
1480;66,36282599;5,963389743;2000;Turmfalke;Faucon crécerelle ;Gheppio ;Common Kestrel
1480;83,08575599;6,770527911;2001;Turmfalke;Faucon crécerelle ;Gheppio ;Common Kestrel
1480;77,39991802;6,46445291;2002;Turmfalke;Faucon crécerelle ;Gheppio ;Common Kestrel
1480;68,31447029;6,053104761;2003;Turmfalke;Faucon crécerelle ;Gheppio ;Common Kestrel
1480;86,76149886;6,761466669;2004;Turmfalke;Faucon crécerelle ;Gheppio ;Common Kestrel
1480;88,3105793;6,808885211;2005;Turmfalke;Faucon crécerelle ;Gheppio ;Common Kestrel
1480;109,3930342;7,584420487;2006;Turmfalke;Faucon crécerelle ;Gheppio ;Common Kestrel
1480;95,03106597;7,067098935;2007;Turmfalke;Faucon crécerelle ;Gheppio ;Common Kestrel
1480;111,7090268;7,61480204;2008;Turmfalke;Faucon crécerelle ;Gheppio ;Common Kestrel
1480;95,36136438;7,05746209;2009;Turmfalke;Faucon crécerelle ;Gheppio ;Common Kestrel
1480;105,3516025;7,403894335;2010;Turmfalke;Faucon crécerelle ;Gheppio ;Common Kestrel
1480;109,7148838;7,574621562;2011;Turmfalke;Faucon crécerelle ;Gheppio ;Common Kestrel
1480;112,2172435;7,71141537;2012;Turmfalke;Faucon crécerelle ;Gheppio ;Common Kestrel
1480;141,9050749;8,594856323;2013;Turmfalke;Faucon crécerelle ;Gheppio ;Common Kestrel
1480;120,0303649;7,915642101;2014;Turmfalke;Faucon crécerelle ;Gheppio ;Common Kestrel
1480;122,5190306;7,985016917;2015;Turmfalke;Faucon crécerelle ;Gheppio ;Common Kestrel
1480;140,4881354;8,567196414;2016;Turmfalke;Faucon crécerelle ;Gheppio ;Common Kestrel
1480;130,3433218;8,239715425;2017;Turmfalke;Faucon crécerelle ;Gheppio ;Common Kestrel
1480;133,6061625;8,296047825;2018;Turmfalke;Faucon crécerelle ;Gheppio ;Common Kestrel
1480;144,9596487;8,690375984;2019;Turmfalke;Faucon crécerelle ;Gheppio ;Common Kestrel
1480;157,2808411;8,987268707;2020;Turmfalke;Faucon crécerelle ;Gheppio ;Common Kestrel
1480;173,9984743;9,40442465;2021;Turmfalke;Faucon crécerelle ;Gheppio ;Common Kestrel
1480;167,7635477;9,249479243;2022;Turmfalke;Faucon crécerelle ;Gheppio ;Common Kestrel
1430;88,31061635;5,300881295;1990;Baumfalke;Faucon hobereau ;Lodolaio;Eurasian Hobby
1430;88,25581537;4,905696865;1991;Baumfalke;Faucon hobereau ;Lodolaio;Eurasian Hobby
1430;92,59449241;4,361347652;1992;Baumfalke;Faucon hobereau ;Lodolaio;Eurasian Hobby
1430;95,55460923;3,886535654;1993;Baumfalke;Faucon hobereau ;Lodolaio;Eurasian Hobby
1430;101,0472407;3,999717723;1994;Baumfalke;Faucon hobereau ;Lodolaio;Eurasian Hobby
1430;99,013514;3,537915163;1995;Baumfalke;Faucon hobereau ;Lodolaio;Eurasian Hobby
1430;96,92345849;3,147755195;1996;Baumfalke;Faucon hobereau ;Lodolaio;Eurasian Hobby
1430;95,95228874;3,282145649;1997;Baumfalke;Faucon hobereau ;Lodolaio;Eurasian Hobby
1430;93,44317639;3,47744717;1998;Baumfalke;Faucon hobereau ;Lodolaio;Eurasian Hobby
1430;100,5557878;3,145665074;1999;Baumfalke;Faucon hobereau ;Lodolaio;Eurasian Hobby
1430;99,55947785;3,106290475;2000;Baumfalke;Faucon hobereau ;Lodolaio;Eurasian Hobby
1430;96,48830186;3,173090282;2001;Baumfalke;Faucon hobereau ;Lodolaio;Eurasian Hobby
1430;95,2319751;3,394852374;2002;Baumfalke;Faucon hobereau ;Lodolaio;Eurasian Hobby
1430;93,82622031;3,487783954;2003;Baumfalke;Faucon hobereau ;Lodolaio;Eurasian Hobby
1430;92,33231093;3,275406455;2004;Baumfalke;Faucon hobereau ;Lodolaio;Eurasian Hobby
1430;91,68638641;3,460962399;2005;Baumfalke;Faucon hobereau ;Lodolaio;Eurasian Hobby
1430;97,16450117;2,856143963;2006;Baumfalke;Faucon hobereau ;Lodolaio;Eurasian Hobby
1430;98,7300864;2,668758927;2007;Baumfalke;Faucon hobereau ;Lodolaio;Eurasian Hobby
1430;99,22974535;2,626423038;2008;Baumfalke;Faucon hobereau ;Lodolaio;Eurasian Hobby
1430;97,47244357;2,893164652;2009;Baumfalke;Faucon hobereau ;Lodolaio;Eurasian Hobby
1430;100,071159;2,67440815;2010;Baumfalke;Faucon hobereau ;Lodolaio;Eurasian Hobby
1430;99,62168478;2,554041613;2011;Baumfalke;Faucon hobereau ;Lodolaio;Eurasian Hobby
1430;99,916598;2,474610883;2012;Baumfalke;Faucon hobereau ;Lodolaio;Eurasian Hobby
1430;106,0806977;2,304303154;2013;Baumfalke;Faucon hobereau ;Lodolaio;Eurasian Hobby
1430;104,2552978;2,3354759;2014;Baumfalke;Faucon hobereau ;Lodolaio;Eurasian Hobby
1430;103,7146721;2,141637206;2015;Baumfalke;Faucon hobereau ;Lodolaio;Eurasian Hobby
1430;104,3214635;2,367225307;2016;Baumfalke;Faucon hobereau ;Lodolaio;Eurasian Hobby
1430;104,7033587;2,786864177;2017;Baumfalke;Faucon hobereau ;Lodolaio;Eurasian Hobby
1430;106,8152943;2,685913787;2018;Baumfalke;Faucon hobereau ;Lodolaio;Eurasian Hobby
1430;109,9138509;2,395175648;2019;Baumfalke;Faucon hobereau ;Lodolaio;Eurasian Hobby
1430;116,129697;2,270187756;2020;Baumfalke;Faucon hobereau ;Lodolaio;Eurasian Hobby
1430;116,3075002;2,448765231;2021;Baumfalke;Faucon hobereau ;Lodolaio;Eurasian Hobby
1430;114,7762774;2,894003166;2022;Baumfalke;Faucon hobereau ;Lodolaio;Eurasian Hobby
1420;81,15333038;3,920870154;1990;Wanderfalke;Faucon pèlerin;Falco pellegrino;Peregrine Falcon
1420;85,92893599;3,623153477;1991;Wanderfalke;Faucon pèlerin;Falco pellegrino;Peregrine Falcon
1420;86,05354608;3,718716615;1992;Wanderfalke;Faucon pèlerin;Falco pellegrino;Peregrine Falcon
1420;85,97746859;3,845743898;1993;Wanderfalke;Faucon pèlerin;Falco pellegrino;Peregrine Falcon
1420;89,05423795;3,581060601;1994;Wanderfalke;Faucon pèlerin;Falco pellegrino;Peregrine Falcon
1420;91,90128839;3,260245853;1995;Wanderfalke;Faucon pèlerin;Falco pellegrino;Peregrine Falcon
1420;95,99705016;3,087685795;1996;Wanderfalke;Faucon pèlerin;Falco pellegrino;Peregrine Falcon
1420;99,27975052;2,944611913;1997;Wanderfalke;Faucon pèlerin;Falco pellegrino;Peregrine Falcon
1420;99,95141758;3,021189975;1998;Wanderfalke;Faucon pèlerin;Falco pellegrino;Peregrine Falcon
1420;100,9874076;3,03893144;1999;Wanderfalke;Faucon pèlerin;Falco pellegrino;Peregrine Falcon
1420;102,2826314;2,895805112;2000;Wanderfalke;Faucon pèlerin;Falco pellegrino;Peregrine Falcon
1420;101,5254059;2,950660926;2001;Wanderfalke;Faucon pèlerin;Falco pellegrino;Peregrine Falcon
1420;101,7433753;3,099108166;2002;Wanderfalke;Faucon pèlerin;Falco pellegrino;Peregrine Falcon
1420;103,4237558;3,02578363;2003;Wanderfalke;Faucon pèlerin;Falco pellegrino;Peregrine Falcon
1420;103,8066298;3,112668864;2004;Wanderfalke;Faucon pèlerin;Falco pellegrino;Peregrine Falcon
1420;105,0966192;2,994949312;2005;Wanderfalke;Faucon pèlerin;Falco pellegrino;Peregrine Falcon
1420;103,8623498;3,183832117;2006;Wanderfalke;Faucon pèlerin;Falco pellegrino;Peregrine Falcon
1420;104,9510362;2,762094753;2007;Wanderfalke;Faucon pèlerin;Falco pellegrino;Peregrine Falcon
1420;104,8018504;2,594652543;2008;Wanderfalke;Faucon pèlerin;Falco pellegrino;Peregrine Falcon
1420;103,41597;2,441014857;2009;Wanderfalke;Faucon pèlerin;Falco pellegrino;Peregrine Falcon
1420;101,1477299;2,651883503;2010;Wanderfalke;Faucon pèlerin;Falco pellegrino;Peregrine Falcon
1420;106,0120549;2,638730676;2011;Wanderfalke;Faucon pèlerin;Falco pellegrino;Peregrine Falcon
1420;105,4909907;2,772050007;2012;Wanderfalke;Faucon pèlerin;Falco pellegrino;Peregrine Falcon
1420;110,597232;2,352629337;2013;Wanderfalke;Faucon pèlerin;Falco pellegrino;Peregrine Falcon
1420;107,6645494;2,390013253;2014;Wanderfalke;Faucon pèlerin;Falco pellegrino;Peregrine Falcon
1420;103,8393786;2,405977067;2015;Wanderfalke;Faucon pèlerin;Falco pellegrino;Peregrine Falcon
1420;101,4030096;2,25044075;2016;Wanderfalke;Faucon pèlerin;Falco pellegrino;Peregrine Falcon
1420;101,3555;2,201227232;2017;Wanderfalke;Faucon pèlerin;Falco pellegrino;Peregrine Falcon
1420;102,25553;2,363593348;2018;Wanderfalke;Faucon pèlerin;Falco pellegrino;Peregrine Falcon
1420;97,88821963;2,338137512;2019;Wanderfalke;Faucon pèlerin;Falco pellegrino;Peregrine Falcon
1420;102,0496789;2,181538273;2020;Wanderfalke;Faucon pèlerin;Falco pellegrino;Peregrine Falcon
1420;102,3883352;2,055977794;2021;Wanderfalke;Faucon pèlerin;Falco pellegrino;Peregrine Falcon
1420;106,7137342;2,28972254;2022;Wanderfalke;Faucon pèlerin;Falco pellegrino;Peregrine Falcon
1670;108,0386136;12,83397129;1990;Wasserralle;Râle d'eau;Porciglione ;Water Rail
1670;101,202605;12,0781032;1991;Wasserralle;Râle d'eau;Porciglione ;Water Rail
1670;87,52239893;10,47291489;1992;Wasserralle;Râle d'eau;Porciglione ;Water Rail
1670;100,6811727;10,15613068;1993;Wasserralle;Râle d'eau;Porciglione ;Water Rail
1670;107,6173414;10,31450386;1994;Wasserralle;Râle d'eau;Porciglione ;Water Rail
1670;124,7909855;11,2787819;1995;Wasserralle;Râle d'eau;Porciglione ;Water Rail
1670;101,1194898;10,25939833;1996;Wasserralle;Râle d'eau;Porciglione ;Water Rail
1670;95,86582134;9,638182756;1997;Wasserralle;Râle d'eau;Porciglione ;Water Rail
1670;106,2012583;10,58252577;1998;Wasserralle;Râle d'eau;Porciglione ;Water Rail
1670;95,31229153;9,828211572;1999;Wasserralle;Râle d'eau;Porciglione ;Water Rail
1670;89,2717281;8,60770194;2000;Wasserralle;Râle d'eau;Porciglione ;Water Rail
1670;102,3609872;9,248625181;2001;Wasserralle;Râle d'eau;Porciglione ;Water Rail
1670;94,06315223;8,988592114;2002;Wasserralle;Râle d'eau;Porciglione ;Water Rail
1670;98,81186459;8,965349727;2003;Wasserralle;Râle d'eau;Porciglione ;Water Rail
1670;96,38380181;8,237902994;2004;Wasserralle;Râle d'eau;Porciglione ;Water Rail
1670;84,41182697;7,495933702;2005;Wasserralle;Râle d'eau;Porciglione ;Water Rail
1670;92,43813216;8,139183067;2006;Wasserralle;Râle d'eau;Porciglione ;Water Rail
1670;105,9899263;8,55491505;2007;Wasserralle;Râle d'eau;Porciglione ;Water Rail
1670;106,8012252;8,823172281;2008;Wasserralle;Râle d'eau;Porciglione ;Water Rail
1670;77,47453002;7,572361106;2009;Wasserralle;Râle d'eau;Porciglione ;Water Rail
1670;68,4507841;7,030392602;2010;Wasserralle;Râle d'eau;Porciglione ;Water Rail
1670;74,7315906;7,257912109;2011;Wasserralle;Râle d'eau;Porciglione ;Water Rail
1670;56,93098026;6,132854015;2012;Wasserralle;Râle d'eau;Porciglione ;Water Rail
1670;85,53779665;7,359322392;2013;Wasserralle;Râle d'eau;Porciglione ;Water Rail
1670;86,206318;7,073588377;2014;Wasserralle;Râle d'eau;Porciglione ;Water Rail
1670;119,9364268;8,116718105;2015;Wasserralle;Râle d'eau;Porciglione ;Water Rail
1670;117,7164871;7,867604533;2016;Wasserralle;Râle d'eau;Porciglione ;Water Rail
1670;108,5205069;7,104345986;2017;Wasserralle;Râle d'eau;Porciglione ;Water Rail
1670;120,8496447;7,566187641;2018;Wasserralle;Râle d'eau;Porciglione ;Water Rail
1670;100,9854233;6,783761292;2019;Wasserralle;Râle d'eau;Porciglione ;Water Rail
1670;133,1505119;8,009457397;2020;Wasserralle;Râle d'eau;Porciglione ;Water Rail
1670;144,0295635;8,283898632;2021;Wasserralle;Râle d'eau;Porciglione ;Water Rail
1670;106,5948136;7,134864464;2022;Wasserralle;Râle d'eau;Porciglione ;Water Rail
1710;100;0;1990;Tüpfelsumpfhuhn;Marouette ponctuée;Voltolino ;Spotted Crake 
1710;66,66666667;0;1991;Tüpfelsumpfhuhn;Marouette ponctuée;Voltolino ;Spotted Crake 
1710;141,6666667;0;1992;Tüpfelsumpfhuhn;Marouette ponctuée;Voltolino ;Spotted Crake 
1710;33,33333333;0;1993;Tüpfelsumpfhuhn;Marouette ponctuée;Voltolino ;Spotted Crake 
1710;50;0;1994;Tüpfelsumpfhuhn;Marouette ponctuée;Voltolino ;Spotted Crake 
1710;100;0;1995;Tüpfelsumpfhuhn;Marouette ponctuée;Voltolino ;Spotted Crake 
1710;58,33333333;0;1996;Tüpfelsumpfhuhn;Marouette ponctuée;Voltolino ;Spotted Crake 
1710;75;0;1997;Tüpfelsumpfhuhn;Marouette ponctuée;Voltolino ;Spotted Crake 
1710;41,66666667;0;1998;Tüpfelsumpfhuhn;Marouette ponctuée;Voltolino ;Spotted Crake 
1710;133,3333333;0;1999;Tüpfelsumpfhuhn;Marouette ponctuée;Voltolino ;Spotted Crake 
1710;141,6666667;0;2000;Tüpfelsumpfhuhn;Marouette ponctuée;Voltolino ;Spotted Crake 
1710;91,66666667;0;2001;Tüpfelsumpfhuhn;Marouette ponctuée;Voltolino ;Spotted Crake 
1710;50;0;2002;Tüpfelsumpfhuhn;Marouette ponctuée;Voltolino ;Spotted Crake 
1710;83,33333333;0;2003;Tüpfelsumpfhuhn;Marouette ponctuée;Voltolino ;Spotted Crake 
1710;50;0;2004;Tüpfelsumpfhuhn;Marouette ponctuée;Voltolino ;Spotted Crake 
1710;83,33333333;0;2005;Tüpfelsumpfhuhn;Marouette ponctuée;Voltolino ;Spotted Crake 
1710;75;0;2006;Tüpfelsumpfhuhn;Marouette ponctuée;Voltolino ;Spotted Crake 
1710;83,33333333;0;2007;Tüpfelsumpfhuhn;Marouette ponctuée;Voltolino ;Spotted Crake 
1710;108,3333333;0;2008;Tüpfelsumpfhuhn;Marouette ponctuée;Voltolino ;Spotted Crake 
1710;41,66666667;0;2009;Tüpfelsumpfhuhn;Marouette ponctuée;Voltolino ;Spotted Crake 
1710;58,33333333;0;2010;Tüpfelsumpfhuhn;Marouette ponctuée;Voltolino ;Spotted Crake 
1710;75;0;2011;Tüpfelsumpfhuhn;Marouette ponctuée;Voltolino ;Spotted Crake 
1710;116,6666667;0;2012;Tüpfelsumpfhuhn;Marouette ponctuée;Voltolino ;Spotted Crake 
1710;133,3333333;0;2013;Tüpfelsumpfhuhn;Marouette ponctuée;Voltolino ;Spotted Crake 
1710;141,6666667;0;2014;Tüpfelsumpfhuhn;Marouette ponctuée;Voltolino ;Spotted Crake 
1710;108,3333333;0;2015;Tüpfelsumpfhuhn;Marouette ponctuée;Voltolino ;Spotted Crake 
1710;108,3333333;0;2016;Tüpfelsumpfhuhn;Marouette ponctuée;Voltolino ;Spotted Crake 
1710;75;0;2017;Tüpfelsumpfhuhn;Marouette ponctuée;Voltolino ;Spotted Crake 
1710;175;0;2018;Tüpfelsumpfhuhn;Marouette ponctuée;Voltolino ;Spotted Crake 
1710;133,3333333;0;2019;Tüpfelsumpfhuhn;Marouette ponctuée;Voltolino ;Spotted Crake 
1710;175;0;2020;Tüpfelsumpfhuhn;Marouette ponctuée;Voltolino ;Spotted Crake 
1710;183,3333333;0;2021;Tüpfelsumpfhuhn;Marouette ponctuée;Voltolino ;Spotted Crake 
1710;208,3333333;0;2022;Tüpfelsumpfhuhn;Marouette ponctuée;Voltolino ;Spotted Crake 
1690;102,0618557;0;1990;Kleines Sumpfhuhn;Marouette poussin ;Schiribilla ;Little Crake
1690;34,02061856;0;1991;Kleines Sumpfhuhn;Marouette poussin ;Schiribilla ;Little Crake
1690;0;0;1992;Kleines Sumpfhuhn;Marouette poussin ;Schiribilla ;Little Crake
1690;34,02061856;0;1993;Kleines Sumpfhuhn;Marouette poussin ;Schiribilla ;Little Crake
1690;68,04123711;0;1994;Kleines Sumpfhuhn;Marouette poussin ;Schiribilla ;Little Crake
1690;34,02061856;0;1995;Kleines Sumpfhuhn;Marouette poussin ;Schiribilla ;Little Crake
1690;34,02061856;0;1996;Kleines Sumpfhuhn;Marouette poussin ;Schiribilla ;Little Crake
1690;34,02061856;0;1997;Kleines Sumpfhuhn;Marouette poussin ;Schiribilla ;Little Crake
1690;68,04123711;0;1998;Kleines Sumpfhuhn;Marouette poussin ;Schiribilla ;Little Crake
1690;0;0;1999;Kleines Sumpfhuhn;Marouette poussin ;Schiribilla ;Little Crake
1690;34,02061856;0;2000;Kleines Sumpfhuhn;Marouette poussin ;Schiribilla ;Little Crake
1690;68,04123711;0;2001;Kleines Sumpfhuhn;Marouette poussin ;Schiribilla ;Little Crake
1690;34,02061856;0;2002;Kleines Sumpfhuhn;Marouette poussin ;Schiribilla ;Little Crake
1690;34,02061856;0;2003;Kleines Sumpfhuhn;Marouette poussin ;Schiribilla ;Little Crake
1690;102,0618557;0;2004;Kleines Sumpfhuhn;Marouette poussin ;Schiribilla ;Little Crake
1690;102,0618557;0;2005;Kleines Sumpfhuhn;Marouette poussin ;Schiribilla ;Little Crake
1690;0;0;2006;Kleines Sumpfhuhn;Marouette poussin ;Schiribilla ;Little Crake
1690;68,04123711;0;2007;Kleines Sumpfhuhn;Marouette poussin ;Schiribilla ;Little Crake
1690;136,0824742;0;2008;Kleines Sumpfhuhn;Marouette poussin ;Schiribilla ;Little Crake
1690;34,02061856;0;2009;Kleines Sumpfhuhn;Marouette poussin ;Schiribilla ;Little Crake
1690;68,04123711;0;2010;Kleines Sumpfhuhn;Marouette poussin ;Schiribilla ;Little Crake
1690;34,02061856;0;2011;Kleines Sumpfhuhn;Marouette poussin ;Schiribilla ;Little Crake
1690;340,2061856;0;2012;Kleines Sumpfhuhn;Marouette poussin ;Schiribilla ;Little Crake
1690;170,1030928;0;2013;Kleines Sumpfhuhn;Marouette poussin ;Schiribilla ;Little Crake
1690;34,02061856;0;2014;Kleines Sumpfhuhn;Marouette poussin ;Schiribilla ;Little Crake
1690;102,0618557;0;2015;Kleines Sumpfhuhn;Marouette poussin ;Schiribilla ;Little Crake
1690;170,1030928;0;2016;Kleines Sumpfhuhn;Marouette poussin ;Schiribilla ;Little Crake
1690;272,1649485;0;2017;Kleines Sumpfhuhn;Marouette poussin ;Schiribilla ;Little Crake
1690;204,1237113;0;2018;Kleines Sumpfhuhn;Marouette poussin ;Schiribilla ;Little Crake
1690;204,1237113;0;2019;Kleines Sumpfhuhn;Marouette poussin ;Schiribilla ;Little Crake
1690;272,1649485;0;2020;Kleines Sumpfhuhn;Marouette poussin ;Schiribilla ;Little Crake
1690;136,0824742;0;2021;Kleines Sumpfhuhn;Marouette poussin ;Schiribilla ;Little Crake
1690;272,1649485;0;2022;Kleines Sumpfhuhn;Marouette poussin ;Schiribilla ;Little Crake
1680;24,80620155;8,731380551;1995;Wachtelkönig;Râle des genêts ;Re di quaglie ;Corn Crake
1680;49,6124031;12,29272616;1996;Wachtelkönig;Râle des genêts ;Re di quaglie ;Corn Crake
1680;71,31782946;14,68018944;1997;Wachtelkönig;Râle des genêts ;Re di quaglie ;Corn Crake
1680;37,20930233;10,66979022;1998;Wachtelkönig;Râle des genêts ;Re di quaglie ;Corn Crake
1680;210,8527132;24,5880507;1999;Wachtelkönig;Râle des genêts ;Re di quaglie ;Corn Crake
1680;269,7674419;27,49356845;2000;Wachtelkönig;Râle des genêts ;Re di quaglie ;Corn Crake
1680;65,11627907;14,04333791;2001;Wachtelkönig;Râle des genêts ;Re di quaglie ;Corn Crake
1680;142,6356589;20,48781919;2002;Wachtelkönig;Râle des genêts ;Re di quaglie ;Corn Crake
1680;117,8294574;18,70795247;2003;Wachtelkönig;Râle des genêts ;Re di quaglie ;Corn Crake
1680;74,41860465;14,98740572;2004;Wachtelkönig;Râle des genêts ;Re di quaglie ;Corn Crake
1680;43,41085271;11,5117488;2005;Wachtelkönig;Râle des genêts ;Re di quaglie ;Corn Crake
1680;55,81395349;13,0236973;2006;Wachtelkönig;Râle des genêts ;Re di quaglie ;Corn Crake
1680;102,3255814;17,48408874;2007;Wachtelkönig;Râle des genêts ;Re di quaglie ;Corn Crake
1680;37,20930233;10,66979022;2008;Wachtelkönig;Râle des genêts ;Re di quaglie ;Corn Crake
1680;49,6124031;12,29272616;2009;Wachtelkönig;Râle des genêts ;Re di quaglie ;Corn Crake
1680;46,51162791;11,90908838;2010;Wachtelkönig;Râle des genêts ;Re di quaglie ;Corn Crake
1680;80,62015504;15,58162961;2011;Wachtelkönig;Râle des genêts ;Re di quaglie ;Corn Crake
1680;127,1317829;19,39867054;2012;Wachtelkönig;Râle des genêts ;Re di quaglie ;Corn Crake
1680;93,02325581;16,6991419;2013;Wachtelkönig;Râle des genêts ;Re di quaglie ;Corn Crake
1680;210,8527132;24,5880507;2014;Wachtelkönig;Râle des genêts ;Re di quaglie ;Corn Crake
1680;158,1395349;21,50954835;2015;Wachtelkönig;Râle des genêts ;Re di quaglie ;Corn Crake
1680;102,3255814;17,48408874;2016;Wachtelkönig;Râle des genêts ;Re di quaglie ;Corn Crake
1680;68,21705426;14,36566387;2017;Wachtelkönig;Râle des genêts ;Re di quaglie ;Corn Crake
1680;93,02325581;16,6991419;2018;Wachtelkönig;Râle des genêts ;Re di quaglie ;Corn Crake
1680;71,31782946;14,68018944;2019;Wachtelkönig;Râle des genêts ;Re di quaglie ;Corn Crake
1680;297,6744186;28,72094926;2020;Wachtelkönig;Râle des genêts ;Re di quaglie ;Corn Crake
1680;49,6124031;12,29272616;2021;Wachtelkönig;Râle des genêts ;Re di quaglie ;Corn Crake
1680;49,6124031;12,29272616;2022;Wachtelkönig;Râle des genêts ;Re di quaglie ;Corn Crake
1730;84,82191919;12,80942688;1990;Teichhuhn;Gallinule poule-d'eau ;Gallinella d'acqua;Common Moorhen
1730;93,84694554;12,97253704;1991;Teichhuhn;Gallinule poule-d'eau ;Gallinella d'acqua;Common Moorhen
1730;98,25418461;11,47496361;1992;Teichhuhn;Gallinule poule-d'eau ;Gallinella d'acqua;Common Moorhen
1730;98,48888028;10,55285007;1993;Teichhuhn;Gallinule poule-d'eau ;Gallinella d'acqua;Common Moorhen
1730;113,7676318;10,92731267;1994;Teichhuhn;Gallinule poule-d'eau ;Gallinella d'acqua;Common Moorhen
1730;102,6127309;10,43036305;1995;Teichhuhn;Gallinule poule-d'eau ;Gallinella d'acqua;Common Moorhen
1730;82,61155713;9,473491606;1996;Teichhuhn;Gallinule poule-d'eau ;Gallinella d'acqua;Common Moorhen
1730;78,21809073;9,168980513;1997;Teichhuhn;Gallinule poule-d'eau ;Gallinella d'acqua;Common Moorhen
1730;95,27759752;10,02136587;1998;Teichhuhn;Gallinule poule-d'eau ;Gallinella d'acqua;Common Moorhen
1730;87,2660384;9,471154955;1999;Teichhuhn;Gallinule poule-d'eau ;Gallinella d'acqua;Common Moorhen
1730;87,86923685;7,921634878;2000;Teichhuhn;Gallinule poule-d'eau ;Gallinella d'acqua;Common Moorhen
1730;98,57923872;8,463398889;2001;Teichhuhn;Gallinule poule-d'eau ;Gallinella d'acqua;Common Moorhen
1730;65,52471993;6,847710574;2002;Teichhuhn;Gallinule poule-d'eau ;Gallinella d'acqua;Common Moorhen
1730;84,61162095;7,733644048;2003;Teichhuhn;Gallinule poule-d'eau ;Gallinella d'acqua;Common Moorhen
1730;84,04552992;7,352996606;2004;Teichhuhn;Gallinule poule-d'eau ;Gallinella d'acqua;Common Moorhen
1730;80,36129375;6,730114331;2005;Teichhuhn;Gallinule poule-d'eau ;Gallinella d'acqua;Common Moorhen
1730;85,06774473;6,879281339;2006;Teichhuhn;Gallinule poule-d'eau ;Gallinella d'acqua;Common Moorhen
1730;91,91496667;7,118304231;2007;Teichhuhn;Gallinule poule-d'eau ;Gallinella d'acqua;Common Moorhen
1730;111,730051;7,836007589;2008;Teichhuhn;Gallinule poule-d'eau ;Gallinella d'acqua;Common Moorhen
1730;85,75356057;6,886757693;2009;Teichhuhn;Gallinule poule-d'eau ;Gallinella d'acqua;Common Moorhen
1730;88,0335465;6,961869927;2010;Teichhuhn;Gallinule poule-d'eau ;Gallinella d'acqua;Common Moorhen
1730;85,84923277;6,656968186;2011;Teichhuhn;Gallinule poule-d'eau ;Gallinella d'acqua;Common Moorhen
1730;87,38614299;6,71844618;2012;Teichhuhn;Gallinule poule-d'eau ;Gallinella d'acqua;Common Moorhen
1730;100,2951268;7,167313542;2013;Teichhuhn;Gallinule poule-d'eau ;Gallinella d'acqua;Common Moorhen
1730;101,5362595;7,17540388;2014;Teichhuhn;Gallinule poule-d'eau ;Gallinella d'acqua;Common Moorhen
1730;115,1233282;7,59556678;2015;Teichhuhn;Gallinule poule-d'eau ;Gallinella d'acqua;Common Moorhen
1730;144,549395;8,49305176;2016;Teichhuhn;Gallinule poule-d'eau ;Gallinella d'acqua;Common Moorhen
1730;124,5448174;7,639135392;2017;Teichhuhn;Gallinule poule-d'eau ;Gallinella d'acqua;Common Moorhen
1730;116,9415641;7,401206762;2018;Teichhuhn;Gallinule poule-d'eau ;Gallinella d'acqua;Common Moorhen
1730;120,7717524;7,382373828;2019;Teichhuhn;Gallinule poule-d'eau ;Gallinella d'acqua;Common Moorhen
1730;140,074096;8,096205468;2020;Teichhuhn;Gallinule poule-d'eau ;Gallinella d'acqua;Common Moorhen
1730;130,4535204;7,694675383;2021;Teichhuhn;Gallinule poule-d'eau ;Gallinella d'acqua;Common Moorhen
1730;133,8176787;8,207957879;2022;Teichhuhn;Gallinule poule-d'eau ;Gallinella d'acqua;Common Moorhen
1770;92,09180595;9,935564467;1990;Blässhuhn;Foulque macroule;Folaga;Eurasian Coot 
1770;90,04929653;9,490695488;1991;Blässhuhn;Foulque macroule;Folaga;Eurasian Coot 
1770;87,3576258;8,644129564;1992;Blässhuhn;Foulque macroule;Folaga;Eurasian Coot 
1770;88,18053434;8,344350207;1993;Blässhuhn;Foulque macroule;Folaga;Eurasian Coot 
1770;89,91545077;8,538896797;1994;Blässhuhn;Foulque macroule;Folaga;Eurasian Coot 
1770;83,41657719;8,287376622;1995;Blässhuhn;Foulque macroule;Folaga;Eurasian Coot 
1770;86,74888023;8,318904711;1996;Blässhuhn;Foulque macroule;Folaga;Eurasian Coot 
1770;97,24927789;8,747242566;1997;Blässhuhn;Foulque macroule;Folaga;Eurasian Coot 
1770;101,717437;9,205130663;1998;Blässhuhn;Foulque macroule;Folaga;Eurasian Coot 
1770;127,3471074;8,728104349;1999;Blässhuhn;Foulque macroule;Folaga;Eurasian Coot 
1770;93,59087557;6,891827121;2000;Blässhuhn;Foulque macroule;Folaga;Eurasian Coot 
1770;98,48192616;7,069121692;2001;Blässhuhn;Foulque macroule;Folaga;Eurasian Coot 
1770;90,33406167;6,807749217;2002;Blässhuhn;Foulque macroule;Folaga;Eurasian Coot 
1770;84,09654259;5,970083815;2003;Blässhuhn;Foulque macroule;Folaga;Eurasian Coot 
1770;90,24170904;5,498798779;2004;Blässhuhn;Foulque macroule;Folaga;Eurasian Coot 
1770;91,17632181;5,292800183;2005;Blässhuhn;Foulque macroule;Folaga;Eurasian Coot 
1770;92,49400757;5,231324772;2006;Blässhuhn;Foulque macroule;Folaga;Eurasian Coot 
1770;93,91097047;5,25939296;2007;Blässhuhn;Foulque macroule;Folaga;Eurasian Coot 
1770;107,5651156;5,576288407;2008;Blässhuhn;Foulque macroule;Folaga;Eurasian Coot 
1770;98,37488627;5,272069282;2009;Blässhuhn;Foulque macroule;Folaga;Eurasian Coot 
1770;94,40718089;5,240748937;2010;Blässhuhn;Foulque macroule;Folaga;Eurasian Coot 
1770;98,94202705;4,998867243;2011;Blässhuhn;Foulque macroule;Folaga;Eurasian Coot 
1770;97,64200876;4,830430219;2012;Blässhuhn;Foulque macroule;Folaga;Eurasian Coot 
1770;101,054198;4,798560497;2013;Blässhuhn;Foulque macroule;Folaga;Eurasian Coot 
1770;116,0004545;5,197682379;2014;Blässhuhn;Foulque macroule;Folaga;Eurasian Coot 
1770;112,0896945;5,039649698;2015;Blässhuhn;Foulque macroule;Folaga;Eurasian Coot 
1770;116,5626136;5,126453896;2016;Blässhuhn;Foulque macroule;Folaga;Eurasian Coot 
1770;111,2192198;4,845468798;2017;Blässhuhn;Foulque macroule;Folaga;Eurasian Coot 
1770;109,9148237;4,81286725;2018;Blässhuhn;Foulque macroule;Folaga;Eurasian Coot 
1770;114,5236785;4,883678319;2019;Blässhuhn;Foulque macroule;Folaga;Eurasian Coot 
1770;114,5386182;4,905838434;2020;Blässhuhn;Foulque macroule;Folaga;Eurasian Coot 
1770;114,8347276;4,874815564;2021;Blässhuhn;Foulque macroule;Folaga;Eurasian Coot 
1770;113,930345;5,008628381;2022;Blässhuhn;Foulque macroule;Folaga;Eurasian Coot 
1850;152,5397471;12,91882916;1990;Kiebitz;Vanneau huppé ;Pavoncella;Northern Lapwing
1850;139,2197452;11,16116533;1991;Kiebitz;Vanneau huppé ;Pavoncella;Northern Lapwing
1850;130,0641538;9,403501496;1992;Kiebitz;Vanneau huppé ;Pavoncella;Northern Lapwing
1850;147,3187487;10,01868384;1993;Kiebitz;Vanneau huppé ;Pavoncella;Northern Lapwing
1850;141,1023803;8,788319155;1994;Kiebitz;Vanneau huppé ;Pavoncella;Northern Lapwing
1850;152,0906197;7,997370431;1995;Kiebitz;Vanneau huppé ;Pavoncella;Northern Lapwing
1850;135,4114811;7,406355968;1996;Kiebitz;Vanneau huppé ;Pavoncella;Northern Lapwing
1850;120,7763768;6,854888941;1997;Kiebitz;Vanneau huppé ;Pavoncella;Northern Lapwing
1850;119,9207369;6,879056819;1998;Kiebitz;Vanneau huppé ;Pavoncella;Northern Lapwing
1850;110,8798992;6,76700575;1999;Kiebitz;Vanneau huppé ;Pavoncella;Northern Lapwing
1850;108,0903278;8,319117315;2000;Kiebitz;Vanneau huppé ;Pavoncella;Northern Lapwing
1850;88,29562962;7,526637549;2001;Kiebitz;Vanneau huppé ;Pavoncella;Northern Lapwing
1850;57,39705104;6,133981887;2002;Kiebitz;Vanneau huppé ;Pavoncella;Northern Lapwing
1850;66,16994929;6,662070926;2003;Kiebitz;Vanneau huppé ;Pavoncella;Northern Lapwing
1850;53,99413601;5,997110851;2004;Kiebitz;Vanneau huppé ;Pavoncella;Northern Lapwing
1850;48,1952019;5,333781359;2005;Kiebitz;Vanneau huppé ;Pavoncella;Northern Lapwing
1850;68,57289916;6,273039599;2006;Kiebitz;Vanneau huppé ;Pavoncella;Northern Lapwing
1850;64,03964546;6,002564917;2007;Kiebitz;Vanneau huppé ;Pavoncella;Northern Lapwing
1850;56,57786069;5,664826847;2008;Kiebitz;Vanneau huppé ;Pavoncella;Northern Lapwing
1850;53,34585556;5,582510645;2009;Kiebitz;Vanneau huppé ;Pavoncella;Northern Lapwing
1850;74,23817334;6,522759061;2010;Kiebitz;Vanneau huppé ;Pavoncella;Northern Lapwing
1850;73,2829058;6,442571487;2011;Kiebitz;Vanneau huppé ;Pavoncella;Northern Lapwing
1850;75,94992945;6,589141859;2012;Kiebitz;Vanneau huppé ;Pavoncella;Northern Lapwing
1850;81,230586;6,748650861;2013;Kiebitz;Vanneau huppé ;Pavoncella;Northern Lapwing
1850;86,87510696;6,977517472;2014;Kiebitz;Vanneau huppé ;Pavoncella;Northern Lapwing
1850;104,683092;7,510811827;2015;Kiebitz;Vanneau huppé ;Pavoncella;Northern Lapwing
1850;104,1047324;7,491550423;2016;Kiebitz;Vanneau huppé ;Pavoncella;Northern Lapwing
1850;109,8883286;7,68125259;2017;Kiebitz;Vanneau huppé ;Pavoncella;Northern Lapwing
1850;120,4095515;0;2018;Kiebitz;Vanneau huppé ;Pavoncella;Northern Lapwing
1850;120,9940639;0;2019;Kiebitz;Vanneau huppé ;Pavoncella;Northern Lapwing
1850;109,8883286;0;2020;Kiebitz;Vanneau huppé ;Pavoncella;Northern Lapwing
1850;107,550279;0;2021;Kiebitz;Vanneau huppé ;Pavoncella;Northern Lapwing
1850;116,9024772;0;2022;Kiebitz;Vanneau huppé ;Pavoncella;Northern Lapwing
1920;91,21485075;6,394808977;1990;Flussregenpfeifer;Petit Gravelot;Corriere piccolo;Little Ringed Plover
1920;84,66365423;6,289134868;1991;Flussregenpfeifer;Petit Gravelot;Corriere piccolo;Little Ringed Plover
1920;89,51990931;5,298407846;1992;Flussregenpfeifer;Petit Gravelot;Corriere piccolo;Little Ringed Plover
1920;88,23337176;5,366131522;1993;Flussregenpfeifer;Petit Gravelot;Corriere piccolo;Little Ringed Plover
1920;91,29456398;4,650496725;1994;Flussregenpfeifer;Petit Gravelot;Corriere piccolo;Little Ringed Plover
1920;94,4488775;4,449060482;1995;Flussregenpfeifer;Petit Gravelot;Corriere piccolo;Little Ringed Plover
1920;99,4884192;4,284539247;1996;Flussregenpfeifer;Petit Gravelot;Corriere piccolo;Little Ringed Plover
1920;99,14046231;4,445799975;1997;Flussregenpfeifer;Petit Gravelot;Corriere piccolo;Little Ringed Plover
1920;102,4393982;4,495595685;1998;Flussregenpfeifer;Petit Gravelot;Corriere piccolo;Little Ringed Plover
1920;107,4769376;4,68387715;1999;Flussregenpfeifer;Petit Gravelot;Corriere piccolo;Little Ringed Plover
1920;106,0225418;4,834706035;2000;Flussregenpfeifer;Petit Gravelot;Corriere piccolo;Little Ringed Plover
1920;110,0490354;4,983333372;2001;Flussregenpfeifer;Petit Gravelot;Corriere piccolo;Little Ringed Plover
1920;110,5405675;4,673765148;2002;Flussregenpfeifer;Petit Gravelot;Corriere piccolo;Little Ringed Plover
1920;105,7838261;4,802427152;2003;Flussregenpfeifer;Petit Gravelot;Corriere piccolo;Little Ringed Plover
1920;102,5160982;4,510085765;2004;Flussregenpfeifer;Petit Gravelot;Corriere piccolo;Little Ringed Plover
1920;100,7328363;4,763737367;2005;Flussregenpfeifer;Petit Gravelot;Corriere piccolo;Little Ringed Plover
1920;104,0469107;4,403609031;2006;Flussregenpfeifer;Petit Gravelot;Corriere piccolo;Little Ringed Plover
1920;103,2648578;4,371509909;2007;Flussregenpfeifer;Petit Gravelot;Corriere piccolo;Little Ringed Plover
1920;101,3069941;4,222239624;2008;Flussregenpfeifer;Petit Gravelot;Corriere piccolo;Little Ringed Plover
1920;99,36311181;4,378745355;2009;Flussregenpfeifer;Petit Gravelot;Corriere piccolo;Little Ringed Plover
1920;101,3965877;3,871036381;2010;Flussregenpfeifer;Petit Gravelot;Corriere piccolo;Little Ringed Plover
1920;105,6976922;4,24769725;2011;Flussregenpfeifer;Petit Gravelot;Corriere piccolo;Little Ringed Plover
1920;96,82551401;3,941434777;2012;Flussregenpfeifer;Petit Gravelot;Corriere piccolo;Little Ringed Plover
1920;94,21075659;3,990955691;2013;Flussregenpfeifer;Petit Gravelot;Corriere piccolo;Little Ringed Plover
1920;102,539912;4,056610686;2014;Flussregenpfeifer;Petit Gravelot;Corriere piccolo;Little Ringed Plover
1920;98,35518668;4,086588173;2015;Flussregenpfeifer;Petit Gravelot;Corriere piccolo;Little Ringed Plover
1920;96,91641317;3,811145271;2016;Flussregenpfeifer;Petit Gravelot;Corriere piccolo;Little Ringed Plover
1920;97,84187609;3,472229477;2017;Flussregenpfeifer;Petit Gravelot;Corriere piccolo;Little Ringed Plover
1920;95,70646883;3,960499598;2018;Flussregenpfeifer;Petit Gravelot;Corriere piccolo;Little Ringed Plover
1920;98,174866;3,906362328;2019;Flussregenpfeifer;Petit Gravelot;Corriere piccolo;Little Ringed Plover
1920;105,9084402;3,589383688;2020;Flussregenpfeifer;Petit Gravelot;Corriere piccolo;Little Ringed Plover
1920;101,8993477;3,755255181;2021;Flussregenpfeifer;Petit Gravelot;Corriere piccolo;Little Ringed Plover
1920;112,9797141;4,674192661;2022;Flussregenpfeifer;Petit Gravelot;Corriere piccolo;Little Ringed Plover
2020;247,5;0;1990;Grosser Brachvogel;Courlis cendré;Chiurlo maggiore;Eurasian Curlew 
2020;247,5;0;1991;Grosser Brachvogel;Courlis cendré;Chiurlo maggiore;Eurasian Curlew 
2020;330;0;1992;Grosser Brachvogel;Courlis cendré;Chiurlo maggiore;Eurasian Curlew 
2020;165;0;1993;Grosser Brachvogel;Courlis cendré;Chiurlo maggiore;Eurasian Curlew 
2020;247,5;0;1994;Grosser Brachvogel;Courlis cendré;Chiurlo maggiore;Eurasian Curlew 
2020;247,5;0;1995;Grosser Brachvogel;Courlis cendré;Chiurlo maggiore;Eurasian Curlew 
2020;82,5;0;1996;Grosser Brachvogel;Courlis cendré;Chiurlo maggiore;Eurasian Curlew 
2020;165;0;1997;Grosser Brachvogel;Courlis cendré;Chiurlo maggiore;Eurasian Curlew 
2020;82,5;0;1998;Grosser Brachvogel;Courlis cendré;Chiurlo maggiore;Eurasian Curlew 
2020;247,5;0;1999;Grosser Brachvogel;Courlis cendré;Chiurlo maggiore;Eurasian Curlew 
2020;247,5;0;2000;Grosser Brachvogel;Courlis cendré;Chiurlo maggiore;Eurasian Curlew 
2020;495;0;2001;Grosser Brachvogel;Courlis cendré;Chiurlo maggiore;Eurasian Curlew 
2020;82,5;0;2002;Grosser Brachvogel;Courlis cendré;Chiurlo maggiore;Eurasian Curlew 
2020;0;0;2003;Grosser Brachvogel;Courlis cendré;Chiurlo maggiore;Eurasian Curlew 
2020;165;0;2004;Grosser Brachvogel;Courlis cendré;Chiurlo maggiore;Eurasian Curlew 
2020;165;0;2005;Grosser Brachvogel;Courlis cendré;Chiurlo maggiore;Eurasian Curlew 
2020;82,5;0;2006;Grosser Brachvogel;Courlis cendré;Chiurlo maggiore;Eurasian Curlew 
2020;0;0;2007;Grosser Brachvogel;Courlis cendré;Chiurlo maggiore;Eurasian Curlew 
2020;0;0;2008;Grosser Brachvogel;Courlis cendré;Chiurlo maggiore;Eurasian Curlew 
2020;0;0;2009;Grosser Brachvogel;Courlis cendré;Chiurlo maggiore;Eurasian Curlew 
2020;0;0;2010;Grosser Brachvogel;Courlis cendré;Chiurlo maggiore;Eurasian Curlew 
2020;0;0;2011;Grosser Brachvogel;Courlis cendré;Chiurlo maggiore;Eurasian Curlew 
2020;0;0;2012;Grosser Brachvogel;Courlis cendré;Chiurlo maggiore;Eurasian Curlew 
2020;0;0;2013;Grosser Brachvogel;Courlis cendré;Chiurlo maggiore;Eurasian Curlew 
2020;0;0;2014;Grosser Brachvogel;Courlis cendré;Chiurlo maggiore;Eurasian Curlew 
2020;0;0;2015;Grosser Brachvogel;Courlis cendré;Chiurlo maggiore;Eurasian Curlew 
2020;0;0;2016;Grosser Brachvogel;Courlis cendré;Chiurlo maggiore;Eurasian Curlew 
2020;0;0;2017;Grosser Brachvogel;Courlis cendré;Chiurlo maggiore;Eurasian Curlew 
2020;0;0;2018;Grosser Brachvogel;Courlis cendré;Chiurlo maggiore;Eurasian Curlew 
2020;0;0;2019;Grosser Brachvogel;Courlis cendré;Chiurlo maggiore;Eurasian Curlew 
2020;0;0;2020;Grosser Brachvogel;Courlis cendré;Chiurlo maggiore;Eurasian Curlew 
2020;0;0;2021;Grosser Brachvogel;Courlis cendré;Chiurlo maggiore;Eurasian Curlew 
2020;0;0;2022;Grosser Brachvogel;Courlis cendré;Chiurlo maggiore;Eurasian Curlew 
2140;107,1057045;14,4679056;1990;Flussuferläufer;Chevalier guignette ;Piro piro piccolo ;Common Sandpiper
2140;115,886041;12,61174076;1991;Flussuferläufer;Chevalier guignette ;Piro piro piccolo ;Common Sandpiper
2140;112,1595104;11,36684681;1992;Flussuferläufer;Chevalier guignette ;Piro piro piccolo ;Common Sandpiper
2140;112,3410093;11,30633163;1993;Flussuferläufer;Chevalier guignette ;Piro piro piccolo ;Common Sandpiper
2140;108,2338274;11,01840725;1994;Flussuferläufer;Chevalier guignette ;Piro piro piccolo ;Common Sandpiper
2140;112,5916883;10,02808438;1995;Flussuferläufer;Chevalier guignette ;Piro piro piccolo ;Common Sandpiper
2140;104,8233839;10,46058367;1996;Flussuferläufer;Chevalier guignette ;Piro piro piccolo ;Common Sandpiper
2140;106,388634;10,28846279;1997;Flussuferläufer;Chevalier guignette ;Piro piro piccolo ;Common Sandpiper
2140;111,3823302;9,497339278;1998;Flussuferläufer;Chevalier guignette ;Piro piro piccolo ;Common Sandpiper
2140;104,1547645;10,15804666;1999;Flussuferläufer;Chevalier guignette ;Piro piro piccolo ;Common Sandpiper
2140;97,79580471;9,739986236;2000;Flussuferläufer;Chevalier guignette ;Piro piro piccolo ;Common Sandpiper
2140;101,0474281;10,22941801;2001;Flussuferläufer;Chevalier guignette ;Piro piro piccolo ;Common Sandpiper
2140;94,68576132;9,732021626;2002;Flussuferläufer;Chevalier guignette ;Piro piro piccolo ;Common Sandpiper
2140;91,26326346;9,444097086;2003;Flussuferläufer;Chevalier guignette ;Piro piro piccolo ;Common Sandpiper
2140;100,0788681;9,95813518;2004;Flussuferläufer;Chevalier guignette ;Piro piro piccolo ;Common Sandpiper
2140;96,39898679;9,778717913;2005;Flussuferläufer;Chevalier guignette ;Piro piro piccolo ;Common Sandpiper
2140;91,28867927;10,33983459;2006;Flussuferläufer;Chevalier guignette ;Piro piro piccolo ;Common Sandpiper
2140;85,9511178;9,46420818;2007;Flussuferläufer;Chevalier guignette ;Piro piro piccolo ;Common Sandpiper
2140;84,21806869;10,14321942;2008;Flussuferläufer;Chevalier guignette ;Piro piro piccolo ;Common Sandpiper
2140;74,68182894;10,86668105;2009;Flussuferläufer;Chevalier guignette ;Piro piro piccolo ;Common Sandpiper
2140;78,47094359;9,124875713;2010;Flussuferläufer;Chevalier guignette ;Piro piro piccolo ;Common Sandpiper
2140;82,92912659;9,296380847;2011;Flussuferläufer;Chevalier guignette ;Piro piro piccolo ;Common Sandpiper
2140;80,24283415;10,76418222;2012;Flussuferläufer;Chevalier guignette ;Piro piro piccolo ;Common Sandpiper
2140;94,43936603;8,492558528;2013;Flussuferläufer;Chevalier guignette ;Piro piro piccolo ;Common Sandpiper
2140;97,34879012;8,756620826;2014;Flussuferläufer;Chevalier guignette ;Piro piro piccolo ;Common Sandpiper
2140;93,15315443;8,777237567;2015;Flussuferläufer;Chevalier guignette ;Piro piro piccolo ;Common Sandpiper
2140;97,93697151;8,317246818;2016;Flussuferläufer;Chevalier guignette ;Piro piro piccolo ;Common Sandpiper
2140;104,7746497;8,544585411;2017;Flussuferläufer;Chevalier guignette ;Piro piro piccolo ;Common Sandpiper
2140;95,203451;9,635651353;2018;Flussuferläufer;Chevalier guignette ;Piro piro piccolo ;Common Sandpiper
2140;102,6473777;8,351627037;2019;Flussuferläufer;Chevalier guignette ;Piro piro piccolo ;Common Sandpiper
2140;110,3140807;8,430096341;2020;Flussuferläufer;Chevalier guignette ;Piro piro piccolo ;Common Sandpiper
2140;121,3153064;9,09210153;2021;Flussuferläufer;Chevalier guignette ;Piro piro piccolo ;Common Sandpiper
2140;128,7472472;10,56344656;2022;Flussuferläufer;Chevalier guignette ;Piro piro piccolo ;Common Sandpiper
2230;106,9057105;6,404653495;1990;Waldschnepfe;Bécasse des bois;Beccaccia ;Eurasian Woodcock 
2230;104,7808765;5,664417161;1991;Waldschnepfe;Bécasse des bois;Beccaccia ;Eurasian Woodcock 
2230;103,4528552;5,08171396;1992;Waldschnepfe;Bécasse des bois;Beccaccia ;Eurasian Woodcock 
2230;102,6560425;4,609114562;1993;Waldschnepfe;Bécasse des bois;Beccaccia ;Eurasian Woodcock 
2230;101,9920319;4,134821259;1994;Waldschnepfe;Bécasse des bois;Beccaccia ;Eurasian Woodcock 
2230;101,062417;3,895980703;1995;Waldschnepfe;Bécasse des bois;Beccaccia ;Eurasian Woodcock 
2230;99,73439575;3,963736889;1996;Waldschnepfe;Bécasse des bois;Beccaccia ;Eurasian Woodcock 
2230;99,07038513;3,963736889;1997;Waldschnepfe;Bécasse des bois;Beccaccia ;Eurasian Woodcock 
2230;99,86719788;3,59277177;1998;Waldschnepfe;Bécasse des bois;Beccaccia ;Eurasian Woodcock 
2230;99,86719788;3,829918422;1999;Waldschnepfe;Bécasse des bois;Beccaccia ;Eurasian Woodcock 
2230;98,937583;3,897674608;2000;Waldschnepfe;Bécasse des bois;Beccaccia ;Eurasian Woodcock 
2230;98,67197875;3,76385614;2001;Waldschnepfe;Bécasse des bois;Beccaccia ;Eurasian Woodcock 
2230;98,67197875;3,829918422;2002;Waldschnepfe;Bécasse des bois;Beccaccia ;Eurasian Woodcock 
2230;98,27357238;3,828224517;2003;Waldschnepfe;Bécasse des bois;Beccaccia ;Eurasian Woodcock 
2230;98,4063745;3,694406049;2004;Waldschnepfe;Bécasse des bois;Beccaccia ;Eurasian Woodcock 
2230;98,14077025;3,660527956;2005;Waldschnepfe;Bécasse des bois;Beccaccia ;Eurasian Woodcock 
2230;98,27357238;3,760468331;2006;Waldschnepfe;Bécasse des bois;Beccaccia ;Eurasian Woodcock 
2230;96,94555113;3,660527956;2007;Waldschnepfe;Bécasse des bois;Beccaccia ;Eurasian Woodcock 
2230;101,7264276;5,356126514;2008;Waldschnepfe;Bécasse des bois;Beccaccia ;Eurasian Woodcock 
2230;104,5152722;4,370274006;2009;Waldschnepfe;Bécasse des bois;Beccaccia ;Eurasian Woodcock 
2230;103,9840637;4,067065073;2010;Waldschnepfe;Bécasse des bois;Beccaccia ;Eurasian Woodcock 
2230;102,5232404;3,726590238;2011;Waldschnepfe;Bécasse des bois;Beccaccia ;Eurasian Woodcock 
2230;100,5312085;3,220112746;2012;Waldschnepfe;Bécasse des bois;Beccaccia ;Eurasian Woodcock 
2230;98,4063745;2,879637911;2013;Waldschnepfe;Bécasse des bois;Beccaccia ;Eurasian Woodcock 
2230;96,67994688;2,612000976;2014;Waldschnepfe;Bécasse des bois;Beccaccia ;Eurasian Woodcock 
2230;95,21912351;2,71194135;2015;Waldschnepfe;Bécasse des bois;Beccaccia ;Eurasian Woodcock 
2230;93,22709163;2,813575629;2016;Waldschnepfe;Bécasse des bois;Beccaccia ;Eurasian Woodcock 
2230;98,27357238;3,491137491;2017;Waldschnepfe;Bécasse des bois;Beccaccia ;Eurasian Woodcock 
2230;97,21115538;3,049028376;2018;Waldschnepfe;Bécasse des bois;Beccaccia ;Eurasian Woodcock 
2230;98,4063745;2,88302572;2019;Waldschnepfe;Bécasse des bois;Beccaccia ;Eurasian Woodcock 
2230;100,1328021;2,710247446;2020;Waldschnepfe;Bécasse des bois;Beccaccia ;Eurasian Woodcock 
2230;100,9296149;3,120172372;2021;Waldschnepfe;Bécasse des bois;Beccaccia ;Eurasian Woodcock 
2230;102,5232404;3,558893677;2022;Waldschnepfe;Bécasse des bois;Beccaccia ;Eurasian Woodcock 
2210;676,9230769;0;1990;Bekassine;Bécassine des marais;Beccaccino;Common Snipe
2210;253,8461538;0;1991;Bekassine;Bécassine des marais;Beccaccino;Common Snipe
2210;84,61538462;0;1992;Bekassine;Bécassine des marais;Beccaccino;Common Snipe
2210;84,61538462;0;1993;Bekassine;Bécassine des marais;Beccaccino;Common Snipe
2210;84,61538462;0;1994;Bekassine;Bécassine des marais;Beccaccino;Common Snipe
2210;0;0;1995;Bekassine;Bécassine des marais;Beccaccino;Common Snipe
2210;338,4615385;0;1996;Bekassine;Bécassine des marais;Beccaccino;Common Snipe
2210;84,61538462;0;1997;Bekassine;Bécassine des marais;Beccaccino;Common Snipe
2210;0;0;1998;Bekassine;Bécassine des marais;Beccaccino;Common Snipe
2210;84,61538462;0;1999;Bekassine;Bécassine des marais;Beccaccino;Common Snipe
2210;169,2307692;0;2000;Bekassine;Bécassine des marais;Beccaccino;Common Snipe
2210;84,61538462;0;2001;Bekassine;Bécassine des marais;Beccaccino;Common Snipe
2210;84,61538462;0;2002;Bekassine;Bécassine des marais;Beccaccino;Common Snipe
2210;253,8461538;0;2003;Bekassine;Bécassine des marais;Beccaccino;Common Snipe
2210;253,8461538;0;2004;Bekassine;Bécassine des marais;Beccaccino;Common Snipe
2210;0;0;2005;Bekassine;Bécassine des marais;Beccaccino;Common Snipe
2210;84,61538462;0;2006;Bekassine;Bécassine des marais;Beccaccino;Common Snipe
2210;169,2307692;0;2007;Bekassine;Bécassine des marais;Beccaccino;Common Snipe
2210;84,61538462;0;2008;Bekassine;Bécassine des marais;Beccaccino;Common Snipe
2210;0;0;2009;Bekassine;Bécassine des marais;Beccaccino;Common Snipe
2210;0;0;2010;Bekassine;Bécassine des marais;Beccaccino;Common Snipe
2210;84,61538462;0;2011;Bekassine;Bécassine des marais;Beccaccino;Common Snipe
2210;0;0;2012;Bekassine;Bécassine des marais;Beccaccino;Common Snipe
2210;84,61538462;0;2013;Bekassine;Bécassine des marais;Beccaccino;Common Snipe
2210;84,61538462;0;2014;Bekassine;Bécassine des marais;Beccaccino;Common Snipe
2210;0;0;2015;Bekassine;Bécassine des marais;Beccaccino;Common Snipe
2210;0;0;2016;Bekassine;Bécassine des marais;Beccaccino;Common Snipe
2210;0;0;2017;Bekassine;Bécassine des marais;Beccaccino;Common Snipe
2210;0;0;2018;Bekassine;Bécassine des marais;Beccaccino;Common Snipe
2210;84,61538462;0;2019;Bekassine;Bécassine des marais;Beccaccino;Common Snipe
2210;0;0;2020;Bekassine;Bécassine des marais;Beccaccino;Common Snipe
2210;0;0;2021;Bekassine;Bécassine des marais;Beccaccino;Common Snipe
2210;84,61538462;0;2022;Bekassine;Bécassine des marais;Beccaccino;Common Snipe
2750;54,27065841;0;1990;Flussseeschwalbe;Sterne pierregarin;Sterna comune ;Common Tern 
2750;47,77346691;0;1991;Flussseeschwalbe;Sterne pierregarin;Sterna comune ;Common Tern 
2750;62,10550698;0;1992;Flussseeschwalbe;Sterne pierregarin;Sterna comune ;Common Tern 
2750;72,23348196;0;1993;Flussseeschwalbe;Sterne pierregarin;Sterna comune ;Common Tern 
2750;68,98488621;0;1994;Flussseeschwalbe;Sterne pierregarin;Sterna comune ;Common Tern 
2750;68,41160461;0;1995;Flussseeschwalbe;Sterne pierregarin;Sterna comune ;Common Tern 
2750;61,72331924;0;1996;Flussseeschwalbe;Sterne pierregarin;Sterna comune ;Common Tern 
2750;73,7622329;0;1997;Flussseeschwalbe;Sterne pierregarin;Sterna comune ;Common Tern 
2750;74,33551451;0;1998;Flussseeschwalbe;Sterne pierregarin;Sterna comune ;Common Tern 
2750;77,58411026;0;1999;Flussseeschwalbe;Sterne pierregarin;Sterna comune ;Common Tern 
2750;74,52660837;0;2000;Flussseeschwalbe;Sterne pierregarin;Sterna comune ;Common Tern 
2750;80,832706;0;2001;Flussseeschwalbe;Sterne pierregarin;Sterna comune ;Common Tern 
2750;87,3298975;0;2002;Flussseeschwalbe;Sterne pierregarin;Sterna comune ;Common Tern 
2750;86,56552203;0;2003;Flussseeschwalbe;Sterne pierregarin;Sterna comune ;Common Tern 
2750;100,3242805;0;2004;Flussseeschwalbe;Sterne pierregarin;Sterna comune ;Common Tern 
2750;80,64161214;0;2005;Flussseeschwalbe;Sterne pierregarin;Sterna comune ;Common Tern 
2750;100,3242805;0;2006;Flussseeschwalbe;Sterne pierregarin;Sterna comune ;Common Tern 
2750;115,0385083;0;2007;Flussseeschwalbe;Sterne pierregarin;Sterna comune ;Common Tern 
2750;96,12021541;0;2008;Flussseeschwalbe;Sterne pierregarin;Sterna comune ;Common Tern 
2750;120,9624182;0;2009;Flussseeschwalbe;Sterne pierregarin;Sterna comune ;Common Tern 
2750;116,7583531;0;2010;Flussseeschwalbe;Sterne pierregarin;Sterna comune ;Common Tern 
2750;132,810238;0;2011;Flussseeschwalbe;Sterne pierregarin;Sterna comune ;Common Tern 
2750;104,7194395;0;2012;Flussseeschwalbe;Sterne pierregarin;Sterna comune ;Common Tern 
2750;119,6247611;0;2013;Flussseeschwalbe;Sterne pierregarin;Sterna comune ;Common Tern 
2750;111,4077248;0;2014;Flussseeschwalbe;Sterne pierregarin;Sterna comune ;Common Tern 
2750;116,1850715;0;2015;Flussseeschwalbe;Sterne pierregarin;Sterna comune ;Common Tern 
2750;145,2313394;0;2016;Flussseeschwalbe;Sterne pierregarin;Sterna comune ;Common Tern 
2750;152,6840002;0;2017;Flussseeschwalbe;Sterne pierregarin;Sterna comune ;Common Tern 
2750;134,3389889;0;2018;Flussseeschwalbe;Sterne pierregarin;Sterna comune ;Common Tern 
2750;142,7471191;0;2019;Flussseeschwalbe;Sterne pierregarin;Sterna comune ;Common Tern 
2750;131,8547687;0;2020;Flussseeschwalbe;Sterne pierregarin;Sterna comune ;Common Tern 
2750;146,5689965;0;2021;Flussseeschwalbe;Sterne pierregarin;Sterna comune ;Common Tern 
2750;141,2183682;0;2022;Flussseeschwalbe;Sterne pierregarin;Sterna comune ;Common Tern 
2630;217,6711736;4,767447162;1990;Lachmöwe;Mouette rieuse;Gabbiano comune ;Black-headed Gull
2630;202,332899;4,336103079;1991;Lachmöwe;Mouette rieuse;Gabbiano comune ;Black-headed Gull
2630;177,5145521;4,18945995;1992;Lachmöwe;Mouette rieuse;Gabbiano comune ;Black-headed Gull
2630;179,1302086;4,269909757;1993;Lachmöwe;Mouette rieuse;Gabbiano comune ;Black-headed Gull
2630;153,417239;3,779415033;1994;Lachmöwe;Mouette rieuse;Gabbiano comune ;Black-headed Gull
2630;125,7431811;3,472319709;1995;Lachmöwe;Mouette rieuse;Gabbiano comune ;Black-headed Gull
2630;119,3260922;3,404524094;1996;Lachmöwe;Mouette rieuse;Gabbiano comune ;Black-headed Gull
2630;118,5973394;3,46350562;1997;Lachmöwe;Mouette rieuse;Gabbiano comune ;Black-headed Gull
2630;104,1839815;3,182816461;1998;Lachmöwe;Mouette rieuse;Gabbiano comune ;Black-headed Gull
2630;85,86709753;2,904202643;1999;Lachmöwe;Mouette rieuse;Gabbiano comune ;Black-headed Gull
2630;79,30269209;2,799512577;2000;Lachmöwe;Mouette rieuse;Gabbiano comune ;Black-headed Gull
2630;76,44406421;2,752788191;2001;Lachmöwe;Mouette rieuse;Gabbiano comune ;Black-headed Gull
2630;75,4566706;0;2002;Lachmöwe;Mouette rieuse;Gabbiano comune ;Black-headed Gull
2630;90,78050426;0;2003;Lachmöwe;Mouette rieuse;Gabbiano comune ;Black-headed Gull
2630;96,48731128;0;2004;Lachmöwe;Mouette rieuse;Gabbiano comune ;Black-headed Gull
2630;88,13846397;0;2005;Lachmöwe;Mouette rieuse;Gabbiano comune ;Black-headed Gull
2630;96,91003773;0;2006;Lachmöwe;Mouette rieuse;Gabbiano comune ;Black-headed Gull
2630;90,78050426;0;2007;Lachmöwe;Mouette rieuse;Gabbiano comune ;Black-headed Gull
2630;95,53617678;0;2008;Lachmöwe;Mouette rieuse;Gabbiano comune ;Black-headed Gull
2630;93,63390777;0;2009;Lachmöwe;Mouette rieuse;Gabbiano comune ;Black-headed Gull
2630;104,0963873;0;2010;Lachmöwe;Mouette rieuse;Gabbiano comune ;Black-headed Gull
2630;109,8031943;0;2011;Lachmöwe;Mouette rieuse;Gabbiano comune ;Black-headed Gull
2630;76,61916832;0;2012;Lachmöwe;Mouette rieuse;Gabbiano comune ;Black-headed Gull
2630;84,54528918;0;2013;Lachmöwe;Mouette rieuse;Gabbiano comune ;Black-headed Gull
2630;59,49874726;0;2014;Lachmöwe;Mouette rieuse;Gabbiano comune ;Black-headed Gull
2630;72,92031192;0;2015;Lachmöwe;Mouette rieuse;Gabbiano comune ;Black-headed Gull
2630;61,82374272;0;2016;Lachmöwe;Mouette rieuse;Gabbiano comune ;Black-headed Gull
2630;53,05216896;0;2017;Lachmöwe;Mouette rieuse;Gabbiano comune ;Black-headed Gull
2630;63,83169333;0;2018;Lachmöwe;Mouette rieuse;Gabbiano comune ;Black-headed Gull
2630;55,48284603;0;2019;Lachmöwe;Mouette rieuse;Gabbiano comune ;Black-headed Gull
2630;53,68625863;0;2020;Lachmöwe;Mouette rieuse;Gabbiano comune ;Black-headed Gull
2630;65,20555428;0;2021;Lachmöwe;Mouette rieuse;Gabbiano comune ;Black-headed Gull
2630;72,18054064;0;2022;Lachmöwe;Mouette rieuse;Gabbiano comune ;Black-headed Gull
2620;0;0;1990;Schwarzkopfmöwe;Mouette mélanocéphale ;Gabbiano corallino;Mediterranean Gull
2620;0;0;1991;Schwarzkopfmöwe;Mouette mélanocéphale ;Gabbiano corallino;Mediterranean Gull
2620;0;0;1992;Schwarzkopfmöwe;Mouette mélanocéphale ;Gabbiano corallino;Mediterranean Gull
2620;80,48780488;0;1993;Schwarzkopfmöwe;Mouette mélanocéphale ;Gabbiano corallino;Mediterranean Gull
2620;160,9756098;0;1994;Schwarzkopfmöwe;Mouette mélanocéphale ;Gabbiano corallino;Mediterranean Gull
2620;0;0;1995;Schwarzkopfmöwe;Mouette mélanocéphale ;Gabbiano corallino;Mediterranean Gull
2620;80,48780488;0;1996;Schwarzkopfmöwe;Mouette mélanocéphale ;Gabbiano corallino;Mediterranean Gull
2620;0;0;1997;Schwarzkopfmöwe;Mouette mélanocéphale ;Gabbiano corallino;Mediterranean Gull
2620;241,4634146;0;1998;Schwarzkopfmöwe;Mouette mélanocéphale ;Gabbiano corallino;Mediterranean Gull
2620;0;0;1999;Schwarzkopfmöwe;Mouette mélanocéphale ;Gabbiano corallino;Mediterranean Gull
2620;80,48780488;0;2000;Schwarzkopfmöwe;Mouette mélanocéphale ;Gabbiano corallino;Mediterranean Gull
2620;80,48780488;0;2001;Schwarzkopfmöwe;Mouette mélanocéphale ;Gabbiano corallino;Mediterranean Gull
2620;0;0;2002;Schwarzkopfmöwe;Mouette mélanocéphale ;Gabbiano corallino;Mediterranean Gull
2620;160,9756098;0;2003;Schwarzkopfmöwe;Mouette mélanocéphale ;Gabbiano corallino;Mediterranean Gull
2620;321,9512195;0;2004;Schwarzkopfmöwe;Mouette mélanocéphale ;Gabbiano corallino;Mediterranean Gull
2620;160,9756098;0;2005;Schwarzkopfmöwe;Mouette mélanocéphale ;Gabbiano corallino;Mediterranean Gull
2620;160,9756098;0;2006;Schwarzkopfmöwe;Mouette mélanocéphale ;Gabbiano corallino;Mediterranean Gull
2620;241,4634146;0;2007;Schwarzkopfmöwe;Mouette mélanocéphale ;Gabbiano corallino;Mediterranean Gull
2620;160,9756098;0;2008;Schwarzkopfmöwe;Mouette mélanocéphale ;Gabbiano corallino;Mediterranean Gull
2620;402,4390244;0;2009;Schwarzkopfmöwe;Mouette mélanocéphale ;Gabbiano corallino;Mediterranean Gull
2620;80,48780488;0;2010;Schwarzkopfmöwe;Mouette mélanocéphale ;Gabbiano corallino;Mediterranean Gull
2620;0;0;2011;Schwarzkopfmöwe;Mouette mélanocéphale ;Gabbiano corallino;Mediterranean Gull
2620;160,9756098;0;2012;Schwarzkopfmöwe;Mouette mélanocéphale ;Gabbiano corallino;Mediterranean Gull
2620;402,4390244;0;2013;Schwarzkopfmöwe;Mouette mélanocéphale ;Gabbiano corallino;Mediterranean Gull
2620;0;0;2014;Schwarzkopfmöwe;Mouette mélanocéphale ;Gabbiano corallino;Mediterranean Gull
2620;0;0;2015;Schwarzkopfmöwe;Mouette mélanocéphale ;Gabbiano corallino;Mediterranean Gull
2620;80,48780488;0;2016;Schwarzkopfmöwe;Mouette mélanocéphale ;Gabbiano corallino;Mediterranean Gull
2620;80,48780488;0;2017;Schwarzkopfmöwe;Mouette mélanocéphale ;Gabbiano corallino;Mediterranean Gull
2620;0;0;2018;Schwarzkopfmöwe;Mouette mélanocéphale ;Gabbiano corallino;Mediterranean Gull
2620;0;0;2019;Schwarzkopfmöwe;Mouette mélanocéphale ;Gabbiano corallino;Mediterranean Gull
2620;0;0;2020;Schwarzkopfmöwe;Mouette mélanocéphale ;Gabbiano corallino;Mediterranean Gull
2620;80,48780488;0;2021;Schwarzkopfmöwe;Mouette mélanocéphale ;Gabbiano corallino;Mediterranean Gull
2620;80,48780488;0;2022;Schwarzkopfmöwe;Mouette mélanocéphale ;Gabbiano corallino;Mediterranean Gull
2550;402,4390244;0;1990;Sturmmöwe;Goéland cendré;Gavina;Mew Gull
2550;321,9512195;0;1991;Sturmmöwe;Goéland cendré;Gavina;Mew Gull
2550;160,9756098;0;1992;Sturmmöwe;Goéland cendré;Gavina;Mew Gull
2550;80,48780488;0;1993;Sturmmöwe;Goéland cendré;Gavina;Mew Gull
2550;160,9756098;0;1994;Sturmmöwe;Goéland cendré;Gavina;Mew Gull
2550;241,4634146;0;1995;Sturmmöwe;Goéland cendré;Gavina;Mew Gull
2550;80,48780488;0;1996;Sturmmöwe;Goéland cendré;Gavina;Mew Gull
2550;0;0;1997;Sturmmöwe;Goéland cendré;Gavina;Mew Gull
2550;0;0;1998;Sturmmöwe;Goéland cendré;Gavina;Mew Gull
2550;0;0;1999;Sturmmöwe;Goéland cendré;Gavina;Mew Gull
2550;80,48780488;0;2000;Sturmmöwe;Goéland cendré;Gavina;Mew Gull
2550;0;0;2001;Sturmmöwe;Goéland cendré;Gavina;Mew Gull
2550;0;0;2002;Sturmmöwe;Goéland cendré;Gavina;Mew Gull
2550;0;0;2003;Sturmmöwe;Goéland cendré;Gavina;Mew Gull
2550;0;0;2004;Sturmmöwe;Goéland cendré;Gavina;Mew Gull
2550;0;0;2005;Sturmmöwe;Goéland cendré;Gavina;Mew Gull
2550;0;0;2006;Sturmmöwe;Goéland cendré;Gavina;Mew Gull
2550;80,48780488;0;2007;Sturmmöwe;Goéland cendré;Gavina;Mew Gull
2550;160,9756098;0;2008;Sturmmöwe;Goéland cendré;Gavina;Mew Gull
2550;160,9756098;0;2009;Sturmmöwe;Goéland cendré;Gavina;Mew Gull
2550;160,9756098;0;2010;Sturmmöwe;Goéland cendré;Gavina;Mew Gull
2550;241,4634146;0;2011;Sturmmöwe;Goéland cendré;Gavina;Mew Gull
2550;80,48780488;0;2012;Sturmmöwe;Goéland cendré;Gavina;Mew Gull
2550;241,4634146;0;2013;Sturmmöwe;Goéland cendré;Gavina;Mew Gull
2550;80,48780488;0;2014;Sturmmöwe;Goéland cendré;Gavina;Mew Gull
2550;0;0;2015;Sturmmöwe;Goéland cendré;Gavina;Mew Gull
2550;0;0;2016;Sturmmöwe;Goéland cendré;Gavina;Mew Gull
2550;0;0;2017;Sturmmöwe;Goéland cendré;Gavina;Mew Gull
2550;160,9756098;0;2018;Sturmmöwe;Goéland cendré;Gavina;Mew Gull
2550;80,48780488;0;2019;Sturmmöwe;Goéland cendré;Gavina;Mew Gull
2550;160,9756098;0;2020;Sturmmöwe;Goéland cendré;Gavina;Mew Gull
2550;80,48780488;0;2021;Sturmmöwe;Goéland cendré;Gavina;Mew Gull
2550;80,48780488;0;2022;Sturmmöwe;Goéland cendré;Gavina;Mew Gull
2563;6,964243052;0,955604422;1990;Mittelmeermöwe;Goéland leucophée ;Gabbiano reale;Yellow-legged Gull
2563;10,77486661;1,187940886;1991;Mittelmeermöwe;Goéland leucophée ;Gabbiano reale;Yellow-legged Gull
2563;14,05988692;1,356321949;1992;Mittelmeermöwe;Goéland leucophée ;Gabbiano reale;Yellow-legged Gull
2563;17,87051047;1,528228828;1993;Mittelmeermöwe;Goéland leucophée ;Gabbiano reale;Yellow-legged Gull
2563;19,44732022;1,593842649;1994;Mittelmeermöwe;Goéland leucophée ;Gabbiano reale;Yellow-legged Gull
2563;20,49852672;1,636090385;1995;Mittelmeermöwe;Goéland leucophée ;Gabbiano reale;Yellow-legged Gull
2563;21,68113403;1,68232015;1996;Mittelmeermöwe;Goéland leucophée ;Gabbiano reale;Yellow-legged Gull
2563;29,82798439;1,97078526;1997;Mittelmeermöwe;Goéland leucophée ;Gabbiano reale;Yellow-legged Gull
2563;45,07047862;2,416901397;1998;Mittelmeermöwe;Goéland leucophée ;Gabbiano reale;Yellow-legged Gull
2563;51,2463168;2,574730478;1999;Mittelmeermöwe;Goéland leucophée ;Gabbiano reale;Yellow-legged Gull
2563;58,7361631;2,75329047;2000;Mittelmeermöwe;Goéland leucophée ;Gabbiano reale;Yellow-legged Gull
2563;62,28398503;2,833672305;2001;Mittelmeermöwe;Goéland leucophée ;Gabbiano reale;Yellow-legged Gull
2563;74,89846301;3,101345866;2002;Mittelmeermöwe;Goéland leucophée ;Gabbiano reale;Yellow-legged Gull
2563;101,3100263;3,592148992;2003;Mittelmeermöwe;Goéland leucophée ;Gabbiano reale;Yellow-legged Gull
2563;93,03177511;3,446712311;2004;Mittelmeermöwe;Goéland leucophée ;Gabbiano reale;Yellow-legged Gull
2563;99,99601816;3,569510516;2005;Mittelmeermöwe;Goéland leucophée ;Gabbiano reale;Yellow-legged Gull
2563;99,20761328;3,55584897;2006;Mittelmeermöwe;Goéland leucophée ;Gabbiano reale;Yellow-legged Gull
2563;104,332245;3,643612133;2007;Mittelmeermöwe;Goéland leucophée ;Gabbiano reale;Yellow-legged Gull
2563;127,0645855;4,006682518;2008;Mittelmeermöwe;Goéland leucophée ;Gabbiano reale;Yellow-legged Gull
2563;130,3496058;4,056043422;2009;Mittelmeermöwe;Goéland leucophée ;Gabbiano reale;Yellow-legged Gull
2563;135,3428367;4,12974299;2010;Mittelmeermöwe;Goéland leucophée ;Gabbiano reale;Yellow-legged Gull
2563;127,9843912;4,020575431;2011;Mittelmeermöwe;Goéland leucophée ;Gabbiano reale;Yellow-legged Gull
2563;156,4983674;4,42592249;2012;Mittelmeermöwe;Goéland leucophée ;Gabbiano reale;Yellow-legged Gull
2563;171,47806;4,621850957;2013;Mittelmeermöwe;Goéland leucophée ;Gabbiano reale;Yellow-legged Gull
2563;163,3312097;4,516593174;2014;Mittelmeermöwe;Goéland leucophée ;Gabbiano reale;Yellow-legged Gull
2563;187,2461575;4,817490859;2015;Mittelmeermöwe;Goéland leucophée ;Gabbiano reale;Yellow-legged Gull
2563;188,297364;4,830178909;2016;Mittelmeermöwe;Goéland leucophée ;Gabbiano reale;Yellow-legged Gull
2563;174,5002787;4,660149485;2017;Mittelmeermöwe;Goéland leucophée ;Gabbiano reale;Yellow-legged Gull
2563;171,2152584;4,61850192;2018;Mittelmeermöwe;Goéland leucophée ;Gabbiano reale;Yellow-legged Gull
2563;163,1998089;4,514870562;2019;Mittelmeermöwe;Goéland leucophée ;Gabbiano reale;Yellow-legged Gull
2563;151,7679382;4,361796895;2020;Mittelmeermöwe;Goéland leucophée ;Gabbiano reale;Yellow-legged Gull
2563;158,6007804;4,454062214;2021;Mittelmeermöwe;Goéland leucophée ;Gabbiano reale;Yellow-legged Gull
2563;161,8858007;4,497599749;2022;Mittelmeermöwe;Goéland leucophée ;Gabbiano reale;Yellow-legged Gull
2980;66,536599;5,810059503;1990;Hohltaube;Pigeon colombin ;Colombella;Stock Dove
2980;71,21075561;5,361040226;1991;Hohltaube;Pigeon colombin ;Colombella;Stock Dove
2980;74,27443456;5,056075708;1992;Hohltaube;Pigeon colombin ;Colombella;Stock Dove
2980;74,69477363;4,597053412;1993;Hohltaube;Pigeon colombin ;Colombella;Stock Dove
2980;82,50504201;4,672460632;1994;Hohltaube;Pigeon colombin ;Colombella;Stock Dove
2980;84,80946333;3,847065597;1995;Hohltaube;Pigeon colombin ;Colombella;Stock Dove
2980;81,23903378;3,925119018;1996;Hohltaube;Pigeon colombin ;Colombella;Stock Dove
2980;85,02558865;3,834231875;1997;Hohltaube;Pigeon colombin ;Colombella;Stock Dove
2980;81,71622634;3,834005003;1998;Hohltaube;Pigeon colombin ;Colombella;Stock Dove
2980;81,40203296;18,61327701;1999;Hohltaube;Pigeon colombin ;Colombella;Stock Dove
2980;71,38398225;17,28917259;2000;Hohltaube;Pigeon colombin ;Colombella;Stock Dove
2980;70,44734958;17,06554094;2001;Hohltaube;Pigeon colombin ;Colombella;Stock Dove
2980;104,290364;20,29410445;2002;Hohltaube;Pigeon colombin ;Colombella;Stock Dove
2980;68,84497349;16,68370243;2003;Hohltaube;Pigeon colombin ;Colombella;Stock Dove
2980;64,17868555;16,04621588;2004;Hohltaube;Pigeon colombin ;Colombella;Stock Dove
2980;56,15634986;15,03336112;2005;Hohltaube;Pigeon colombin ;Colombella;Stock Dove
2980;88,39213039;18,75770038;2006;Hohltaube;Pigeon colombin ;Colombella;Stock Dove
2980;88,39213039;18,75770038;2007;Hohltaube;Pigeon colombin ;Colombella;Stock Dove
2980;100,2791962;19,91583921;2008;Hohltaube;Pigeon colombin ;Colombella;Stock Dove
2980;88,24569263;18,72719931;2009;Hohltaube;Pigeon colombin ;Colombella;Stock Dove
2980;68,1898534;16,52709733;2010;Hohltaube;Pigeon colombin ;Colombella;Stock Dove
2980;64,17868555;16,04621588;2011;Hohltaube;Pigeon colombin ;Colombella;Stock Dove
2980;72,20102124;16,99289315;2012;Hohltaube;Pigeon colombin ;Colombella;Stock Dove
2980;116,3238676;21,38172495;2013;Hohltaube;Pigeon colombin ;Colombella;Stock Dove
2980;116,8463243;21,85485446;2014;Hohltaube;Pigeon colombin ;Colombella;Stock Dove
2980;100,2791962;19,91583921;2015;Hohltaube;Pigeon colombin ;Colombella;Stock Dove
2980;116,5122031;21,41550967;2016;Hohltaube;Pigeon colombin ;Colombella;Stock Dove
2980;112,3126997;21,02663622;2017;Hohltaube;Pigeon colombin ;Colombella;Stock Dove
2980;168,4690496;25,46276601;2018;Hohltaube;Pigeon colombin ;Colombella;Stock Dove
2980;188,5248888;26,82557799;2019;Hohltaube;Pigeon colombin ;Colombella;Stock Dove
2980;228,6365673;29,29757119;2020;Hohltaube;Pigeon colombin ;Colombella;Stock Dove
2980;203,0541253;28,20681203;2021;Hohltaube;Pigeon colombin ;Colombella;Stock Dove
2980;160,4467139;24,88967183;2022;Hohltaube;Pigeon colombin ;Colombella;Stock Dove
2990;40,93015272;NA;1990;Ringeltaube;Pigeon ramier ;Colombaccio ;Common Wood Pigeon
2990;50,15171613;6,220709062;1991;Ringeltaube;Pigeon ramier ;Colombaccio ;Common Wood Pigeon
2990;45,75991074;5,975892368;1992;Ringeltaube;Pigeon ramier ;Colombaccio ;Common Wood Pigeon
2990;57,03616781;7,356354424;1993;Ringeltaube;Pigeon ramier ;Colombaccio ;Common Wood Pigeon
2990;53,58984895;6,940399814;1994;Ringeltaube;Pigeon ramier ;Colombaccio ;Common Wood Pigeon
2990;56,012914;7,158606155;1995;Ringeltaube;Pigeon ramier ;Colombaccio ;Common Wood Pigeon
2990;62,29569244;7,96194784;1996;Ringeltaube;Pigeon ramier ;Colombaccio ;Common Wood Pigeon
2990;61,15783419;8,175339918;1997;Ringeltaube;Pigeon ramier ;Colombaccio ;Common Wood Pigeon
2990;63,10324435;3,399555456;1998;Ringeltaube;Pigeon ramier ;Colombaccio ;Common Wood Pigeon
2990;64,86769171;2,853195899;1999;Ringeltaube;Pigeon ramier ;Colombaccio ;Common Wood Pigeon
2990;76,33858238;2,94827306;2000;Ringeltaube;Pigeon ramier ;Colombaccio ;Common Wood Pigeon
2990;74,58925023;2,910114901;2001;Ringeltaube;Pigeon ramier ;Colombaccio ;Common Wood Pigeon
2990;78,88762899;2,99575215;2002;Ringeltaube;Pigeon ramier ;Colombaccio ;Common Wood Pigeon
2990;84,79138174;3,076409063;2003;Ringeltaube;Pigeon ramier ;Colombaccio ;Common Wood Pigeon
2990;92,80740567;3,21620771;2004;Ringeltaube;Pigeon ramier ;Colombaccio ;Common Wood Pigeon
2990;94,7995104;3,238785629;2005;Ringeltaube;Pigeon ramier ;Colombaccio ;Common Wood Pigeon
2990;93,54171013;3,229872796;2006;Ringeltaube;Pigeon ramier ;Colombaccio ;Common Wood Pigeon
2990;100,5291252;3,345399425;2007;Ringeltaube;Pigeon ramier ;Colombaccio ;Common Wood Pigeon
2990;105,8893822;3,410308113;2008;Ringeltaube;Pigeon ramier ;Colombaccio ;Common Wood Pigeon
2990;101,4878045;3,338229717;2009;Ringeltaube;Pigeon ramier ;Colombaccio ;Common Wood Pigeon
2990;115,572853;3,554116807;2010;Ringeltaube;Pigeon ramier ;Colombaccio ;Common Wood Pigeon
2990;106,0054408;3,407220817;2011;Ringeltaube;Pigeon ramier ;Colombaccio ;Common Wood Pigeon
2990;115,4973749;3,573495223;2012;Ringeltaube;Pigeon ramier ;Colombaccio ;Common Wood Pigeon
2990;120,0054111;3,613612278;2013;Ringeltaube;Pigeon ramier ;Colombaccio ;Common Wood Pigeon
2990;128,3141433;3,727891938;2014;Ringeltaube;Pigeon ramier ;Colombaccio ;Common Wood Pigeon
2990;131,5442919;3,764955824;2015;Ringeltaube;Pigeon ramier ;Colombaccio ;Common Wood Pigeon
2990;135,7871694;3,828179884;2016;Ringeltaube;Pigeon ramier ;Colombaccio ;Common Wood Pigeon
2990;147,0696112;3,964200819;2017;Ringeltaube;Pigeon ramier ;Colombaccio ;Common Wood Pigeon
2990;149,1991231;4,002105396;2018;Ringeltaube;Pigeon ramier ;Colombaccio ;Common Wood Pigeon
2990;166,0043392;4,197369969;2019;Ringeltaube;Pigeon ramier ;Colombaccio ;Common Wood Pigeon
2990;179,7757866;4,345484604;2020;Ringeltaube;Pigeon ramier ;Colombaccio ;Common Wood Pigeon
2990;176,4942968;4,341332482;2021;Ringeltaube;Pigeon ramier ;Colombaccio ;Common Wood Pigeon
2990;170,1632044;4,347322741;2022;Ringeltaube;Pigeon ramier ;Colombaccio ;Common Wood Pigeon
3020;62,81175514;NA;1990;Türkentaube;Tourterelle turque;Tortora dal collare ;Eurasian Collared Dove
3020;70,73231747;15,65668634;1991;Türkentaube;Tourterelle turque;Tortora dal collare ;Eurasian Collared Dove
3020;73,57768998;16,37882824;1992;Türkentaube;Tourterelle turque;Tortora dal collare ;Eurasian Collared Dove
3020;84,31221893;18,94767639;1993;Türkentaube;Tourterelle turque;Tortora dal collare ;Eurasian Collared Dove
3020;82,38389805;18,65427009;1994;Türkentaube;Tourterelle turque;Tortora dal collare ;Eurasian Collared Dove
3020;65,23000772;15,20424863;1995;Türkentaube;Tourterelle turque;Tortora dal collare ;Eurasian Collared Dove
3020;71,07778212;16,36558209;1996;Türkentaube;Tourterelle turque;Tortora dal collare ;Eurasian Collared Dove
3020;91,67375663;21,65020013;1997;Türkentaube;Tourterelle turque;Tortora dal collare ;Eurasian Collared Dove
3020;79,96062053;11,90902859;1998;Türkentaube;Tourterelle turque;Tortora dal collare ;Eurasian Collared Dove
3020;89,58056523;10,92530755;1999;Türkentaube;Tourterelle turque;Tortora dal collare ;Eurasian Collared Dove
3020;101,4039034;10,63372791;2000;Türkentaube;Tourterelle turque;Tortora dal collare ;Eurasian Collared Dove
3020;74,71298958;9,182833223;2001;Türkentaube;Tourterelle turque;Tortora dal collare ;Eurasian Collared Dove
3020;82,00026345;9,591342882;2002;Türkentaube;Tourterelle turque;Tortora dal collare ;Eurasian Collared Dove
3020;118,614511;11,40827199;2003;Türkentaube;Tourterelle turque;Tortora dal collare ;Eurasian Collared Dove
3020;111,2080951;11,03007507;2004;Türkentaube;Tourterelle turque;Tortora dal collare ;Eurasian Collared Dove
3020;107,1763043;11,40181977;2005;Türkentaube;Tourterelle turque;Tortora dal collare ;Eurasian Collared Dove
3020;92,54442199;10,11421332;2006;Türkentaube;Tourterelle turque;Tortora dal collare ;Eurasian Collared Dove
3020;90,57539206;10,02228169;2007;Türkentaube;Tourterelle turque;Tortora dal collare ;Eurasian Collared Dove
3020;79,7155372;9,419536021;2008;Türkentaube;Tourterelle turque;Tortora dal collare ;Eurasian Collared Dove
3020;87,58867668;9,854384713;2009;Türkentaube;Tourterelle turque;Tortora dal collare ;Eurasian Collared Dove
3020;105,3032405;10,761834;2010;Türkentaube;Tourterelle turque;Tortora dal collare ;Eurasian Collared Dove
3020;105,3847338;10,75609888;2011;Türkentaube;Tourterelle turque;Tortora dal collare ;Eurasian Collared Dove
3020;108,3075544;10,96557592;2012;Türkentaube;Tourterelle turque;Tortora dal collare ;Eurasian Collared Dove
3020;98,13150118;10,54357626;2013;Türkentaube;Tourterelle turque;Tortora dal collare ;Eurasian Collared Dove
3020;96,44595859;10,3102438;2014;Türkentaube;Tourterelle turque;Tortora dal collare ;Eurasian Collared Dove
3020;97,43010103;10,35556378;2015;Türkentaube;Tourterelle turque;Tortora dal collare ;Eurasian Collared Dove
3020;106,3869001;10,8180649;2016;Türkentaube;Tourterelle turque;Tortora dal collare ;Eurasian Collared Dove
3020;118,0970922;11,33109638;2017;Türkentaube;Tourterelle turque;Tortora dal collare ;Eurasian Collared Dove
3020;121,4705721;11,4950719;2018;Türkentaube;Tourterelle turque;Tortora dal collare ;Eurasian Collared Dove
3020;131,076167;11,86347022;2019;Türkentaube;Tourterelle turque;Tortora dal collare ;Eurasian Collared Dove
3020;164,3517866;13,18836479;2020;Türkentaube;Tourterelle turque;Tortora dal collare ;Eurasian Collared Dove
3020;177,1456382;13,71534789;2021;Türkentaube;Tourterelle turque;Tortora dal collare ;Eurasian Collared Dove
3020;153,5880478;13,03949019;2022;Türkentaube;Tourterelle turque;Tortora dal collare ;Eurasian Collared Dove
3000;135,2743399;12,73585662;1990;Turteltaube;Tourterelle des bois;Tortora selvatica ;European Turtle Dove
3000;135,6058386;13,48980662;1991;Turteltaube;Tourterelle des bois;Tortora selvatica ;European Turtle Dove
3000;127,9144354;11,96163448;1992;Turteltaube;Tourterelle des bois;Tortora selvatica ;European Turtle Dove
3000;126,124187;10,58604856;1993;Turteltaube;Tourterelle des bois;Tortora selvatica ;European Turtle Dove
3000;126,4235764;10,31740792;1994;Turteltaube;Tourterelle des bois;Tortora selvatica ;European Turtle Dove
3000;143,7806776;12,89975104;1995;Turteltaube;Tourterelle des bois;Tortora selvatica ;European Turtle Dove
3000;127,0089903;9,262616287;1996;Turteltaube;Tourterelle des bois;Tortora selvatica ;European Turtle Dove
3000;110,524844;8,600381986;1997;Turteltaube;Tourterelle des bois;Tortora selvatica ;European Turtle Dove
3000;109,038646;9,015741739;1998;Turteltaube;Tourterelle des bois;Tortora selvatica ;European Turtle Dove
3000;103,87196;9,049253824;1999;Turteltaube;Tourterelle des bois;Tortora selvatica ;European Turtle Dove
3000;111,2563025;8,7759395;2000;Turteltaube;Tourterelle des bois;Tortora selvatica ;European Turtle Dove
3000;107,9321869;7,509686052;2001;Turteltaube;Tourterelle des bois;Tortora selvatica ;European Turtle Dove
3000;102,2912991;8,008747526;2002;Turteltaube;Tourterelle des bois;Tortora selvatica ;European Turtle Dove
3000;98,29006093;7,824735377;2003;Turteltaube;Tourterelle des bois;Tortora selvatica ;European Turtle Dove
3000;100,7319923;7,986121419;2004;Turteltaube;Tourterelle des bois;Tortora selvatica ;European Turtle Dove
3000;109,8502609;7,876690769;2005;Turteltaube;Tourterelle des bois;Tortora selvatica ;European Turtle Dove
3000;116,3702231;8,914732686;2006;Turteltaube;Tourterelle des bois;Tortora selvatica ;European Turtle Dove
3000;121,7176284;8,746592049;2007;Turteltaube;Tourterelle des bois;Tortora selvatica ;European Turtle Dove
3000;111,798011;8,657716216;2008;Turteltaube;Tourterelle des bois;Tortora selvatica ;European Turtle Dove
3000;97,67638;7,016720698;2009;Turteltaube;Tourterelle des bois;Tortora selvatica ;European Turtle Dove
3000;93,39661577;7,152968896;2010;Turteltaube;Tourterelle des bois;Tortora selvatica ;European Turtle Dove
3000;90,64951443;7,024769904;2011;Turteltaube;Tourterelle des bois;Tortora selvatica ;European Turtle Dove
3000;84,34962497;6,432405514;2012;Turteltaube;Tourterelle des bois;Tortora selvatica ;European Turtle Dove
3000;89,44847904;6,753190154;2013;Turteltaube;Tourterelle des bois;Tortora selvatica ;European Turtle Dove
3000;93,08952916;7,169879362;2014;Turteltaube;Tourterelle des bois;Tortora selvatica ;European Turtle Dove
3000;86,16998505;6,963010423;2015;Turteltaube;Tourterelle des bois;Tortora selvatica ;European Turtle Dove
3000;74,71621342;5,474482075;2016;Turteltaube;Tourterelle des bois;Tortora selvatica ;European Turtle Dove
3000;63,02665534;5,129180358;2017;Turteltaube;Tourterelle des bois;Tortora selvatica ;European Turtle Dove
3000;59,93321757;5,071441131;2018;Turteltaube;Tourterelle des bois;Tortora selvatica ;European Turtle Dove
3000;63,32160379;5,001092122;2019;Turteltaube;Tourterelle des bois;Tortora selvatica ;European Turtle Dove
3000;64,078533;4,924632487;2020;Turteltaube;Tourterelle des bois;Tortora selvatica ;European Turtle Dove
3000;58,68336828;4,970537337;2021;Turteltaube;Tourterelle des bois;Tortora selvatica ;European Turtle Dove
3000;55,65481992;5,697094007;2022;Turteltaube;Tourterelle des bois;Tortora selvatica ;European Turtle Dove
3040;94,51807003;NA;1990;Kuckuck;Coucou gris ;Cuculo;Common Cuckoo 
3040;87,11730515;12,10169234;1991;Kuckuck;Coucou gris ;Cuculo;Common Cuckoo 
3040;93,08139537;13,2073289;1992;Kuckuck;Coucou gris ;Cuculo;Common Cuckoo 
3040;108,5823589;15,05660866;1993;Kuckuck;Coucou gris ;Cuculo;Common Cuckoo 
3040;94,69765436;13,31417684;1994;Kuckuck;Coucou gris ;Cuculo;Common Cuckoo 
3040;92,00388937;13,18042725;1995;Kuckuck;Coucou gris ;Cuculo;Common Cuckoo 
3040;89,11163642;13,12648511;1996;Kuckuck;Coucou gris ;Cuculo;Common Cuckoo 
3040;100,1418952;14,7023913;1997;Kuckuck;Coucou gris ;Cuculo;Common Cuckoo 
3040;90,16740327;7,346473201;1998;Kuckuck;Coucou gris ;Cuculo;Common Cuckoo 
3040;92,17120222;5,60096868;1999;Kuckuck;Coucou gris ;Cuculo;Common Cuckoo 
3040;97,90802471;5,574696203;2000;Kuckuck;Coucou gris ;Cuculo;Common Cuckoo 
3040;92,95319372;5,479053628;2001;Kuckuck;Coucou gris ;Cuculo;Common Cuckoo 
3040;99,36874518;5,614190711;2002;Kuckuck;Coucou gris ;Cuculo;Common Cuckoo 
3040;102,0981945;5,681793116;2003;Kuckuck;Coucou gris ;Cuculo;Common Cuckoo 
3040;97,31688271;5,541806814;2004;Kuckuck;Coucou gris ;Cuculo;Common Cuckoo 
3040;108,4635769;5,835671072;2005;Kuckuck;Coucou gris ;Cuculo;Common Cuckoo 
3040;107,3884686;5,85828796;2006;Kuckuck;Coucou gris ;Cuculo;Common Cuckoo 
3040;102,4771547;5,702299502;2007;Kuckuck;Coucou gris ;Cuculo;Common Cuckoo 
3040;87,04461532;5,250837373;2008;Kuckuck;Coucou gris ;Cuculo;Common Cuckoo 
3040;89,96231192;5,334857248;2009;Kuckuck;Coucou gris ;Cuculo;Common Cuckoo 
3040;101,1468156;5,643510386;2010;Kuckuck;Coucou gris ;Cuculo;Common Cuckoo 
3040;116,5358288;6,071543906;2011;Kuckuck;Coucou gris ;Cuculo;Common Cuckoo 
3040;88,64212451;5,345289077;2012;Kuckuck;Coucou gris ;Cuculo;Common Cuckoo 
3040;94,29183581;5,512405655;2013;Kuckuck;Coucou gris ;Cuculo;Common Cuckoo 
3040;101,907392;5,671409958;2014;Kuckuck;Coucou gris ;Cuculo;Common Cuckoo 
3040;95,9854182;5,523001527;2015;Kuckuck;Coucou gris ;Cuculo;Common Cuckoo 
3040;97,35368334;5,557753094;2016;Kuckuck;Coucou gris ;Cuculo;Common Cuckoo 
3040;108,5479804;5,866366348;2017;Kuckuck;Coucou gris ;Cuculo;Common Cuckoo 
3040;101,3522429;5,668287172;2018;Kuckuck;Coucou gris ;Cuculo;Common Cuckoo 
3040;110,2484176;5,916135996;2019;Kuckuck;Coucou gris ;Cuculo;Common Cuckoo 
3040;118,7860093;6,108982319;2020;Kuckuck;Coucou gris ;Cuculo;Common Cuckoo 
3040;120,2267376;6,143344105;2021;Kuckuck;Coucou gris ;Cuculo;Common Cuckoo 
3040;118,4015357;6,114780255;2022;Kuckuck;Coucou gris ;Cuculo;Common Cuckoo 
3070;113,348499;1,838222694;1990;Schleiereule;Effraie des clochers;Barbagianni ;Western Barn Owl
3070;113,2073942;1,892905004;1991;Schleiereule;Effraie des clochers;Barbagianni ;Western Barn Owl
3070;112,8518604;2,022342982;1992;Schleiereule;Effraie des clochers;Barbagianni ;Western Barn Owl
3070;112,742058;1,788351469;1993;Schleiereule;Effraie des clochers;Barbagianni ;Western Barn Owl
3070;111,5671806;1,887386795;1994;Schleiereule;Effraie des clochers;Barbagianni ;Western Barn Owl
3070;104,9347603;3,855884188;1995;Schleiereule;Effraie des clochers;Barbagianni ;Western Barn Owl
3070;107,4882716;2,517979329;1996;Schleiereule;Effraie des clochers;Barbagianni ;Western Barn Owl
3070;106,6929736;2,900082082;1997;Schleiereule;Effraie des clochers;Barbagianni ;Western Barn Owl
3070;106,3777632;2,620497328;1998;Schleiereule;Effraie des clochers;Barbagianni ;Western Barn Owl
3070;106,133642;3,220573956;1999;Schleiereule;Effraie des clochers;Barbagianni ;Western Barn Owl
3070;106,2948097;3,341201992;2000;Schleiereule;Effraie des clochers;Barbagianni ;Western Barn Owl
3070;108,0806734;2,400202728;2001;Schleiereule;Effraie des clochers;Barbagianni ;Western Barn Owl
3070;107,3883336;2,20975898;2002;Schleiereule;Effraie des clochers;Barbagianni ;Western Barn Owl
3070;107,7713827;2,334884163;2003;Schleiereule;Effraie des clochers;Barbagianni ;Western Barn Owl
3070;104,9801786;2,636598567;2004;Schleiereule;Effraie des clochers;Barbagianni ;Western Barn Owl
3070;104,9581088;3,11353002;2005;Schleiereule;Effraie des clochers;Barbagianni ;Western Barn Owl
3070;97,72329868;4,111843572;2006;Schleiereule;Effraie des clochers;Barbagianni ;Western Barn Owl
3070;99,20660749;3,302275555;2007;Schleiereule;Effraie des clochers;Barbagianni ;Western Barn Owl
3070;91,19409256;3,534611465;2008;Schleiereule;Effraie des clochers;Barbagianni ;Western Barn Owl
3070;79,64237545;5,334345015;2009;Schleiereule;Effraie des clochers;Barbagianni ;Western Barn Owl
3070;78,87095443;4,778990871;2010;Schleiereule;Effraie des clochers;Barbagianni ;Western Barn Owl
3070;88,02521825;4,307960591;2011;Schleiereule;Effraie des clochers;Barbagianni ;Western Barn Owl
3070;91,52125206;3,288555351;2012;Schleiereule;Effraie des clochers;Barbagianni ;Western Barn Owl
3070;71,67202321;5,885050057;2013;Schleiereule;Effraie des clochers;Barbagianni ;Western Barn Owl
3070;79,37049279;3,951119467;2014;Schleiereule;Effraie des clochers;Barbagianni ;Western Barn Owl
3070;86,76797499;4,147047972;2015;Schleiereule;Effraie des clochers;Barbagianni ;Western Barn Owl
3070;95,07309814;3,110217244;2016;Schleiereule;Effraie des clochers;Barbagianni ;Western Barn Owl
3070;97,58405004;2,815973903;2017;Schleiereule;Effraie des clochers;Barbagianni ;Western Barn Owl
3070;105,5524722;2,279539003;2018;Schleiereule;Effraie des clochers;Barbagianni ;Western Barn Owl
3070;103,8820063;2,257539198;2019;Schleiereule;Effraie des clochers;Barbagianni ;Western Barn Owl
3070;106,1687723;2,597592537;2020;Schleiereule;Effraie des clochers;Barbagianni ;Western Barn Owl
3070;99,73290291;3,294617834;2021;Schleiereule;Effraie des clochers;Barbagianni ;Western Barn Owl
3070;93,19451845;4,497607151;2022;Schleiereule;Effraie des clochers;Barbagianni ;Western Barn Owl
3080;95,9653943;24,12655882;1990;Zwergohreule;Petit-duc scops ;Assiolo ;Eurasian Scops Owl
3080;83,17000839;22,54242788;1991;Zwergohreule;Petit-duc scops ;Assiolo ;Eurasian Scops Owl
3080;70,37462248;20,81101261;1992;Zwergohreule;Petit-duc scops ;Assiolo ;Eurasian Scops Owl
3080;57,57923658;18,89186103;1993;Zwergohreule;Petit-duc scops ;Assiolo ;Eurasian Scops Owl
3080;51,18154363;17,84319514;1994;Zwergohreule;Petit-duc scops ;Assiolo ;Eurasian Scops Owl
3080;44,78385067;16,72045325;1995;Zwergohreule;Petit-duc scops ;Assiolo ;Eurasian Scops Owl
3080;38,38615772;15,50755445;1996;Zwergohreule;Petit-duc scops ;Assiolo ;Eurasian Scops Owl
3080;31,98846477;14,18138488;1997;Zwergohreule;Petit-duc scops ;Assiolo ;Eurasian Scops Owl
3080;25,59077181;12,70652767;1998;Zwergohreule;Petit-duc scops ;Assiolo ;Eurasian Scops Owl
3080;38,38615772;15,50755445;1999;Zwergohreule;Petit-duc scops ;Assiolo ;Eurasian Scops Owl
3080;44,78385067;16,72045325;2000;Zwergohreule;Petit-duc scops ;Assiolo ;Eurasian Scops Owl
3080;51,18154363;17,84319514;2001;Zwergohreule;Petit-duc scops ;Assiolo ;Eurasian Scops Owl
3080;38,38615772;15,50755445;2002;Zwergohreule;Petit-duc scops ;Assiolo ;Eurasian Scops Owl
3080;38,38615772;15,50755445;2003;Zwergohreule;Petit-duc scops ;Assiolo ;Eurasian Scops Owl
3080;62,27754234;16,43939465;2004;Zwergohreule;Petit-duc scops ;Assiolo ;Eurasian Scops Owl
3080;57,82914646;15,85558741;2005;Zwergohreule;Petit-duc scops ;Assiolo ;Eurasian Scops Owl
3080;71,1743341;17,54292419;2006;Zwergohreule;Petit-duc scops ;Assiolo ;Eurasian Scops Owl
3080;71,1743341;17,54292419;2007;Zwergohreule;Petit-duc scops ;Assiolo ;Eurasian Scops Owl
3080;146,7970641;24,80590246;2008;Zwergohreule;Petit-duc scops ;Assiolo ;Eurasian Scops Owl
3080;97,86470939;20,45959188;2009;Zwergohreule;Petit-duc scops ;Assiolo ;Eurasian Scops Owl
3080;84,51952175;19,06530719;2010;Zwergohreule;Petit-duc scops ;Assiolo ;Eurasian Scops Owl
3080;80,07112587;18,57358035;2011;Zwergohreule;Petit-duc scops ;Assiolo ;Eurasian Scops Owl
3080;142,3486682;24,4498165;2012;Zwergohreule;Petit-duc scops ;Assiolo ;Eurasian Scops Owl
3080;106,7615012;21,33045275;2013;Zwergohreule;Petit-duc scops ;Assiolo ;Eurasian Scops Owl
3080;93,41631351;20,00735976;2014;Zwergohreule;Petit-duc scops ;Assiolo ;Eurasian Scops Owl
3080;124,5550847;22,95527085;2015;Zwergohreule;Petit-duc scops ;Assiolo ;Eurasian Scops Owl
3080;180,6048728;31,55688175;2016;Zwergohreule;Petit-duc scops ;Assiolo ;Eurasian Scops Owl
3080;149,4661016;29,02649467;2017;Zwergohreule;Petit-duc scops ;Assiolo ;Eurasian Scops Owl
3080;149,4661016;29,02649467;2018;Zwergohreule;Petit-duc scops ;Assiolo ;Eurasian Scops Owl
3080;118,3273304;26,10693821;2019;Zwergohreule;Petit-duc scops ;Assiolo ;Eurasian Scops Owl
3080;273,3852536;28,43020662;2020;Zwergohreule;Petit-duc scops ;Assiolo ;Eurasian Scops Owl
3080;273,3852536;28,43020662;2021;Zwergohreule;Petit-duc scops ;Assiolo ;Eurasian Scops Owl
3080;306,4318228;30,07015284;2022;Zwergohreule;Petit-duc scops ;Assiolo ;Eurasian Scops Owl
3090;116,8477131;7,377657572;1990;Uhu;Grand-duc d'Europe;Gufo reale;Eurasian Eagle-Owl
3090;111,0801483;6,63057606;1991;Uhu;Grand-duc d'Europe;Gufo reale;Eurasian Eagle-Owl
3090;107,0365213;6,282153081;1992;Uhu;Grand-duc d'Europe;Gufo reale;Eurasian Eagle-Owl
3090;105,8726331;6,277049597;1993;Uhu;Grand-duc d'Europe;Gufo reale;Eurasian Eagle-Owl
3090;102,3449496;6,547964164;1994;Uhu;Grand-duc d'Europe;Gufo reale;Eurasian Eagle-Owl
3090;104,174756;6,288940016;1995;Uhu;Grand-duc d'Europe;Gufo reale;Eurasian Eagle-Owl
3090;99,94283364;5,655141722;1996;Uhu;Grand-duc d'Europe;Gufo reale;Eurasian Eagle-Owl
3090;101,4190715;6,272430698;1997;Uhu;Grand-duc d'Europe;Gufo reale;Eurasian Eagle-Owl
3090;102,9242614;6,356551607;1998;Uhu;Grand-duc d'Europe;Gufo reale;Eurasian Eagle-Owl
3090;96,23488471;6,583921071;1999;Uhu;Grand-duc d'Europe;Gufo reale;Eurasian Eagle-Owl
3090;98,53921382;5,949248368;2000;Uhu;Grand-duc d'Europe;Gufo reale;Eurasian Eagle-Owl
3090;96,27550379;5,949180303;2001;Uhu;Grand-duc d'Europe;Gufo reale;Eurasian Eagle-Owl
3090;94,34294453;5,462220394;2002;Uhu;Grand-duc d'Europe;Gufo reale;Eurasian Eagle-Owl
3090;95,29514589;6,207228634;2003;Uhu;Grand-duc d'Europe;Gufo reale;Eurasian Eagle-Owl
3090;94,86024745;5,981425805;2004;Uhu;Grand-duc d'Europe;Gufo reale;Eurasian Eagle-Owl
3090;91,96327829;5,683746559;2005;Uhu;Grand-duc d'Europe;Gufo reale;Eurasian Eagle-Owl
3090;95,68974088;6,298269381;2006;Uhu;Grand-duc d'Europe;Gufo reale;Eurasian Eagle-Owl
3090;91,4196428;5,666327751;2007;Uhu;Grand-duc d'Europe;Gufo reale;Eurasian Eagle-Owl
3090;93,70876753;5,243562937;2008;Uhu;Grand-duc d'Europe;Gufo reale;Eurasian Eagle-Owl
3090;97,95468413;5,45040267;2009;Uhu;Grand-duc d'Europe;Gufo reale;Eurasian Eagle-Owl
3090;99,98315986;4,320370215;2010;Uhu;Grand-duc d'Europe;Gufo reale;Eurasian Eagle-Owl
3090;97,01334634;4,277800763;2011;Uhu;Grand-duc d'Europe;Gufo reale;Eurasian Eagle-Owl
3090;102,0044284;4,014843285;2012;Uhu;Grand-duc d'Europe;Gufo reale;Eurasian Eagle-Owl
3090;89,07809801;3,525801896;2013;Uhu;Grand-duc d'Europe;Gufo reale;Eurasian Eagle-Owl
3090;91,97902397;3,181515753;2014;Uhu;Grand-duc d'Europe;Gufo reale;Eurasian Eagle-Owl
3090;92,89796286;3,168674146;2015;Uhu;Grand-duc d'Europe;Gufo reale;Eurasian Eagle-Owl
3090;94,20962384;3,06731144;2016;Uhu;Grand-duc d'Europe;Gufo reale;Eurasian Eagle-Owl
3090;92,13597859;3,715155004;2017;Uhu;Grand-duc d'Europe;Gufo reale;Eurasian Eagle-Owl
3090;101,3509548;3,593030632;2018;Uhu;Grand-duc d'Europe;Gufo reale;Eurasian Eagle-Owl
3090;108,3582912;3,618995967;2019;Uhu;Grand-duc d'Europe;Gufo reale;Eurasian Eagle-Owl
3090;117,5759668;3,590835546;2020;Uhu;Grand-duc d'Europe;Gufo reale;Eurasian Eagle-Owl
3090;114,9846606;3,166156523;2021;Uhu;Grand-duc d'Europe;Gufo reale;Eurasian Eagle-Owl
3090;100,501563;3,624754301;2022;Uhu;Grand-duc d'Europe;Gufo reale;Eurasian Eagle-Owl
3120;105,4137538;10,36006879;1990;Sperlingskauz;Chevêchette d'Europe;Civetta nana;Eurasian Pygmy Owl
3120;104,6982584;10,02996765;1991;Sperlingskauz;Chevêchette d'Europe;Civetta nana;Eurasian Pygmy Owl
3120;105,9705152;8,073238911;1992;Sperlingskauz;Chevêchette d'Europe;Civetta nana;Eurasian Pygmy Owl
3120;108,1410935;6,614823744;1993;Sperlingskauz;Chevêchette d'Europe;Civetta nana;Eurasian Pygmy Owl
3120;112,2219593;5,412771417;1994;Sperlingskauz;Chevêchette d'Europe;Civetta nana;Eurasian Pygmy Owl
3120;111,3291785;5,508832975;1995;Sperlingskauz;Chevêchette d'Europe;Civetta nana;Eurasian Pygmy Owl
3120;107,8038789;5,594793182;1996;Sperlingskauz;Chevêchette d'Europe;Civetta nana;Eurasian Pygmy Owl
3120;104,2928838;6,452449239;1997;Sperlingskauz;Chevêchette d'Europe;Civetta nana;Eurasian Pygmy Owl
3120;98,90610495;6,977734544;1998;Sperlingskauz;Chevêchette d'Europe;Civetta nana;Eurasian Pygmy Owl
3120;95,22153598;8,425964913;1999;Sperlingskauz;Chevêchette d'Europe;Civetta nana;Eurasian Pygmy Owl
3120;98,12363897;6,808338242;2000;Sperlingskauz;Chevêchette d'Europe;Civetta nana;Eurasian Pygmy Owl
3120;98,90871381;7,007227802;2001;Sperlingskauz;Chevêchette d'Europe;Civetta nana;Eurasian Pygmy Owl
3120;93,20199448;8,283937426;2002;Sperlingskauz;Chevêchette d'Europe;Civetta nana;Eurasian Pygmy Owl
3120;90,34806124;8,654181017;2003;Sperlingskauz;Chevêchette d'Europe;Civetta nana;Eurasian Pygmy Owl
3120;89,87212287;8,66127335;2004;Sperlingskauz;Chevêchette d'Europe;Civetta nana;Eurasian Pygmy Owl
3120;88,03729461;7,810524061;2005;Sperlingskauz;Chevêchette d'Europe;Civetta nana;Eurasian Pygmy Owl
3120;93,54910083;6,47913311;2006;Sperlingskauz;Chevêchette d'Europe;Civetta nana;Eurasian Pygmy Owl
3120;90,02595672;6,054780341;2007;Sperlingskauz;Chevêchette d'Europe;Civetta nana;Eurasian Pygmy Owl
3120;86,74460118;7,314687468;2008;Sperlingskauz;Chevêchette d'Europe;Civetta nana;Eurasian Pygmy Owl
3120;90,71992855;7,985252419;2009;Sperlingskauz;Chevêchette d'Europe;Civetta nana;Eurasian Pygmy Owl
3120;91,51272278;6,058628955;2010;Sperlingskauz;Chevêchette d'Europe;Civetta nana;Eurasian Pygmy Owl
3120;93,95850483;5,21315147;2011;Sperlingskauz;Chevêchette d'Europe;Civetta nana;Eurasian Pygmy Owl
3120;93,14934702;6,079746578;2012;Sperlingskauz;Chevêchette d'Europe;Civetta nana;Eurasian Pygmy Owl
3120;92,63921951;5,303025595;2013;Sperlingskauz;Chevêchette d'Europe;Civetta nana;Eurasian Pygmy Owl
3120;93,70973882;5,628615199;2014;Sperlingskauz;Chevêchette d'Europe;Civetta nana;Eurasian Pygmy Owl
3120;105,2948219;5,145443986;2015;Sperlingskauz;Chevêchette d'Europe;Civetta nana;Eurasian Pygmy Owl
3120;110,1558236;4,617252465;2016;Sperlingskauz;Chevêchette d'Europe;Civetta nana;Eurasian Pygmy Owl
3120;103,9273087;4,946556081;2017;Sperlingskauz;Chevêchette d'Europe;Civetta nana;Eurasian Pygmy Owl
3120;112,5775039;4,473327552;2018;Sperlingskauz;Chevêchette d'Europe;Civetta nana;Eurasian Pygmy Owl
3120;108,9797505;4,371594454;2019;Sperlingskauz;Chevêchette d'Europe;Civetta nana;Eurasian Pygmy Owl
3120;102,7077886;4,804344839;2020;Sperlingskauz;Chevêchette d'Europe;Civetta nana;Eurasian Pygmy Owl
3120;106,5218283;4,82435875;2021;Sperlingskauz;Chevêchette d'Europe;Civetta nana;Eurasian Pygmy Owl
3120;111,335066;5,036960581;2022;Sperlingskauz;Chevêchette d'Europe;Civetta nana;Eurasian Pygmy Owl
3130;70,69523117;9,755712549;1990;Steinkauz;Chevêche d'Athéna ;Civetta ;Little Owl
3130;70,20426415;9,808991119;1991;Steinkauz;Chevêche d'Athéna ;Civetta ;Little Owl
3130;69,33951426;9,220574547;1992;Steinkauz;Chevêche d'Athéna ;Civetta ;Little Owl
3130;68,49184706;9,128017232;1993;Steinkauz;Chevêche d'Athéna ;Civetta ;Little Owl
3130;67,21496932;8,424352389;1994;Steinkauz;Chevêche d'Athéna ;Civetta ;Little Owl
3130;64,8764165;7,551499072;1995;Steinkauz;Chevêche d'Athéna ;Civetta ;Little Owl
3130;62,86729387;7,590834754;1996;Steinkauz;Chevêche d'Athéna ;Civetta ;Little Owl
3130;64,19112341;7,844944281;1997;Steinkauz;Chevêche d'Athéna ;Civetta ;Little Owl
3130;63,41691097;8,106065252;1998;Steinkauz;Chevêche d'Athéna ;Civetta ;Little Owl
3130;65,79936486;7,220290849;1999;Steinkauz;Chevêche d'Athéna ;Civetta ;Little Owl
3130;66,85908762;6,84013906;2000;Steinkauz;Chevêche d'Athéna ;Civetta ;Little Owl
3130;64,50293284;5,353555773;2001;Steinkauz;Chevêche d'Athéna ;Civetta ;Little Owl
3130;63,40055114;0;2002;Steinkauz;Chevêche d'Athéna ;Civetta ;Little Owl
3130;63,40055114;0;2003;Steinkauz;Chevêche d'Athéna ;Civetta ;Little Owl
3130;67,84971262;0;2004;Steinkauz;Chevêche d'Athéna ;Civetta ;Little Owl
3130;76,74803559;0;2005;Steinkauz;Chevêche d'Athéna ;Civetta ;Little Owl
3130;81,19719707;0;2006;Steinkauz;Chevêche d'Athéna ;Civetta ;Little Owl
3130;93,43239115;0;2007;Steinkauz;Chevêche d'Athéna ;Civetta ;Little Owl
3130;104,5552949;0;2008;Steinkauz;Chevêche d'Athéna ;Civetta ;Little Owl
3130;96,76926226;0;2009;Steinkauz;Chevêche d'Athéna ;Civetta ;Little Owl
3130;90,09552004;0;2010;Steinkauz;Chevêche d'Athéna ;Civetta ;Little Owl
3130;98,993843;0;2011;Steinkauz;Chevêche d'Athéna ;Civetta ;Little Owl
3130;117,9027793;0;2012;Steinkauz;Chevêche d'Athéna ;Civetta ;Little Owl
3130;126,8011023;0;2013;Steinkauz;Chevêche d'Athéna ;Civetta ;Little Owl
3130;134,5871349;0;2014;Steinkauz;Chevêche d'Athéna ;Civetta ;Little Owl
3130;139,0362964;0;2015;Steinkauz;Chevêche d'Athéna ;Civetta ;Little Owl
3130;164,6189749;0;2016;Steinkauz;Chevêche d'Athéna ;Civetta ;Little Owl
3130;165,7312653;0;2017;Steinkauz;Chevêche d'Athéna ;Civetta ;Little Owl
3130;160,1698134;0;2018;Steinkauz;Chevêche d'Athéna ;Civetta ;Little Owl
3130;157,9452327;0;2019;Steinkauz;Chevêche d'Athéna ;Civetta ;Little Owl
3130;165,7312653;0;2020;Steinkauz;Chevêche d'Athéna ;Civetta ;Little Owl
3130;170,1804267;0;2021;Steinkauz;Chevêche d'Athéna ;Civetta ;Little Owl
3130;162,3943941;0;2022;Steinkauz;Chevêche d'Athéna ;Civetta ;Little Owl
3140;109,35336;22,57621849;1999;Waldkauz;Chouette hulotte;Allocco ;Tawny Owl 
3140;108,7116806;16,54143697;2000;Waldkauz;Chouette hulotte;Allocco ;Tawny Owl 
3140;100,7356187;13,17205017;2001;Waldkauz;Chouette hulotte;Allocco ;Tawny Owl 
3140;99,25256971;11,06236447;2002;Waldkauz;Chouette hulotte;Allocco ;Tawny Owl 
3140;100,3748114;9,349874062;2003;Waldkauz;Chouette hulotte;Allocco ;Tawny Owl 
3140;102,0509833;8,816066897;2004;Waldkauz;Chouette hulotte;Allocco ;Tawny Owl 
3140;103,8345509;8,444231344;2005;Waldkauz;Chouette hulotte;Allocco ;Tawny Owl 
3140;97,53440655;10,06800097;2006;Waldkauz;Chouette hulotte;Allocco ;Tawny Owl 
3140;97,72208888;8,900138953;2007;Waldkauz;Chouette hulotte;Allocco ;Tawny Owl 
3140;93,55859093;8,268858856;2008;Waldkauz;Chouette hulotte;Allocco ;Tawny Owl 
3140;91,74008794;7,935382824;2009;Waldkauz;Chouette hulotte;Allocco ;Tawny Owl 
3140;93,30481995;8,245078383;2010;Waldkauz;Chouette hulotte;Allocco ;Tawny Owl 
3140;95,31794195;7,50506364;2011;Waldkauz;Chouette hulotte;Allocco ;Tawny Owl 
3140;90,11585335;7,244880185;2012;Waldkauz;Chouette hulotte;Allocco ;Tawny Owl 
3140;88,09552543;7,292432362;2013;Waldkauz;Chouette hulotte;Allocco ;Tawny Owl 
3140;85,27528265;8,017070858;2014;Waldkauz;Chouette hulotte;Allocco ;Tawny Owl 
3140;94,80686755;7,577036778;2015;Waldkauz;Chouette hulotte;Allocco ;Tawny Owl 
3140;98,83364708;7,109856612;2016;Waldkauz;Chouette hulotte;Allocco ;Tawny Owl 
3140;101,862871;8,113230952;2017;Waldkauz;Chouette hulotte;Allocco ;Tawny Owl 
3140;107,2833294;8,110052482;2018;Waldkauz;Chouette hulotte;Allocco ;Tawny Owl 
3140;106,4155144;8,460947507;2019;Waldkauz;Chouette hulotte;Allocco ;Tawny Owl 
3140;115,850656;8,448599883;2020;Waldkauz;Chouette hulotte;Allocco ;Tawny Owl 
3140;107,1852354;9,378391985;2021;Waldkauz;Chouette hulotte;Allocco ;Tawny Owl 
3140;110,7837067;9,790104018;2022;Waldkauz;Chouette hulotte;Allocco ;Tawny Owl 
3170;106,9369153;4,676165536;1996;Waldohreule;Hibou moyen-duc ;Gufo comune ;Long-eared Owl
3170;101,8834091;4,818169396;1997;Waldohreule;Hibou moyen-duc ;Gufo comune ;Long-eared Owl
3170;101,5425137;5,357139208;1998;Waldohreule;Hibou moyen-duc ;Gufo comune ;Long-eared Owl
3170;94,56533748;5,177591939;1999;Waldohreule;Hibou moyen-duc ;Gufo comune ;Long-eared Owl
3170;95,58400155;5,036562194;2000;Waldohreule;Hibou moyen-duc ;Gufo comune ;Long-eared Owl
3170;94,72061676;5,519335545;2001;Waldohreule;Hibou moyen-duc ;Gufo comune ;Long-eared Owl
3170;95,35050157;6,138206041;2002;Waldohreule;Hibou moyen-duc ;Gufo comune ;Long-eared Owl
3170;83,68227492;5,231593817;2003;Waldohreule;Hibou moyen-duc ;Gufo comune ;Long-eared Owl
3170;90,49869489;4,924237429;2004;Waldohreule;Hibou moyen-duc ;Gufo comune ;Long-eared Owl
3170;96,08292041;4,719002204;2005;Waldohreule;Hibou moyen-duc ;Gufo comune ;Long-eared Owl
3170;95,92682819;4,619257931;2006;Waldohreule;Hibou moyen-duc ;Gufo comune ;Long-eared Owl
3170;104,2831542;4,79030298;2007;Waldohreule;Hibou moyen-duc ;Gufo comune ;Long-eared Owl
3170;95,61092245;3,857817879;2008;Waldohreule;Hibou moyen-duc ;Gufo comune ;Long-eared Owl
3170;102,0890876;4,398061318;2009;Waldohreule;Hibou moyen-duc ;Gufo comune ;Long-eared Owl
3170;103,2350363;4,353324066;2010;Waldohreule;Hibou moyen-duc ;Gufo comune ;Long-eared Owl
3170;101,4039605;3,968241942;2011;Waldohreule;Hibou moyen-duc ;Gufo comune ;Long-eared Owl
3170;108,0841237;4,037014234;2012;Waldohreule;Hibou moyen-duc ;Gufo comune ;Long-eared Owl
3170;104,3719961;3,778297338;2013;Waldohreule;Hibou moyen-duc ;Gufo comune ;Long-eared Owl
3170;104,489093;3,761447131;2014;Waldohreule;Hibou moyen-duc ;Gufo comune ;Long-eared Owl
3170;108,288531;3,912589915;2015;Waldohreule;Hibou moyen-duc ;Gufo comune ;Long-eared Owl
3170;111,8527683;4,287110713;2016;Waldohreule;Hibou moyen-duc ;Gufo comune ;Long-eared Owl
3170;107,2333519;3,665038155;2017;Waldohreule;Hibou moyen-duc ;Gufo comune ;Long-eared Owl
3170;102,4766793;3,695120025;2018;Waldohreule;Hibou moyen-duc ;Gufo comune ;Long-eared Owl
3170;104,7364607;3,983575792;2019;Waldohreule;Hibou moyen-duc ;Gufo comune ;Long-eared Owl
3170;95,5332529;3,696791814;2020;Waldohreule;Hibou moyen-duc ;Gufo comune ;Long-eared Owl
3170;97,36208708;4,186713947;2021;Waldohreule;Hibou moyen-duc ;Gufo comune ;Long-eared Owl
3170;92,17548118;4,256328146;2022;Waldohreule;Hibou moyen-duc ;Gufo comune ;Long-eared Owl
3200;103,4768241;5,312353997;1990;Raufusskauz;Chouette de Tengmalm;Civetta capogrosso;Boreal Owl
3200;105,1365048;3,965258632;1991;Raufusskauz;Chouette de Tengmalm;Civetta capogrosso;Boreal Owl
3200;105,4603814;3,724718102;1992;Raufusskauz;Chouette de Tengmalm;Civetta capogrosso;Boreal Owl
3200;106,9582856;2,443923402;1993;Raufusskauz;Chouette de Tengmalm;Civetta capogrosso;Boreal Owl
3200;106,5760912;2,624100338;1994;Raufusskauz;Chouette de Tengmalm;Civetta capogrosso;Boreal Owl
3200;106,0027815;3,091046323;1995;Raufusskauz;Chouette de Tengmalm;Civetta capogrosso;Boreal Owl
3200;103,590246;3,359974218;1996;Raufusskauz;Chouette de Tengmalm;Civetta capogrosso;Boreal Owl
3200;101,1857707;4,453004183;1997;Raufusskauz;Chouette de Tengmalm;Civetta capogrosso;Boreal Owl
3200;95,86745138;5,325103966;1998;Raufusskauz;Chouette de Tengmalm;Civetta capogrosso;Boreal Owl
3200;95,44355839;6,377655397;1999;Raufusskauz;Chouette de Tengmalm;Civetta capogrosso;Boreal Owl
3200;101,6213734;4,400098285;2000;Raufusskauz;Chouette de Tengmalm;Civetta capogrosso;Boreal Owl
3200;98,7128045;7,824538104;2001;Raufusskauz;Chouette de Tengmalm;Civetta capogrosso;Boreal Owl
3200;103,6543073;3,820055708;2002;Raufusskauz;Chouette de Tengmalm;Civetta capogrosso;Boreal Owl
3200;105,3231858;2,863551708;2003;Raufusskauz;Chouette de Tengmalm;Civetta capogrosso;Boreal Owl
3200;106,6009841;2,44070183;2004;Raufusskauz;Chouette de Tengmalm;Civetta capogrosso;Boreal Owl
3200;106,8357321;2,127127384;2005;Raufusskauz;Chouette de Tengmalm;Civetta capogrosso;Boreal Owl
3200;107,0054883;2,488147338;2006;Raufusskauz;Chouette de Tengmalm;Civetta capogrosso;Boreal Owl
3200;107,2475518;2,022713775;2007;Raufusskauz;Chouette de Tengmalm;Civetta capogrosso;Boreal Owl
3200;106,5952788;2,541266409;2008;Raufusskauz;Chouette de Tengmalm;Civetta capogrosso;Boreal Owl
3200;105,1833276;3,121998137;2009;Raufusskauz;Chouette de Tengmalm;Civetta capogrosso;Boreal Owl
3200;102,7288344;3,538728323;2010;Raufusskauz;Chouette de Tengmalm;Civetta capogrosso;Boreal Owl
3200;96,43763511;6,292713443;2011;Raufusskauz;Chouette de Tengmalm;Civetta capogrosso;Boreal Owl
3200;100,269489;3,139955626;2012;Raufusskauz;Chouette de Tengmalm;Civetta capogrosso;Boreal Owl
3200;98,54819906;4,37552192;2013;Raufusskauz;Chouette de Tengmalm;Civetta capogrosso;Boreal Owl
3200;98,51203047;3,277810843;2014;Raufusskauz;Chouette de Tengmalm;Civetta capogrosso;Boreal Owl
3200;98,71563634;2,418188003;2015;Raufusskauz;Chouette de Tengmalm;Civetta capogrosso;Boreal Owl
3200;95,51650713;3,726342787;2016;Raufusskauz;Chouette de Tengmalm;Civetta capogrosso;Boreal Owl
3200;100,3378468;2,359199586;2017;Raufusskauz;Chouette de Tengmalm;Civetta capogrosso;Boreal Owl
3200;92,0071701;5,595416971;2018;Raufusskauz;Chouette de Tengmalm;Civetta capogrosso;Boreal Owl
3200;80,5601184;5,012246432;2019;Raufusskauz;Chouette de Tengmalm;Civetta capogrosso;Boreal Owl
3200;74,49682144;4,361359551;2020;Raufusskauz;Chouette de Tengmalm;Civetta capogrosso;Boreal Owl
3200;95,56917002;3,119402925;2021;Raufusskauz;Chouette de Tengmalm;Civetta capogrosso;Boreal Owl
3200;87,82261309;8,573394458;2022;Raufusskauz;Chouette de Tengmalm;Civetta capogrosso;Boreal Owl
3230;113,8809349;3,081644887;1990;Ziegenmelker;Engoulevent d'Europe;Succiacapre ;European Nightjar 
3230;114,1805571;3,219679521;1991;Ziegenmelker;Engoulevent d'Europe;Succiacapre ;European Nightjar 
3230;112,5512694;3,006032976;1992;Ziegenmelker;Engoulevent d'Europe;Succiacapre ;European Nightjar 
3230;112,2672834;3,150368198;1993;Ziegenmelker;Engoulevent d'Europe;Succiacapre ;European Nightjar 
3230;110,4502754;3,715116228;1994;Ziegenmelker;Engoulevent d'Europe;Succiacapre ;European Nightjar 
3230;109,7551585;3,655455736;1995;Ziegenmelker;Engoulevent d'Europe;Succiacapre ;European Nightjar 
3230;109,452287;3,833273363;1996;Ziegenmelker;Engoulevent d'Europe;Succiacapre ;European Nightjar 
3230;106,5420704;4,262707339;1997;Ziegenmelker;Engoulevent d'Europe;Succiacapre ;European Nightjar 
3230;104,3670668;4,141898778;1998;Ziegenmelker;Engoulevent d'Europe;Succiacapre ;European Nightjar 
3230;104,7412086;3,898049836;1999;Ziegenmelker;Engoulevent d'Europe;Succiacapre ;European Nightjar 
3230;102,8978368;4,346466845;2000;Ziegenmelker;Engoulevent d'Europe;Succiacapre ;European Nightjar 
3230;99,07326717;5,28515691;2001;Ziegenmelker;Engoulevent d'Europe;Succiacapre ;European Nightjar 
3230;99,535924;4,966274372;2002;Ziegenmelker;Engoulevent d'Europe;Succiacapre ;European Nightjar 
3230;103,9450808;4,259401632;2003;Ziegenmelker;Engoulevent d'Europe;Succiacapre ;European Nightjar 
3230;103,7961827;4,810992701;2004;Ziegenmelker;Engoulevent d'Europe;Succiacapre ;European Nightjar 
3230;100,3159783;5,380480773;2005;Ziegenmelker;Engoulevent d'Europe;Succiacapre ;European Nightjar 
3230;104,4152388;3,871064407;2006;Ziegenmelker;Engoulevent d'Europe;Succiacapre ;European Nightjar 
3230;101,5004545;4,929084404;2007;Ziegenmelker;Engoulevent d'Europe;Succiacapre ;European Nightjar 
3230;98,70802034;4,68698903;2008;Ziegenmelker;Engoulevent d'Europe;Succiacapre ;European Nightjar 
3230;99,19358973;5,000831248;2009;Ziegenmelker;Engoulevent d'Europe;Succiacapre ;European Nightjar 
3230;100,9613395;4,706827709;2010;Ziegenmelker;Engoulevent d'Europe;Succiacapre ;European Nightjar 
3230;100,4731806;4,832598569;2011;Ziegenmelker;Engoulevent d'Europe;Succiacapre ;European Nightjar 
3230;95,5949488;5,065011318;2012;Ziegenmelker;Engoulevent d'Europe;Succiacapre ;European Nightjar 
3230;91,57688697;5,977876408;2013;Ziegenmelker;Engoulevent d'Europe;Succiacapre ;European Nightjar 
3230;88,35098403;6,867323778;2014;Ziegenmelker;Engoulevent d'Europe;Succiacapre ;European Nightjar 
3230;89,22020178;5,664901554;2015;Ziegenmelker;Engoulevent d'Europe;Succiacapre ;European Nightjar 
3230;82,84820965;6,230348561;2016;Ziegenmelker;Engoulevent d'Europe;Succiacapre ;European Nightjar 
3230;81,75464853;5,897709966;2017;Ziegenmelker;Engoulevent d'Europe;Succiacapre ;European Nightjar 
3230;86,49663424;5,896392885;2018;Ziegenmelker;Engoulevent d'Europe;Succiacapre ;European Nightjar 
3230;89,28198828;5,33046144;2019;Ziegenmelker;Engoulevent d'Europe;Succiacapre ;European Nightjar 
3230;89,71640782;5,428685527;2020;Ziegenmelker;Engoulevent d'Europe;Succiacapre ;European Nightjar 
3230;98,7615807;5,113727589;2021;Ziegenmelker;Engoulevent d'Europe;Succiacapre ;European Nightjar 
3230;93,39330439;5,650278286;2022;Ziegenmelker;Engoulevent d'Europe;Succiacapre ;European Nightjar 
3270;84,02919705;8,711090134;1999;Mauersegler;Martinet noir ;Rondone comune;Common Swift
3270;98,74489381;8,92834835;2000;Mauersegler;Martinet noir ;Rondone comune;Common Swift
3270;98,39821651;9,028294057;2001;Mauersegler;Martinet noir ;Rondone comune;Common Swift
3270;92,5162162;8,822796705;2002;Mauersegler;Martinet noir ;Rondone comune;Common Swift
3270;103,8766376;9,176606082;2003;Mauersegler;Martinet noir ;Rondone comune;Common Swift
3270;94,68131794;8,750295921;2004;Mauersegler;Martinet noir ;Rondone comune;Common Swift
3270;92,5975737;8,850970382;2005;Mauersegler;Martinet noir ;Rondone comune;Common Swift
3270;104,123935;9,161988661;2006;Mauersegler;Martinet noir ;Rondone comune;Common Swift
3270;101,1246181;8,646298758;2007;Mauersegler;Martinet noir ;Rondone comune;Common Swift
3270;105,4966448;8,819621734;2008;Mauersegler;Martinet noir ;Rondone comune;Common Swift
3270;103,2678425;8,729932139;2009;Mauersegler;Martinet noir ;Rondone comune;Common Swift
3270;101,0390401;8,639138229;2010;Mauersegler;Martinet noir ;Rondone comune;Common Swift
3270;92,49529777;8,280204676;2011;Mauersegler;Martinet noir ;Rondone comune;Common Swift
3270;101,0567239;8,871924551;2012;Mauersegler;Martinet noir ;Rondone comune;Common Swift
3270;89,71074802;8,434527164;2013;Mauersegler;Martinet noir ;Rondone comune;Common Swift
3270;94,38304592;8,362412811;2014;Mauersegler;Martinet noir ;Rondone comune;Common Swift
3270;95,46703425;8,407086208;2015;Mauersegler;Martinet noir ;Rondone comune;Common Swift
3270;101,1415264;8,663679543;2016;Mauersegler;Martinet noir ;Rondone comune;Common Swift
3270;91,23794162;8,23614242;2017;Mauersegler;Martinet noir ;Rondone comune;Common Swift
3270;110,0122581;9,000447765;2018;Mauersegler;Martinet noir ;Rondone comune;Common Swift
3270;105,127525;8,820518745;2019;Mauersegler;Martinet noir ;Rondone comune;Common Swift
3270;108,8398484;8,952158029;2020;Mauersegler;Martinet noir ;Rondone comune;Common Swift
3270;101,0390401;8,639138229;2021;Mauersegler;Martinet noir ;Rondone comune;Common Swift
3270;129,5928771;9,781083524;2022;Mauersegler;Martinet noir ;Rondone comune;Common Swift
3280;93,61702128;0;1990;Fahlsegler;Martinet pâle ;Rondone pallido ;Pallid Swift
3280;70,21276596;0;1991;Fahlsegler;Martinet pâle ;Rondone pallido ;Pallid Swift
3280;79,57446809;0;1992;Fahlsegler;Martinet pâle ;Rondone pallido ;Pallid Swift
3280;70,21276596;0;1993;Fahlsegler;Martinet pâle ;Rondone pallido ;Pallid Swift
3280;51,4893617;0;1994;Fahlsegler;Martinet pâle ;Rondone pallido ;Pallid Swift
3280;51,4893617;0;1995;Fahlsegler;Martinet pâle ;Rondone pallido ;Pallid Swift
3280;56,17021277;0;1996;Fahlsegler;Martinet pâle ;Rondone pallido ;Pallid Swift
3280;70,21276596;0;1997;Fahlsegler;Martinet pâle ;Rondone pallido ;Pallid Swift
3280;56,17021277;0;1998;Fahlsegler;Martinet pâle ;Rondone pallido ;Pallid Swift
3280;51,4893617;0;1999;Fahlsegler;Martinet pâle ;Rondone pallido ;Pallid Swift
3280;70,21276596;0;2000;Fahlsegler;Martinet pâle ;Rondone pallido ;Pallid Swift
3280;56,17021277;0;2001;Fahlsegler;Martinet pâle ;Rondone pallido ;Pallid Swift
3280;42,12765957;0;2002;Fahlsegler;Martinet pâle ;Rondone pallido ;Pallid Swift
3280;56,17021277;0;2003;Fahlsegler;Martinet pâle ;Rondone pallido ;Pallid Swift
3280;84,25531915;0;2004;Fahlsegler;Martinet pâle ;Rondone pallido ;Pallid Swift
3280;65,53191489;0;2005;Fahlsegler;Martinet pâle ;Rondone pallido ;Pallid Swift
3280;51,4893617;0;2006;Fahlsegler;Martinet pâle ;Rondone pallido ;Pallid Swift
3280;70,21276596;0;2007;Fahlsegler;Martinet pâle ;Rondone pallido ;Pallid Swift
3280;107,6595745;0;2008;Fahlsegler;Martinet pâle ;Rondone pallido ;Pallid Swift
3280;84,25531915;0;2009;Fahlsegler;Martinet pâle ;Rondone pallido ;Pallid Swift
3280;140,4255319;0;2010;Fahlsegler;Martinet pâle ;Rondone pallido ;Pallid Swift
3280;112,3404255;0;2011;Fahlsegler;Martinet pâle ;Rondone pallido ;Pallid Swift
3280;131,0638298;0;2012;Fahlsegler;Martinet pâle ;Rondone pallido ;Pallid Swift
3280;168,5106383;0;2013;Fahlsegler;Martinet pâle ;Rondone pallido ;Pallid Swift
3280;168,5106383;0;2014;Fahlsegler;Martinet pâle ;Rondone pallido ;Pallid Swift
3280;145,106383;0;2015;Fahlsegler;Martinet pâle ;Rondone pallido ;Pallid Swift
3280;135,7446809;0;2016;Fahlsegler;Martinet pâle ;Rondone pallido ;Pallid Swift
3280;131,0638298;0;2017;Fahlsegler;Martinet pâle ;Rondone pallido ;Pallid Swift
3280;126,3829787;0;2018;Fahlsegler;Martinet pâle ;Rondone pallido ;Pallid Swift
3280;112,3404255;0;2019;Fahlsegler;Martinet pâle ;Rondone pallido ;Pallid Swift
3280;168,5106383;0;2020;Fahlsegler;Martinet pâle ;Rondone pallido ;Pallid Swift
3280;117,0212766;0;2021;Fahlsegler;Martinet pâle ;Rondone pallido ;Pallid Swift
3280;304,2553191;0;2022;Fahlsegler;Martinet pâle ;Rondone pallido ;Pallid Swift
3260;62,48873272;5,92911774;1990;Alpensegler;Martinet à ventre blanc ;Rondone maggiore;Alpine Swift
3260;70,97257095;5,941145717;1991;Alpensegler;Martinet à ventre blanc ;Rondone maggiore;Alpine Swift
3260;64,75741644;5,829112046;1992;Alpensegler;Martinet à ventre blanc ;Rondone maggiore;Alpine Swift
3260;62,60636035;5,596736544;1993;Alpensegler;Martinet à ventre blanc ;Rondone maggiore;Alpine Swift
3260;61,22025344;5,44710234;1994;Alpensegler;Martinet à ventre blanc ;Rondone maggiore;Alpine Swift
3260;73,84961976;6,013747054;1995;Alpensegler;Martinet à ventre blanc ;Rondone maggiore;Alpine Swift
3260;77,61351542;5,74465315;1996;Alpensegler;Martinet à ventre blanc ;Rondone maggiore;Alpine Swift
3260;83,03157861;5,909631491;1997;Alpensegler;Martinet à ventre blanc ;Rondone maggiore;Alpine Swift
3260;86,1716513;6,138516481;1998;Alpensegler;Martinet à ventre blanc ;Rondone maggiore;Alpine Swift
3260;85,2475741;5,952254779;1999;Alpensegler;Martinet à ventre blanc ;Rondone maggiore;Alpine Swift
3260;84,75989907;5,891515112;2000;Alpensegler;Martinet à ventre blanc ;Rondone maggiore;Alpine Swift
3260;85,41509537;6,359117017;2001;Alpensegler;Martinet à ventre blanc ;Rondone maggiore;Alpine Swift
3260;86,28439308;6,3446932;2002;Alpensegler;Martinet à ventre blanc ;Rondone maggiore;Alpine Swift
3260;89,60645066;6,432641106;2003;Alpensegler;Martinet à ventre blanc ;Rondone maggiore;Alpine Swift
3260;91,14590378;6,47430255;2004;Alpensegler;Martinet à ventre blanc ;Rondone maggiore;Alpine Swift
3260;97,08663319;6,575202304;2005;Alpensegler;Martinet à ventre blanc ;Rondone maggiore;Alpine Swift
3260;105,3067748;6,815090691;2006;Alpensegler;Martinet à ventre blanc ;Rondone maggiore;Alpine Swift
3260;100,1387258;6,732673385;2007;Alpensegler;Martinet à ventre blanc ;Rondone maggiore;Alpine Swift
3260;109,3992228;7,024529507;2008;Alpensegler;Martinet à ventre blanc ;Rondone maggiore;Alpine Swift
3260;110,7189555;7,113962705;2009;Alpensegler;Martinet à ventre blanc ;Rondone maggiore;Alpine Swift
3260;111,8328229;7,149098009;2010;Alpensegler;Martinet à ventre blanc ;Rondone maggiore;Alpine Swift
3260;120,5186806;7,4395716;2011;Alpensegler;Martinet à ventre blanc ;Rondone maggiore;Alpine Swift
3260;117,4779023;7,163698272;2012;Alpensegler;Martinet à ventre blanc ;Rondone maggiore;Alpine Swift
3260;115,5102122;7,160253055;2013;Alpensegler;Martinet à ventre blanc ;Rondone maggiore;Alpine Swift
3260;114,2616108;6,925810498;2014;Alpensegler;Martinet à ventre blanc ;Rondone maggiore;Alpine Swift
3260;114,6543794;6,746817957;2015;Alpensegler;Martinet à ventre blanc ;Rondone maggiore;Alpine Swift
3260;118,268049;6,885787458;2016;Alpensegler;Martinet à ventre blanc ;Rondone maggiore;Alpine Swift
3260;129,6105795;7,599159251;2017;Alpensegler;Martinet à ventre blanc ;Rondone maggiore;Alpine Swift
3260;122,9987452;7,509153538;2018;Alpensegler;Martinet à ventre blanc ;Rondone maggiore;Alpine Swift
3260;128,1868258;7,811570795;2019;Alpensegler;Martinet à ventre blanc ;Rondone maggiore;Alpine Swift
3260;138,1135521;8,288691455;2020;Alpensegler;Martinet à ventre blanc ;Rondone maggiore;Alpine Swift
3260;139,3349817;8,55539295;2021;Alpensegler;Martinet à ventre blanc ;Rondone maggiore;Alpine Swift
3260;141,4103312;8,965428589;2022;Alpensegler;Martinet à ventre blanc ;Rondone maggiore;Alpine Swift
3320;87,91550288;7,786833046;1990;Eisvogel;Martin-pêcheur d'Europe ;Martin pescatore;Common Kingfisher 
3320;67,9650356;7,74787594;1991;Eisvogel;Martin-pêcheur d'Europe ;Martin pescatore;Common Kingfisher 
3320;68,49632704;6,518838821;1992;Eisvogel;Martin-pêcheur d'Europe ;Martin pescatore;Common Kingfisher 
3320;77,31046221;6,017088898;1993;Eisvogel;Martin-pêcheur d'Europe ;Martin pescatore;Common Kingfisher 
3320;92,31373199;6,479796148;1994;Eisvogel;Martin-pêcheur d'Europe ;Martin pescatore;Common Kingfisher 
3320;85,47561326;6,054889033;1995;Eisvogel;Martin-pêcheur d'Europe ;Martin pescatore;Common Kingfisher 
3320;98,88065542;6,454025627;1996;Eisvogel;Martin-pêcheur d'Europe ;Martin pescatore;Common Kingfisher 
3320;68,90987485;5,661695244;1997;Eisvogel;Martin-pêcheur d'Europe ;Martin pescatore;Common Kingfisher 
3320;99,28342383;5,468374572;1998;Eisvogel;Martin-pêcheur d'Europe ;Martin pescatore;Common Kingfisher 
3320;80,61807258;5,807919218;1999;Eisvogel;Martin-pêcheur d'Europe ;Martin pescatore;Common Kingfisher 
3320;81,4244722;5,340305216;2000;Eisvogel;Martin-pêcheur d'Europe ;Martin pescatore;Common Kingfisher 
3320;98,4650215;5,663898248;2001;Eisvogel;Martin-pêcheur d'Europe ;Martin pescatore;Common Kingfisher 
3320;93,63279179;5,497613128;2002;Eisvogel;Martin-pêcheur d'Europe ;Martin pescatore;Common Kingfisher 
3320;102,0019893;6,241060546;2003;Eisvogel;Martin-pêcheur d'Europe ;Martin pescatore;Common Kingfisher 
3320;105,9744743;5,153011113;2004;Eisvogel;Martin-pêcheur d'Europe ;Martin pescatore;Common Kingfisher 
3320;93,28252019;5,505649785;2005;Eisvogel;Martin-pêcheur d'Europe ;Martin pescatore;Common Kingfisher 
3320;85,69164182;5,009685311;2006;Eisvogel;Martin-pêcheur d'Europe ;Martin pescatore;Common Kingfisher 
3320;100,4152629;4,324876354;2007;Eisvogel;Martin-pêcheur d'Europe ;Martin pescatore;Common Kingfisher 
3320;100,8811435;4,341958957;2008;Eisvogel;Martin-pêcheur d'Europe ;Martin pescatore;Common Kingfisher 
3320;82,49035426;4,75131573;2009;Eisvogel;Martin-pêcheur d'Europe ;Martin pescatore;Common Kingfisher 
3320;97,78272804;4,017709005;2010;Eisvogel;Martin-pêcheur d'Europe ;Martin pescatore;Common Kingfisher 
3320;105,0479302;3,966751111;2011;Eisvogel;Martin-pêcheur d'Europe ;Martin pescatore;Common Kingfisher 
3320;81,09729203;4,058331215;2012;Eisvogel;Martin-pêcheur d'Europe ;Martin pescatore;Common Kingfisher 
3320;96,31290574;3,687717802;2013;Eisvogel;Martin-pêcheur d'Europe ;Martin pescatore;Common Kingfisher 
3320;125,0442688;3,312165467;2014;Eisvogel;Martin-pêcheur d'Europe ;Martin pescatore;Common Kingfisher 
3320;137,0067151;3,667556789;2015;Eisvogel;Martin-pêcheur d'Europe ;Martin pescatore;Common Kingfisher 
3320;134,4466032;3,293901625;2016;Eisvogel;Martin-pêcheur d'Europe ;Martin pescatore;Common Kingfisher 
3320;103,0899503;3,949181471;2017;Eisvogel;Martin-pêcheur d'Europe ;Martin pescatore;Common Kingfisher 
3320;115,4743252;3,466652661;2018;Eisvogel;Martin-pêcheur d'Europe ;Martin pescatore;Common Kingfisher 
3320;130,7595221;3,385425466;2019;Eisvogel;Martin-pêcheur d'Europe ;Martin pescatore;Common Kingfisher 
3320;153,8766775;3,15380235;2020;Eisvogel;Martin-pêcheur d'Europe ;Martin pescatore;Common Kingfisher 
3320;125,7413829;3,620977602;2021;Eisvogel;Martin-pêcheur d'Europe ;Martin pescatore;Common Kingfisher 
3320;122,8913276;3,854780255;2022;Eisvogel;Martin-pêcheur d'Europe ;Martin pescatore;Common Kingfisher 
3330;0;0;1990;Bienenfresser;Guêpier d'Europe;Gruccione ;European Bee-eater
3330;4,051565378;0;1991;Bienenfresser;Guêpier d'Europe;Gruccione ;European Bee-eater
3330;14,18047882;0;1992;Bienenfresser;Guêpier d'Europe;Gruccione ;European Bee-eater
3330;10,12891344;0;1993;Bienenfresser;Guêpier d'Europe;Gruccione ;European Bee-eater
3330;2,025782689;0;1994;Bienenfresser;Guêpier d'Europe;Gruccione ;European Bee-eater
3330;4,051565378;0;1995;Bienenfresser;Guêpier d'Europe;Gruccione ;European Bee-eater
3330;8,103130755;0;1996;Bienenfresser;Guêpier d'Europe;Gruccione ;European Bee-eater
3330;16,20626151;0;1997;Bienenfresser;Guêpier d'Europe;Gruccione ;European Bee-eater
3330;20,25782689;0;1998;Bienenfresser;Guêpier d'Europe;Gruccione ;European Bee-eater
3330;22,28360958;0;1999;Bienenfresser;Guêpier d'Europe;Gruccione ;European Bee-eater
3330;32,41252302;0;2000;Bienenfresser;Guêpier d'Europe;Gruccione ;European Bee-eater
3330;22,28360958;0;2001;Bienenfresser;Guêpier d'Europe;Gruccione ;European Bee-eater
3330;20,25782689;0;2002;Bienenfresser;Guêpier d'Europe;Gruccione ;European Bee-eater
3330;26,33517495;0;2003;Bienenfresser;Guêpier d'Europe;Gruccione ;European Bee-eater
3330;38,48987109;0;2004;Bienenfresser;Guêpier d'Europe;Gruccione ;European Bee-eater
3330;62,79926335;0;2005;Bienenfresser;Guêpier d'Europe;Gruccione ;European Bee-eater
3330;40,51565378;0;2006;Bienenfresser;Guêpier d'Europe;Gruccione ;European Bee-eater
3330;52,67034991;0;2007;Bienenfresser;Guêpier d'Europe;Gruccione ;European Bee-eater
3330;38,48987109;0;2008;Bienenfresser;Guêpier d'Europe;Gruccione ;European Bee-eater
3330;42,54143646;0;2009;Bienenfresser;Guêpier d'Europe;Gruccione ;European Bee-eater
3330;68,87661142;0;2010;Bienenfresser;Guêpier d'Europe;Gruccione ;European Bee-eater
3330;70,90239411;0;2011;Bienenfresser;Guêpier d'Europe;Gruccione ;European Bee-eater
3330;87,10865562;0;2012;Bienenfresser;Guêpier d'Europe;Gruccione ;European Bee-eater
3330;107,3664825;0;2013;Bienenfresser;Guêpier d'Europe;Gruccione ;European Bee-eater
3330;133,7016575;0;2014;Bienenfresser;Guêpier d'Europe;Gruccione ;European Bee-eater
3330;123,572744;0;2015;Bienenfresser;Guêpier d'Europe;Gruccione ;European Bee-eater
3330;145,8563536;0;2016;Bienenfresser;Guêpier d'Europe;Gruccione ;European Bee-eater
3330;243,0939227;0;2017;Bienenfresser;Guêpier d'Europe;Gruccione ;European Bee-eater
3330;206,6298343;0;2018;Bienenfresser;Guêpier d'Europe;Gruccione ;European Bee-eater
3330;322,0994475;0;2019;Bienenfresser;Guêpier d'Europe;Gruccione ;European Bee-eater
3330;403,1307551;0;2020;Bienenfresser;Guêpier d'Europe;Gruccione ;European Bee-eater
3330;504,4198895;0;2021;Bienenfresser;Guêpier d'Europe;Gruccione ;European Bee-eater
3330;405,1565378;0;2022;Bienenfresser;Guêpier d'Europe;Gruccione ;European Bee-eater
3360;86,8069448;9,631478883;1990;Wiedehopf;Huppe fasciée ;Upupa ;Eurasian Hoopoe 
3360;70,44568951;13,03266182;1991;Wiedehopf;Huppe fasciée ;Upupa ;Eurasian Hoopoe 
3360;85,64590366;11,82919636;1992;Wiedehopf;Huppe fasciée ;Upupa ;Eurasian Hoopoe 
3360;103,7741033;11,54116084;1993;Wiedehopf;Huppe fasciée ;Upupa ;Eurasian Hoopoe 
3360;124,8197994;11,29120454;1994;Wiedehopf;Huppe fasciée ;Upupa ;Eurasian Hoopoe 
3360;107,2402475;9,875178348;1995;Wiedehopf;Huppe fasciée ;Upupa ;Eurasian Hoopoe 
3360;96,28618196;9,514130132;1996;Wiedehopf;Huppe fasciée ;Upupa ;Eurasian Hoopoe 
3360;93,8695534;10,37811999;1997;Wiedehopf;Huppe fasciée ;Upupa ;Eurasian Hoopoe 
3360;69,2541357;10,70823094;1998;Wiedehopf;Huppe fasciée ;Upupa ;Eurasian Hoopoe 
3360;64,53967955;8,765924397;1999;Wiedehopf;Huppe fasciée ;Upupa ;Eurasian Hoopoe 
3360;77,03213109;8,894890769;2000;Wiedehopf;Huppe fasciée ;Upupa ;Eurasian Hoopoe 
3360;68,37134699;7,709762147;2001;Wiedehopf;Huppe fasciée ;Upupa ;Eurasian Hoopoe 
3360;60,31081001;8,88649036;2002;Wiedehopf;Huppe fasciée ;Upupa ;Eurasian Hoopoe 
3360;68,57035863;8,489474059;2003;Wiedehopf;Huppe fasciée ;Upupa ;Eurasian Hoopoe 
3360;78,48225547;7,616318105;2004;Wiedehopf;Huppe fasciée ;Upupa ;Eurasian Hoopoe 
3360;95,14996504;6,887123;2005;Wiedehopf;Huppe fasciée ;Upupa ;Eurasian Hoopoe 
3360;100,0932848;6,805373047;2006;Wiedehopf;Huppe fasciée ;Upupa ;Eurasian Hoopoe 
3360;90,77591373;5,960795844;2007;Wiedehopf;Huppe fasciée ;Upupa ;Eurasian Hoopoe 
3360;79,41394404;6,589693921;2008;Wiedehopf;Huppe fasciée ;Upupa ;Eurasian Hoopoe 
3360;96,17720678;6,057989766;2009;Wiedehopf;Huppe fasciée ;Upupa ;Eurasian Hoopoe 
3360;116,1778604;6,698336792;2010;Wiedehopf;Huppe fasciée ;Upupa ;Eurasian Hoopoe 
3360;131,8038771;6,34778907;2011;Wiedehopf;Huppe fasciée ;Upupa ;Eurasian Hoopoe 
3360;127,0630921;5,522834704;2012;Wiedehopf;Huppe fasciée ;Upupa ;Eurasian Hoopoe 
3360;113,0132672;5,179928254;2013;Wiedehopf;Huppe fasciée ;Upupa ;Eurasian Hoopoe 
3360;110,2215888;6,239040231;2014;Wiedehopf;Huppe fasciée ;Upupa ;Eurasian Hoopoe 
3360;121,8039784;6,834982036;2015;Wiedehopf;Huppe fasciée ;Upupa ;Eurasian Hoopoe 
3360;123,3426372;5,854743769;2016;Wiedehopf;Huppe fasciée ;Upupa ;Eurasian Hoopoe 
3360;107,966278;5,6949975;2017;Wiedehopf;Huppe fasciée ;Upupa ;Eurasian Hoopoe 
3360;115,1988227;7,029532447;2018;Wiedehopf;Huppe fasciée ;Upupa ;Eurasian Hoopoe 
3360;121,0449152;6,505547778;2019;Wiedehopf;Huppe fasciée ;Upupa ;Eurasian Hoopoe 
3360;133,7588022;6,760357745;2020;Wiedehopf;Huppe fasciée ;Upupa ;Eurasian Hoopoe 
3360;139,8636616;5,867645192;2021;Wiedehopf;Huppe fasciée ;Upupa ;Eurasian Hoopoe 
3360;121,6817636;7,660793572;2022;Wiedehopf;Huppe fasciée ;Upupa ;Eurasian Hoopoe 
3370;122,6236148;7,72145187;1990;Wendehals;Torcol fourmilier ;Torcicollo;Eurasian Wryneck
3370;111,6491953;7,975059913;1991;Wendehals;Torcol fourmilier ;Torcicollo;Eurasian Wryneck
3370;106,5287275;7,959292286;1992;Wendehals;Torcol fourmilier ;Torcicollo;Eurasian Wryneck
3370;105,7727298;6,951490748;1993;Wendehals;Torcol fourmilier ;Torcicollo;Eurasian Wryneck
3370;101,1775758;6,439894349;1994;Wendehals;Torcol fourmilier ;Torcicollo;Eurasian Wryneck
3370;111,2510552;5,651869253;1995;Wendehals;Torcol fourmilier ;Torcicollo;Eurasian Wryneck
3370;114,6645719;5,511832234;1996;Wendehals;Torcol fourmilier ;Torcicollo;Eurasian Wryneck
3370;96,35701004;5,735728939;1997;Wendehals;Torcol fourmilier ;Torcicollo;Eurasian Wryneck
3370;96,5626429;5,926809883;1998;Wendehals;Torcol fourmilier ;Torcicollo;Eurasian Wryneck
3370;108,8316887;5,02556941;1999;Wendehals;Torcol fourmilier ;Torcicollo;Eurasian Wryneck
3370;96,5699653;5,071785834;2000;Wendehals;Torcol fourmilier ;Torcicollo;Eurasian Wryneck
3370;79,20225842;4,955774303;2001;Wendehals;Torcol fourmilier ;Torcicollo;Eurasian Wryneck
3370;73,16242268;4,750823309;2002;Wendehals;Torcol fourmilier ;Torcicollo;Eurasian Wryneck
3370;81,98894466;4,703292625;2003;Wendehals;Torcol fourmilier ;Torcicollo;Eurasian Wryneck
3370;88,04031372;4,560712644;2004;Wendehals;Torcol fourmilier ;Torcicollo;Eurasian Wryneck
3370;79,8313461;4,356523116;2005;Wendehals;Torcol fourmilier ;Torcicollo;Eurasian Wryneck
3370;80,40703898;4,125938125;2006;Wendehals;Torcol fourmilier ;Torcicollo;Eurasian Wryneck
3370;82,8681014;4,009094513;2007;Wendehals;Torcol fourmilier ;Torcicollo;Eurasian Wryneck
3370;78,93489746;3,433615455;2008;Wendehals;Torcol fourmilier ;Torcicollo;Eurasian Wryneck
3370;81,41152564;3,774140371;2009;Wendehals;Torcol fourmilier ;Torcicollo;Eurasian Wryneck
3370;80,44024719;4,003205698;2010;Wendehals;Torcol fourmilier ;Torcicollo;Eurasian Wryneck
3370;92,37198017;3,788112434;2011;Wendehals;Torcol fourmilier ;Torcicollo;Eurasian Wryneck
3370;100,4068482;3,528144457;2012;Wendehals;Torcol fourmilier ;Torcicollo;Eurasian Wryneck
3370;98,33583063;3,684317451;2013;Wendehals;Torcol fourmilier ;Torcicollo;Eurasian Wryneck
3370;81,56480966;3,456929103;2014;Wendehals;Torcol fourmilier ;Torcicollo;Eurasian Wryneck
3370;91,7452932;3,392974379;2015;Wendehals;Torcol fourmilier ;Torcicollo;Eurasian Wryneck
3370;106,9954796;3,137640517;2016;Wendehals;Torcol fourmilier ;Torcicollo;Eurasian Wryneck
3370;118,3437772;3,701245037;2017;Wendehals;Torcol fourmilier ;Torcicollo;Eurasian Wryneck
3370;103,5339963;3,803200282;2018;Wendehals;Torcol fourmilier ;Torcicollo;Eurasian Wryneck
3370;115,9535285;3,260118533;2019;Wendehals;Torcol fourmilier ;Torcicollo;Eurasian Wryneck
3370;132,1120856;3,545939256;2020;Wendehals;Torcol fourmilier ;Torcicollo;Eurasian Wryneck
3370;136,8457145;3,389189335;2021;Wendehals;Torcol fourmilier ;Torcicollo;Eurasian Wryneck
3370;143,5147828;4,173780581;2022;Wendehals;Torcol fourmilier ;Torcicollo;Eurasian Wryneck
3390;164,2988503;25,23846963;1996;Grauspecht;Pic cendré;Picchio cenerino;Grey-headed Woodpecker
3390;160,8801047;19,35990753;1997;Grauspecht;Pic cendré;Picchio cenerino;Grey-headed Woodpecker
3390;148,0069718;18,73471585;1998;Grauspecht;Pic cendré;Picchio cenerino;Grey-headed Woodpecker
3390;119,8681252;13,48384591;1999;Grauspecht;Pic cendré;Picchio cenerino;Grey-headed Woodpecker
3390;130,8861429;12,67820642;2000;Grauspecht;Pic cendré;Picchio cenerino;Grey-headed Woodpecker
3390;143,5721256;16,01505703;2001;Grauspecht;Pic cendré;Picchio cenerino;Grey-headed Woodpecker
3390;143,0369004;13,95116236;2002;Grauspecht;Pic cendré;Picchio cenerino;Grey-headed Woodpecker
3390;138,8113767;14,84803348;2003;Grauspecht;Pic cendré;Picchio cenerino;Grey-headed Woodpecker
3390;131,3688323;15,65836087;2004;Grauspecht;Pic cendré;Picchio cenerino;Grey-headed Woodpecker
3390;123,7382471;13,72208212;2005;Grauspecht;Pic cendré;Picchio cenerino;Grey-headed Woodpecker
3390;97,09030655;11,20067539;2006;Grauspecht;Pic cendré;Picchio cenerino;Grey-headed Woodpecker
3390;98,95987651;11,00189915;2007;Grauspecht;Pic cendré;Picchio cenerino;Grey-headed Woodpecker
3390;104,4596848;10,5829956;2008;Grauspecht;Pic cendré;Picchio cenerino;Grey-headed Woodpecker
3390;107,9269247;12,046762;2009;Grauspecht;Pic cendré;Picchio cenerino;Grey-headed Woodpecker
3390;99,20776022;10,45042543;2010;Grauspecht;Pic cendré;Picchio cenerino;Grey-headed Woodpecker
3390;93,93264239;10,40478162;2011;Grauspecht;Pic cendré;Picchio cenerino;Grey-headed Woodpecker
3390;79,87033885;7,569705788;2012;Grauspecht;Pic cendré;Picchio cenerino;Grey-headed Woodpecker
3390;91,8696707;9,54392326;2013;Grauspecht;Pic cendré;Picchio cenerino;Grey-headed Woodpecker
3390;77,46924841;8,186746281;2014;Grauspecht;Pic cendré;Picchio cenerino;Grey-headed Woodpecker
3390;57,79556277;5,772668372;2015;Grauspecht;Pic cendré;Picchio cenerino;Grey-headed Woodpecker
3390;49,73740621;5,813845074;2016;Grauspecht;Pic cendré;Picchio cenerino;Grey-headed Woodpecker
3390;62,15629089;6,802765062;2017;Grauspecht;Pic cendré;Picchio cenerino;Grey-headed Woodpecker
3390;62,22839939;6,989167467;2018;Grauspecht;Pic cendré;Picchio cenerino;Grey-headed Woodpecker
3390;58,20547226;6,236437563;2019;Grauspecht;Pic cendré;Picchio cenerino;Grey-headed Woodpecker
3390;45,94944667;4,736614311;2020;Grauspecht;Pic cendré;Picchio cenerino;Grey-headed Woodpecker
3390;51,10510368;5,626083091;2021;Grauspecht;Pic cendré;Picchio cenerino;Grey-headed Woodpecker
3390;57,56818807;7,962392815;2022;Grauspecht;Pic cendré;Picchio cenerino;Grey-headed Woodpecker
3380;66,64313889;NA;1990;Grünspecht;Pic vert;Picchio verde ;European Green Woodpecker 
3380;65,51686985;9,738790991;1991;Grünspecht;Pic vert;Picchio verde ;European Green Woodpecker 
3380;62,52459291;9,511326807;1992;Grünspecht;Pic vert;Picchio verde ;European Green Woodpecker 
3380;62,40463526;9,774257829;1993;Grünspecht;Pic vert;Picchio verde ;European Green Woodpecker 
3380;75,65329127;11,49378621;1994;Grünspecht;Pic vert;Picchio verde ;European Green Woodpecker 
3380;71,36147313;10,92012362;1995;Grünspecht;Pic vert;Picchio verde ;European Green Woodpecker 
3380;73,90057672;11,33478414;1996;Grünspecht;Pic vert;Picchio verde ;European Green Woodpecker 
3380;88,05557942;13,61350545;1997;Grünspecht;Pic vert;Picchio verde ;European Green Woodpecker 
3380;89,13986329;8,368457629;1998;Grünspecht;Pic vert;Picchio verde ;European Green Woodpecker 
3380;85,2015344;5,885040414;1999;Grünspecht;Pic vert;Picchio verde ;European Green Woodpecker 
3380;96,48517955;5,989198018;2000;Grünspecht;Pic vert;Picchio verde ;European Green Woodpecker 
3380;85,27491597;5,644287518;2001;Grünspecht;Pic vert;Picchio verde ;European Green Woodpecker 
3380;82,61440393;5,559121271;2002;Grünspecht;Pic vert;Picchio verde ;European Green Woodpecker 
3380;91,06554241;5,788961799;2003;Grünspecht;Pic vert;Picchio verde ;European Green Woodpecker 
3380;110,518272;6,349380039;2004;Grünspecht;Pic vert;Picchio verde ;European Green Woodpecker 
3380;115,6402488;6,498543615;2005;Grünspecht;Pic vert;Picchio verde ;European Green Woodpecker 
3380;103,0547473;6,169968946;2006;Grünspecht;Pic vert;Picchio verde ;European Green Woodpecker 
3380;114,3933863;6,474648624;2007;Grünspecht;Pic vert;Picchio verde ;European Green Woodpecker 
3380;103,5790922;6,153203636;2008;Grünspecht;Pic vert;Picchio verde ;European Green Woodpecker 
3380;84,55436102;5,579991914;2009;Grünspecht;Pic vert;Picchio verde ;European Green Woodpecker 
3380;104,107557;6,168246815;2010;Grünspecht;Pic vert;Picchio verde ;European Green Woodpecker 
3380;121,1706729;6,636608448;2011;Grünspecht;Pic vert;Picchio verde ;European Green Woodpecker 
3380;114,8814873;6,547321676;2012;Grünspecht;Pic vert;Picchio verde ;European Green Woodpecker 
3380;111,0833794;6,427255964;2013;Grünspecht;Pic vert;Picchio verde ;European Green Woodpecker 
3380;92,06722572;5,817778598;2014;Grünspecht;Pic vert;Picchio verde ;European Green Woodpecker 
3380;110,0353739;6,337409819;2015;Grünspecht;Pic vert;Picchio verde ;European Green Woodpecker 
3380;112,3847467;6,438819544;2016;Grünspecht;Pic vert;Picchio verde ;European Green Woodpecker 
3380;127,8043868;6,814536339;2017;Grünspecht;Pic vert;Picchio verde ;European Green Woodpecker 
3380;122,9769712;6,718299549;2018;Grünspecht;Pic vert;Picchio verde ;European Green Woodpecker 
3380;132,0780727;6,936404139;2019;Grünspecht;Pic vert;Picchio verde ;European Green Woodpecker 
3380;147,1378542;7,289974159;2020;Grünspecht;Pic vert;Picchio verde ;European Green Woodpecker 
3380;148,8008351;7,343328014;2021;Grünspecht;Pic vert;Picchio verde ;European Green Woodpecker 
3380;127,8897325;6,833057859;2022;Grünspecht;Pic vert;Picchio verde ;European Green Woodpecker 
3400;51,03764037;NA;1990;Schwarzspecht;Pic noir;Picchio nero;Black Woodpecker
3400;55,74841457;10,40986563;1991;Schwarzspecht;Pic noir;Picchio nero;Black Woodpecker
3400;53,23736267;11,86349386;1992;Schwarzspecht;Pic noir;Picchio nero;Black Woodpecker
3400;42,62663723;10,34878251;1993;Schwarzspecht;Pic noir;Picchio nero;Black Woodpecker
3400;60,24483069;12,57059774;1994;Schwarzspecht;Pic noir;Picchio nero;Black Woodpecker
3400;58,17270249;11,93992422;1995;Schwarzspecht;Pic noir;Picchio nero;Black Woodpecker
3400;53,30881536;11,03556221;1996;Schwarzspecht;Pic noir;Picchio nero;Black Woodpecker
3400;63,9195408;14,84701413;1997;Schwarzspecht;Pic noir;Picchio nero;Black Woodpecker
3400;66,34944285;8,816429837;1998;Schwarzspecht;Pic noir;Picchio nero;Black Woodpecker
3400;72,8812598;6,669631986;1999;Schwarzspecht;Pic noir;Picchio nero;Black Woodpecker
3400;75,38947893;6,62549599;2000;Schwarzspecht;Pic noir;Picchio nero;Black Woodpecker
3400;81,22804875;6,871589792;2001;Schwarzspecht;Pic noir;Picchio nero;Black Woodpecker
3400;87,88145514;7,095356396;2002;Schwarzspecht;Pic noir;Picchio nero;Black Woodpecker
3400;88,51959241;7,10758369;2003;Schwarzspecht;Pic noir;Picchio nero;Black Woodpecker
3400;115,8784092;8,082796308;2004;Schwarzspecht;Pic noir;Picchio nero;Black Woodpecker
3400;124,3827252;8,359489538;2005;Schwarzspecht;Pic noir;Picchio nero;Black Woodpecker
3400;117,124937;8,201213916;2006;Schwarzspecht;Pic noir;Picchio nero;Black Woodpecker
3400;120,6045321;8,303305691;2007;Schwarzspecht;Pic noir;Picchio nero;Black Woodpecker
3400;116,7868336;8,111618635;2008;Schwarzspecht;Pic noir;Picchio nero;Black Woodpecker
3400;83,55480776;6,903173451;2009;Schwarzspecht;Pic noir;Picchio nero;Black Woodpecker
3400;107,2919691;7,788527433;2010;Schwarzspecht;Pic noir;Picchio nero;Black Woodpecker
3400;115,8263465;8,146193707;2011;Schwarzspecht;Pic noir;Picchio nero;Black Woodpecker
3400;119,3824691;8,221281946;2012;Schwarzspecht;Pic noir;Picchio nero;Black Woodpecker
3400;111,5405201;7,951045058;2013;Schwarzspecht;Pic noir;Picchio nero;Black Woodpecker
3400;122,614428;8,306996654;2014;Schwarzspecht;Pic noir;Picchio nero;Black Woodpecker
3400;129,17616;8,512982451;2015;Schwarzspecht;Pic noir;Picchio nero;Black Woodpecker
3400;135,3755925;8,75173014;2016;Schwarzspecht;Pic noir;Picchio nero;Black Woodpecker
3400;140,5053901;8,887538452;2017;Schwarzspecht;Pic noir;Picchio nero;Black Woodpecker
3400;131,1732792;8,609604742;2018;Schwarzspecht;Pic noir;Picchio nero;Black Woodpecker
3400;139,7267326;8,839673165;2019;Schwarzspecht;Pic noir;Picchio nero;Black Woodpecker
3400;156,3075619;9,333014862;2020;Schwarzspecht;Pic noir;Picchio nero;Black Woodpecker
3400;155,0606133;9,346258203;2021;Schwarzspecht;Pic noir;Picchio nero;Black Woodpecker
3400;147,1414707;9,081939088;2022;Schwarzspecht;Pic noir;Picchio nero;Black Woodpecker
3410;61,87134256;NA;1990;Buntspecht;Pic épeiche ;Picchio rosso maggiore;Great Spotted Woodpecker
3410;64,95872255;6,905616623;1991;Buntspecht;Pic épeiche ;Picchio rosso maggiore;Great Spotted Woodpecker
3410;58,25186902;6,579751709;1992;Buntspecht;Pic épeiche ;Picchio rosso maggiore;Great Spotted Woodpecker
3410;73,10717837;7,864602511;1993;Buntspecht;Pic épeiche ;Picchio rosso maggiore;Great Spotted Woodpecker
3410;68,67719024;7,378648707;1994;Buntspecht;Pic épeiche ;Picchio rosso maggiore;Great Spotted Woodpecker
3410;66,85817277;7,202516067;1995;Buntspecht;Pic épeiche ;Picchio rosso maggiore;Great Spotted Woodpecker
3410;77,71040625;8,13444579;1996;Buntspecht;Pic épeiche ;Picchio rosso maggiore;Great Spotted Woodpecker
3410;76,60290922;8,440888628;1997;Buntspecht;Pic épeiche ;Picchio rosso maggiore;Great Spotted Woodpecker
3410;77,39857469;4,057240354;1998;Buntspecht;Pic épeiche ;Picchio rosso maggiore;Great Spotted Woodpecker
3410;80,47842739;3,242146755;1999;Buntspecht;Pic épeiche ;Picchio rosso maggiore;Great Spotted Woodpecker
3410;87,48640845;3,243717161;2000;Buntspecht;Pic épeiche ;Picchio rosso maggiore;Great Spotted Woodpecker
3410;80,82532768;3,118869524;2001;Buntspecht;Pic épeiche ;Picchio rosso maggiore;Great Spotted Woodpecker
3410;88,86107747;3,278163308;2002;Buntspecht;Pic épeiche ;Picchio rosso maggiore;Great Spotted Woodpecker
3410;93,95931718;3,347830056;2003;Buntspecht;Pic épeiche ;Picchio rosso maggiore;Great Spotted Woodpecker
3410;110,0405614;3,61418521;2004;Buntspecht;Pic épeiche ;Picchio rosso maggiore;Great Spotted Woodpecker
3410;130,1676914;3,910757767;2005;Buntspecht;Pic épeiche ;Picchio rosso maggiore;Great Spotted Woodpecker
3410;101,4536559;3,497066824;2006;Buntspecht;Pic épeiche ;Picchio rosso maggiore;Great Spotted Woodpecker
3410;112,3816767;3,669958008;2007;Buntspecht;Pic épeiche ;Picchio rosso maggiore;Great Spotted Woodpecker
3410;119,3064865;3,748055111;2008;Buntspecht;Pic épeiche ;Picchio rosso maggiore;Great Spotted Woodpecker
3410;104,5793335;3,519110006;2009;Buntspecht;Pic épeiche ;Picchio rosso maggiore;Great Spotted Woodpecker
3410;119,3064865;3,748055111;2010;Buntspecht;Pic épeiche ;Picchio rosso maggiore;Great Spotted Woodpecker
3410;114,6486697;3,687726589;2011;Buntspecht;Pic épeiche ;Picchio rosso maggiore;Great Spotted Woodpecker
3410;132,2709926;3,967164103;2012;Buntspecht;Pic épeiche ;Picchio rosso maggiore;Great Spotted Woodpecker
3410;94,20438341;3,362312368;2013;Buntspecht;Pic épeiche ;Picchio rosso maggiore;Great Spotted Woodpecker
3410;103,5943751;3,506094716;2014;Buntspecht;Pic épeiche ;Picchio rosso maggiore;Great Spotted Woodpecker
3410;121,7885909;3,785020527;2015;Buntspecht;Pic épeiche ;Picchio rosso maggiore;Great Spotted Woodpecker
3410;117,4238465;3,739828966;2016;Buntspecht;Pic épeiche ;Picchio rosso maggiore;Great Spotted Woodpecker
3410;124,6784652;3,831227029;2017;Buntspecht;Pic épeiche ;Picchio rosso maggiore;Great Spotted Woodpecker
3410;115,4633564;3,707896567;2018;Buntspecht;Pic épeiche ;Picchio rosso maggiore;Great Spotted Woodpecker
3410;131,2219206;3,926628058;2019;Buntspecht;Pic épeiche ;Picchio rosso maggiore;Great Spotted Woodpecker
3410;129,9908974;3,910544075;2020;Buntspecht;Pic épeiche ;Picchio rosso maggiore;Great Spotted Woodpecker
3410;133,6887636;3,961137358;2021;Buntspecht;Pic épeiche ;Picchio rosso maggiore;Great Spotted Woodpecker
3410;126,7429227;3,872497558;2022;Buntspecht;Pic épeiche ;Picchio rosso maggiore;Great Spotted Woodpecker
3430;68,99436718;8,133179336;1990;Mittelspecht;Pic mar ;Picchio rosso mezzano ;Middle Spotted Woodpecker 
3430;57,12402978;6,905203254;1991;Mittelspecht;Pic mar ;Picchio rosso mezzano ;Middle Spotted Woodpecker 
3430;57,39078996;6,863401149;1992;Mittelspecht;Pic mar ;Picchio rosso mezzano ;Middle Spotted Woodpecker 
3430;61,20045302;6,618699359;1993;Mittelspecht;Pic mar ;Picchio rosso mezzano ;Middle Spotted Woodpecker 
3430;53,55100458;5,9299385;1994;Mittelspecht;Pic mar ;Picchio rosso mezzano ;Middle Spotted Woodpecker 
3430;56,59958178;6,02501813;1995;Mittelspecht;Pic mar ;Picchio rosso mezzano ;Middle Spotted Woodpecker 
3430;58,5461376;5,865643736;1996;Mittelspecht;Pic mar ;Picchio rosso mezzano ;Middle Spotted Woodpecker 
3430;52,81887152;5,167953312;1997;Mittelspecht;Pic mar ;Picchio rosso mezzano ;Middle Spotted Woodpecker 
3430;47,30771131;5,210503564;1998;Mittelspecht;Pic mar ;Picchio rosso mezzano ;Middle Spotted Woodpecker 
3430;54,98479959;4,686619745;1999;Mittelspecht;Pic mar ;Picchio rosso mezzano ;Middle Spotted Woodpecker 
3430;56,43735339;4,835221083;2000;Mittelspecht;Pic mar ;Picchio rosso mezzano ;Middle Spotted Woodpecker 
3430;52,8001312;5,586290112;2001;Mittelspecht;Pic mar ;Picchio rosso mezzano ;Middle Spotted Woodpecker 
3430;57,23590149;5,206953597;2002;Mittelspecht;Pic mar ;Picchio rosso mezzano ;Middle Spotted Woodpecker 
3430;58,85587926;5,012169656;2003;Mittelspecht;Pic mar ;Picchio rosso mezzano ;Middle Spotted Woodpecker 
3430;64,46083274;4,827371062;2004;Mittelspecht;Pic mar ;Picchio rosso mezzano ;Middle Spotted Woodpecker 
3430;84,64422926;4,697145448;2005;Mittelspecht;Pic mar ;Picchio rosso mezzano ;Middle Spotted Woodpecker 
3430;109,1780232;5,390121478;2006;Mittelspecht;Pic mar ;Picchio rosso mezzano ;Middle Spotted Woodpecker 
3430;97,54179262;4,43643598;2007;Mittelspecht;Pic mar ;Picchio rosso mezzano ;Middle Spotted Woodpecker 
3430;96,64015743;4,22492916;2008;Mittelspecht;Pic mar ;Picchio rosso mezzano ;Middle Spotted Woodpecker 
3430;96,97327711;3,926998504;2009;Mittelspecht;Pic mar ;Picchio rosso mezzano ;Middle Spotted Woodpecker 
3430;110,456278;3,752249844;2010;Mittelspecht;Pic mar ;Picchio rosso mezzano ;Middle Spotted Woodpecker 
3430;126,3717537;3,975581538;2011;Mittelspecht;Pic mar ;Picchio rosso mezzano ;Middle Spotted Woodpecker 
3430;138,0090964;3,433189219;2012;Mittelspecht;Pic mar ;Picchio rosso mezzano ;Middle Spotted Woodpecker 
3430;144,5110435;3,735425398;2013;Mittelspecht;Pic mar ;Picchio rosso mezzano ;Middle Spotted Woodpecker 
3430;136,0050875;3,440190286;2014;Mittelspecht;Pic mar ;Picchio rosso mezzano ;Middle Spotted Woodpecker 
3430;150,6202499;3,5127717;2015;Mittelspecht;Pic mar ;Picchio rosso mezzano ;Middle Spotted Woodpecker 
3430;161,3355027;3,283890145;2016;Mittelspecht;Pic mar ;Picchio rosso mezzano ;Middle Spotted Woodpecker 
3430;150,4408693;3,696547065;2017;Mittelspecht;Pic mar ;Picchio rosso mezzano ;Middle Spotted Woodpecker 
3430;156,8791358;3,267814271;2018;Mittelspecht;Pic mar ;Picchio rosso mezzano ;Middle Spotted Woodpecker 
3430;157,6428198;3,076891841;2019;Mittelspecht;Pic mar ;Picchio rosso mezzano ;Middle Spotted Woodpecker 
3430;173,000942;3,154979374;2020;Mittelspecht;Pic mar ;Picchio rosso mezzano ;Middle Spotted Woodpecker 
3430;175,394067;3,017253563;2021;Mittelspecht;Pic mar ;Picchio rosso mezzano ;Middle Spotted Woodpecker 
3430;176,0478304;3,301970298;2022;Mittelspecht;Pic mar ;Picchio rosso mezzano ;Middle Spotted Woodpecker 
3450;89,40413899;9,434991584;1990;Kleinspecht;Pic épeichette;Picchio rosso minore;Lesser Spotted Woodpecker 
3450;90,55983238;8,18054818;1991;Kleinspecht;Pic épeichette;Picchio rosso minore;Lesser Spotted Woodpecker 
3450;93,0295098;7,915852574;1992;Kleinspecht;Pic épeichette;Picchio rosso minore;Lesser Spotted Woodpecker 
3450;94,95886511;7,803591959;1993;Kleinspecht;Pic épeichette;Picchio rosso minore;Lesser Spotted Woodpecker 
3450;97,44201699;7,352580154;1994;Kleinspecht;Pic épeichette;Picchio rosso minore;Lesser Spotted Woodpecker 
3450;99,49694345;8,215634426;1995;Kleinspecht;Pic épeichette;Picchio rosso minore;Lesser Spotted Woodpecker 
3450;99,60968307;7,170335237;1996;Kleinspecht;Pic épeichette;Picchio rosso minore;Lesser Spotted Woodpecker 
3450;98,64329222;6,935769187;1997;Kleinspecht;Pic épeichette;Picchio rosso minore;Lesser Spotted Woodpecker 
3450;90,97270069;6,158320235;1998;Kleinspecht;Pic épeichette;Picchio rosso minore;Lesser Spotted Woodpecker 
3450;84,98563952;5,526247562;1999;Kleinspecht;Pic épeichette;Picchio rosso minore;Lesser Spotted Woodpecker 
3450;79,13560094;4,949975116;2000;Kleinspecht;Pic épeichette;Picchio rosso minore;Lesser Spotted Woodpecker 
3450;74,23020138;4,837174666;2001;Kleinspecht;Pic épeichette;Picchio rosso minore;Lesser Spotted Woodpecker 
3450;73,79600264;4,768731069;2002;Kleinspecht;Pic épeichette;Picchio rosso minore;Lesser Spotted Woodpecker 
3450;79,31587668;4,818408604;2003;Kleinspecht;Pic épeichette;Picchio rosso minore;Lesser Spotted Woodpecker 
3450;84,308038;4,577375103;2004;Kleinspecht;Pic épeichette;Picchio rosso minore;Lesser Spotted Woodpecker 
3450;94,37237315;4,677843781;2005;Kleinspecht;Pic épeichette;Picchio rosso minore;Lesser Spotted Woodpecker 
3450;95,91281473;5,141058966;2006;Kleinspecht;Pic épeichette;Picchio rosso minore;Lesser Spotted Woodpecker 
3450;100,06834;4,879268755;2007;Kleinspecht;Pic épeichette;Picchio rosso minore;Lesser Spotted Woodpecker 
3450;97,9958389;5,181547612;2008;Kleinspecht;Pic épeichette;Picchio rosso minore;Lesser Spotted Woodpecker 
3450;98,17035922;5,157226816;2009;Kleinspecht;Pic épeichette;Picchio rosso minore;Lesser Spotted Woodpecker 
3450;94,76852981;5,105498756;2010;Kleinspecht;Pic épeichette;Picchio rosso minore;Lesser Spotted Woodpecker 
3450;99,11954098;5,077088444;2011;Kleinspecht;Pic épeichette;Picchio rosso minore;Lesser Spotted Woodpecker 
3450;104,3853128;5,422096061;2012;Kleinspecht;Pic épeichette;Picchio rosso minore;Lesser Spotted Woodpecker 
3450;105,3277576;5,838032681;2013;Kleinspecht;Pic épeichette;Picchio rosso minore;Lesser Spotted Woodpecker 
3450;108,3095009;6,115039216;2014;Kleinspecht;Pic épeichette;Picchio rosso minore;Lesser Spotted Woodpecker 
3450;121,786235;6,818385845;2015;Kleinspecht;Pic épeichette;Picchio rosso minore;Lesser Spotted Woodpecker 
3450;120,4796616;6,523321183;2016;Kleinspecht;Pic épeichette;Picchio rosso minore;Lesser Spotted Woodpecker 
3450;113,5188455;6,035603846;2017;Kleinspecht;Pic épeichette;Picchio rosso minore;Lesser Spotted Woodpecker 
3450;116,2998165;6,395214684;2018;Kleinspecht;Pic épeichette;Picchio rosso minore;Lesser Spotted Woodpecker 
3450;114,1963762;6,075018973;2019;Kleinspecht;Pic épeichette;Picchio rosso minore;Lesser Spotted Woodpecker 
3450;121,4257904;6,024367154;2020;Kleinspecht;Pic épeichette;Picchio rosso minore;Lesser Spotted Woodpecker 
3450;133,8658129;6,909311172;2021;Kleinspecht;Pic épeichette;Picchio rosso minore;Lesser Spotted Woodpecker 
3450;130,108752;8,192779808;2022;Kleinspecht;Pic épeichette;Picchio rosso minore;Lesser Spotted Woodpecker 
3460;128,3382406;12,21062231;1990;Dreizehenspecht;Pic tridactyle;Picchio tridattilo;Eurasian Three-toed Woodpecker
3460;128,7474451;11,23407221;1991;Dreizehenspecht;Pic tridactyle;Picchio tridattilo;Eurasian Three-toed Woodpecker
3460;130,4417959;9,738734484;1992;Dreizehenspecht;Pic tridactyle;Picchio tridattilo;Eurasian Three-toed Woodpecker
3460;129,4392706;9,088771754;1993;Dreizehenspecht;Pic tridactyle;Picchio tridattilo;Eurasian Three-toed Woodpecker
3460;131,344391;9,559690312;1994;Dreizehenspecht;Pic tridactyle;Picchio tridattilo;Eurasian Three-toed Woodpecker
3460;132,6046878;8,528015032;1995;Dreizehenspecht;Pic tridactyle;Picchio tridattilo;Eurasian Three-toed Woodpecker
3460;127,5008357;8,978393557;1996;Dreizehenspecht;Pic tridactyle;Picchio tridattilo;Eurasian Three-toed Woodpecker
3460;116,4573085;9,559953446;1997;Dreizehenspecht;Pic tridactyle;Picchio tridattilo;Eurasian Three-toed Woodpecker
3460;101,7179839;9,421147145;1998;Dreizehenspecht;Pic tridactyle;Picchio tridattilo;Eurasian Three-toed Woodpecker
3460;84,33551265;9,874142038;1999;Dreizehenspecht;Pic tridactyle;Picchio tridattilo;Eurasian Three-toed Woodpecker
3460;80,67790489;8,116834537;2000;Dreizehenspecht;Pic tridactyle;Picchio tridattilo;Eurasian Three-toed Woodpecker
3460;74,86331787;8,341298474;2001;Dreizehenspecht;Pic tridactyle;Picchio tridattilo;Eurasian Three-toed Woodpecker
3460;68,41751234;8,287398356;2002;Dreizehenspecht;Pic tridactyle;Picchio tridattilo;Eurasian Three-toed Woodpecker
3460;66,3475929;8,176689513;2003;Dreizehenspecht;Pic tridactyle;Picchio tridattilo;Eurasian Three-toed Woodpecker
3460;76,63229205;7,37791565;2004;Dreizehenspecht;Pic tridactyle;Picchio tridattilo;Eurasian Three-toed Woodpecker
3460;82,13272348;7,705494188;2005;Dreizehenspecht;Pic tridactyle;Picchio tridattilo;Eurasian Three-toed Woodpecker
3460;84,75538541;8,018610151;2006;Dreizehenspecht;Pic tridactyle;Picchio tridattilo;Eurasian Three-toed Woodpecker
3460;83,98295518;6,721799684;2007;Dreizehenspecht;Pic tridactyle;Picchio tridattilo;Eurasian Three-toed Woodpecker
3460;82,3592053;7,780886781;2008;Dreizehenspecht;Pic tridactyle;Picchio tridattilo;Eurasian Three-toed Woodpecker
3460;77,32648311;7,205680872;2009;Dreizehenspecht;Pic tridactyle;Picchio tridattilo;Eurasian Three-toed Woodpecker
3460;73,71713181;6,695199268;2010;Dreizehenspecht;Pic tridactyle;Picchio tridattilo;Eurasian Three-toed Woodpecker
3460;79,43632518;6,264623309;2011;Dreizehenspecht;Pic tridactyle;Picchio tridattilo;Eurasian Three-toed Woodpecker
3460;82,21900265;6,805451824;2012;Dreizehenspecht;Pic tridactyle;Picchio tridattilo;Eurasian Three-toed Woodpecker
3460;89,82867241;6,875753626;2013;Dreizehenspecht;Pic tridactyle;Picchio tridattilo;Eurasian Three-toed Woodpecker
3460;103,1247465;6,252279937;2014;Dreizehenspecht;Pic tridactyle;Picchio tridattilo;Eurasian Three-toed Woodpecker
3460;112,600271;5,897909902;2015;Dreizehenspecht;Pic tridactyle;Picchio tridattilo;Eurasian Three-toed Woodpecker
3460;114,8242137;5,553980354;2016;Dreizehenspecht;Pic tridactyle;Picchio tridattilo;Eurasian Three-toed Woodpecker
3460;103,9515963;6,686688463;2017;Dreizehenspecht;Pic tridactyle;Picchio tridattilo;Eurasian Three-toed Woodpecker
3460;109,8949193;6,414928544;2018;Dreizehenspecht;Pic tridactyle;Picchio tridattilo;Eurasian Three-toed Woodpecker
3460;114,7454835;7,065934799;2019;Dreizehenspecht;Pic tridactyle;Picchio tridattilo;Eurasian Three-toed Woodpecker
3460;114,8798518;6,073524326;2020;Dreizehenspecht;Pic tridactyle;Picchio tridattilo;Eurasian Three-toed Woodpecker
3460;110,8868572;6,359655147;2021;Dreizehenspecht;Pic tridactyle;Picchio tridattilo;Eurasian Three-toed Woodpecker
3460;101,4680844;8,443242722;2022;Dreizehenspecht;Pic tridactyle;Picchio tridattilo;Eurasian Three-toed Woodpecker
3560;126,5432074;26,04514729;1990;Heidelerche;Alouette lulu ;Tottavilla;Woodlark
3560;120,4666615;21,7710086;1991;Heidelerche;Alouette lulu ;Tottavilla;Woodlark
3560;113,9964913;19,8489279;1992;Heidelerche;Alouette lulu ;Tottavilla;Woodlark
3560;115,654324;19,55472449;1993;Heidelerche;Alouette lulu ;Tottavilla;Woodlark
3560;101,3989226;16,82577848;1994;Heidelerche;Alouette lulu ;Tottavilla;Woodlark
3560;91,77026837;15,16915972;1995;Heidelerche;Alouette lulu ;Tottavilla;Woodlark
3560;70,51131375;11,54448689;1996;Heidelerche;Alouette lulu ;Tottavilla;Woodlark
3560;59,04519329;10,65918053;1997;Heidelerche;Alouette lulu ;Tottavilla;Woodlark
3560;62,12263373;10,74635854;1998;Heidelerche;Alouette lulu ;Tottavilla;Woodlark
3560;67,17407748;10,58591716;1999;Heidelerche;Alouette lulu ;Tottavilla;Woodlark
3560;70,29145588;9,944873582;2000;Heidelerche;Alouette lulu ;Tottavilla;Woodlark
3560;78,77610009;11,46850788;2001;Heidelerche;Alouette lulu ;Tottavilla;Woodlark
3560;75,6786275;10,60692616;2002;Heidelerche;Alouette lulu ;Tottavilla;Woodlark
3560;73,66734496;10,37756582;2003;Heidelerche;Alouette lulu ;Tottavilla;Woodlark
3560;81,2685514;11,45836432;2004;Heidelerche;Alouette lulu ;Tottavilla;Woodlark
3560;69,09657637;10,27380339;2005;Heidelerche;Alouette lulu ;Tottavilla;Woodlark
3560;73,64000321;10,03085854;2006;Heidelerche;Alouette lulu ;Tottavilla;Woodlark
3560;81,36063027;12,75078798;2007;Heidelerche;Alouette lulu ;Tottavilla;Woodlark
3560;69,03804072;10,66066944;2008;Heidelerche;Alouette lulu ;Tottavilla;Woodlark
3560;78,43599935;10,47827149;2009;Heidelerche;Alouette lulu ;Tottavilla;Woodlark
3560;90,25278046;12,33479126;2010;Heidelerche;Alouette lulu ;Tottavilla;Woodlark
3560;79,35699223;11,21103109;2011;Heidelerche;Alouette lulu ;Tottavilla;Woodlark
3560;80,86663511;9,903891881;2012;Heidelerche;Alouette lulu ;Tottavilla;Woodlark
3560;82,47242023;10,24196236;2013;Heidelerche;Alouette lulu ;Tottavilla;Woodlark
3560;72,83290311;10,11224285;2014;Heidelerche;Alouette lulu ;Tottavilla;Woodlark
3560;86,29370836;10,29838211;2015;Heidelerche;Alouette lulu ;Tottavilla;Woodlark
3560;104,7654103;13,00838374;2016;Heidelerche;Alouette lulu ;Tottavilla;Woodlark
3560;111,9040823;13,90788662;2017;Heidelerche;Alouette lulu ;Tottavilla;Woodlark
3560;125,2229288;14,88217628;2018;Heidelerche;Alouette lulu ;Tottavilla;Woodlark
3560;140,2084464;16,33880522;2019;Heidelerche;Alouette lulu ;Tottavilla;Woodlark
3560;186,8653915;17,9462594;2020;Heidelerche;Alouette lulu ;Tottavilla;Woodlark
3560;235,9793456;24,03612061;2021;Heidelerche;Alouette lulu ;Tottavilla;Woodlark
3560;223,0425324;25,438409;2022;Heidelerche;Alouette lulu ;Tottavilla;Woodlark
3570;140,1883456;NA;1990;Feldlerche;Alouette des champs ;Allodola;Eurasian Skylark
3570;131,7069507;16,98095848;1991;Feldlerche;Alouette des champs ;Allodola;Eurasian Skylark
3570;112,8516182;16,7146241;1992;Feldlerche;Alouette des champs ;Allodola;Eurasian Skylark
3570;125,748946;18,73345214;1993;Feldlerche;Alouette des champs ;Allodola;Eurasian Skylark
3570;125,1180985;19,17335789;1994;Feldlerche;Alouette des champs ;Allodola;Eurasian Skylark
3570;113,720786;17,50114156;1995;Feldlerche;Alouette des champs ;Allodola;Eurasian Skylark
3570;107,1179149;16,84371069;1996;Feldlerche;Alouette des champs ;Allodola;Eurasian Skylark
3570;129,6742197;21,86282465;1997;Feldlerche;Alouette des champs ;Allodola;Eurasian Skylark
3570;117,2311022;8,171700924;1998;Feldlerche;Alouette des champs ;Allodola;Eurasian Skylark
3570;113,3478481;6,359775263;1999;Feldlerche;Alouette des champs ;Allodola;Eurasian Skylark
3570;111,9728076;5,994168749;2000;Feldlerche;Alouette des champs ;Allodola;Eurasian Skylark
3570;103,1762491;5,753854536;2001;Feldlerche;Alouette des champs ;Allodola;Eurasian Skylark
3570;103,2683978;5,75392092;2002;Feldlerche;Alouette des champs ;Allodola;Eurasian Skylark
3570;101,7513419;5,875161172;2003;Feldlerche;Alouette des champs ;Allodola;Eurasian Skylark
3570;100,156248;5,613234422;2004;Feldlerche;Alouette des champs ;Allodola;Eurasian Skylark
3570;100,3037108;5,600267406;2005;Feldlerche;Alouette des champs ;Allodola;Eurasian Skylark
3570;93,72496643;5,52112147;2006;Feldlerche;Alouette des champs ;Allodola;Eurasian Skylark
3570;103,5049874;5,691906117;2007;Feldlerche;Alouette des champs ;Allodola;Eurasian Skylark
3570;94,54302473;5,447562435;2008;Feldlerche;Alouette des champs ;Allodola;Eurasian Skylark
3570;89,7989303;5,3176887;2009;Feldlerche;Alouette des champs ;Allodola;Eurasian Skylark
3570;92,17097752;5,388833839;2010;Feldlerche;Alouette des champs ;Allodola;Eurasian Skylark
3570;85,73256365;5,204784786;2011;Feldlerche;Alouette des champs ;Allodola;Eurasian Skylark
3570;91,49324974;5,376208528;2012;Feldlerche;Alouette des champs ;Allodola;Eurasian Skylark
3570;78,99216724;5,01073209;2013;Feldlerche;Alouette des champs ;Allodola;Eurasian Skylark
3570;78,64223714;5,025811862;2014;Feldlerche;Alouette des champs ;Allodola;Eurasian Skylark
3570;75,9055109;4,919647706;2015;Feldlerche;Alouette des champs ;Allodola;Eurasian Skylark
3570;78,27755811;4,993372624;2016;Feldlerche;Alouette des champs ;Allodola;Eurasian Skylark
3570;78,29376246;4,993715359;2017;Feldlerche;Alouette des champs ;Allodola;Eurasian Skylark
3570;87,76574697;5,27404567;2018;Feldlerche;Alouette des champs ;Allodola;Eurasian Skylark
3570;79,63301366;5,029228318;2019;Feldlerche;Alouette des champs ;Allodola;Eurasian Skylark
3570;88,45666141;5,297052107;2020;Feldlerche;Alouette des champs ;Allodola;Eurasian Skylark
3570;87,42688309;5,284673403;2021;Feldlerche;Alouette des champs ;Allodola;Eurasian Skylark
3570;78,30317407;5,064741083;2022;Feldlerche;Alouette des champs ;Allodola;Eurasian Skylark
3650;139,347704;18,79266618;1990;Uferschwalbe;Hirondelle de rivage;Topino;Sand Martin 
3650;107,268718;16,24417248;1991;Uferschwalbe;Hirondelle de rivage;Topino;Sand Martin 
3650;158,5154872;20,18299782;1992;Uferschwalbe;Hirondelle de rivage;Topino;Sand Martin 
3650;126,3019304;18,13358526;1993;Uferschwalbe;Hirondelle de rivage;Topino;Sand Martin 
3650;136,8958254;16,06198844;1994;Uferschwalbe;Hirondelle de rivage;Topino;Sand Martin 
3650;151,2113056;16,58873285;1995;Uferschwalbe;Hirondelle de rivage;Topino;Sand Martin 
3650;151,3327204;16,70773876;1996;Uferschwalbe;Hirondelle de rivage;Topino;Sand Martin 
3650;150,0733289;16,29270358;1997;Uferschwalbe;Hirondelle de rivage;Topino;Sand Martin 
3650;117,7008946;14,3838521;1998;Uferschwalbe;Hirondelle de rivage;Topino;Sand Martin 
3650;96,93926411;12,98603287;1999;Uferschwalbe;Hirondelle de rivage;Topino;Sand Martin 
3650;131,91764;15,16991533;2000;Uferschwalbe;Hirondelle de rivage;Topino;Sand Martin 
3650;101,078634;13,12372852;2001;Uferschwalbe;Hirondelle de rivage;Topino;Sand Martin 
3650;80,01796792;11,778244;2002;Uferschwalbe;Hirondelle de rivage;Topino;Sand Martin 
3650;67,30114673;10,85480345;2003;Uferschwalbe;Hirondelle de rivage;Topino;Sand Martin 
3650;95,23086488;12,84972116;2004;Uferschwalbe;Hirondelle de rivage;Topino;Sand Martin 
3650;82,11953639;11,84337094;2005;Uferschwalbe;Hirondelle de rivage;Topino;Sand Martin 
3650;87,50018947;12,18946602;2006;Uferschwalbe;Hirondelle de rivage;Topino;Sand Martin 
3650;80,93242327;11,69249252;2007;Uferschwalbe;Hirondelle de rivage;Topino;Sand Martin 
3650;84,12120561;12,13371852;2008;Uferschwalbe;Hirondelle de rivage;Topino;Sand Martin 
3650;75,01145364;11,31930221;2009;Uferschwalbe;Hirondelle de rivage;Topino;Sand Martin 
3650;72,95121704;10,95325533;2010;Uferschwalbe;Hirondelle de rivage;Topino;Sand Martin 
3650;68,98795231;10,40378542;2011;Uferschwalbe;Hirondelle de rivage;Topino;Sand Martin 
3650;63,40865938;10,00500945;2012;Uferschwalbe;Hirondelle de rivage;Topino;Sand Martin 
3650;56,7223213;9,392609937;2013;Uferschwalbe;Hirondelle de rivage;Topino;Sand Martin 
3650;66,1019989;10,1137029;2014;Uferschwalbe;Hirondelle de rivage;Topino;Sand Martin 
3650;83,50343666;11,27017503;2015;Uferschwalbe;Hirondelle de rivage;Topino;Sand Martin 
3650;101,7257143;12,39833789;2016;Uferschwalbe;Hirondelle de rivage;Topino;Sand Martin 
3650;99,8619589;12,11129432;2017;Uferschwalbe;Hirondelle de rivage;Topino;Sand Martin 
3650;72,95054072;10,27463731;2018;Uferschwalbe;Hirondelle de rivage;Topino;Sand Martin 
3650;84,74582658;11,33229287;2019;Uferschwalbe;Hirondelle de rivage;Topino;Sand Martin 
3650;106,2497403;12,78596735;2020;Uferschwalbe;Hirondelle de rivage;Topino;Sand Martin 
3650;123,8969668;13,92766861;2021;Uferschwalbe;Hirondelle de rivage;Topino;Sand Martin 
3650;78,07542606;11,7268357;2022;Uferschwalbe;Hirondelle de rivage;Topino;Sand Martin 
3630;87,60042074;5,295059424;1990;Felsenschwalbe;Hirondelle de rochers ;Rondine montana ;Eurasian Crag Martin
3630;76,85572357;4,662513442;1991;Felsenschwalbe;Hirondelle de rochers ;Rondine montana ;Eurasian Crag Martin
3630;67,82214117;4,098698538;1992;Felsenschwalbe;Hirondelle de rochers ;Rondine montana ;Eurasian Crag Martin
3630;73,57372133;4,050184735;1993;Felsenschwalbe;Hirondelle de rochers ;Rondine montana ;Eurasian Crag Martin
3630;84,7494629;4,365620503;1994;Felsenschwalbe;Hirondelle de rochers ;Rondine montana ;Eurasian Crag Martin
3630;83,54580518;3,946321964;1995;Felsenschwalbe;Hirondelle de rochers ;Rondine montana ;Eurasian Crag Martin
3630;78,82653757;3,310181688;1996;Felsenschwalbe;Hirondelle de rochers ;Rondine montana ;Eurasian Crag Martin
3630;72,73895857;3,664734328;1997;Felsenschwalbe;Hirondelle de rochers ;Rondine montana ;Eurasian Crag Martin
3630;72,12860118;3,756648248;1998;Felsenschwalbe;Hirondelle de rochers ;Rondine montana ;Eurasian Crag Martin
3630;77,73020785;12,89230033;1999;Felsenschwalbe;Hirondelle de rochers ;Rondine montana ;Eurasian Crag Martin
3630;87,63157536;13,52726447;2000;Felsenschwalbe;Hirondelle de rochers ;Rondine montana ;Eurasian Crag Martin
3630;55,25231592;11,20324289;2001;Felsenschwalbe;Hirondelle de rochers ;Rondine montana ;Eurasian Crag Martin
3630;71,14318069;12,28469861;2002;Felsenschwalbe;Hirondelle de rochers ;Rondine montana ;Eurasian Crag Martin
3630;63,8241376;11,68645069;2003;Felsenschwalbe;Hirondelle de rochers ;Rondine montana ;Eurasian Crag Martin
3630;76,20136988;12,64261625;2004;Felsenschwalbe;Hirondelle de rochers ;Rondine montana ;Eurasian Crag Martin
3630;57,15102741;10,98966353;2005;Felsenschwalbe;Hirondelle de rochers ;Rondine montana ;Eurasian Crag Martin
3630;68,68452692;12,02959678;2006;Felsenschwalbe;Hirondelle de rochers ;Rondine montana ;Eurasian Crag Martin
3630;76,20136988;12,64261625;2007;Felsenschwalbe;Hirondelle de rochers ;Rondine montana ;Eurasian Crag Martin
3630;97,1567466;14,21672437;2008;Felsenschwalbe;Hirondelle de rochers ;Rondine montana ;Eurasian Crag Martin
3630;102,8718493;14,61234413;2009;Felsenschwalbe;Hirondelle de rochers ;Rondine montana ;Eurasian Crag Martin
3630;74,29633563;12,48824721;2010;Felsenschwalbe;Hirondelle de rochers ;Rondine montana ;Eurasian Crag Martin
3630;95,32415263;14,09245933;2011;Felsenschwalbe;Hirondelle de rochers ;Rondine montana ;Eurasian Crag Martin
3630;95,25171235;14,08195738;2012;Felsenschwalbe;Hirondelle de rochers ;Rondine montana ;Eurasian Crag Martin
3630;114,7088204;15,68436555;2013;Felsenschwalbe;Hirondelle de rochers ;Rondine montana ;Eurasian Crag Martin
3630;112,3970206;15,24500126;2014;Felsenschwalbe;Hirondelle de rochers ;Rondine montana ;Eurasian Crag Martin
3630;120,0171576;15,72940323;2015;Felsenschwalbe;Hirondelle de rochers ;Rondine montana ;Eurasian Crag Martin
3630;140,0427081;16,98210076;2016;Felsenschwalbe;Hirondelle de rochers ;Rondine montana ;Eurasian Crag Martin
3630;150,6185802;17,52001545;2017;Felsenschwalbe;Hirondelle de rochers ;Rondine montana ;Eurasian Crag Martin
3630;144,6146354;17,28434538;2018;Felsenschwalbe;Hirondelle de rochers ;Rondine montana ;Eurasian Crag Martin
3630;192,4009555;19,82154097;2019;Felsenschwalbe;Hirondelle de rochers ;Rondine montana ;Eurasian Crag Martin
3630;237,1680021;21,7170218;2020;Felsenschwalbe;Hirondelle de rochers ;Rondine montana ;Eurasian Crag Martin
3630;131,447363;16,42379495;2021;Felsenschwalbe;Hirondelle de rochers ;Rondine montana ;Eurasian Crag Martin
3630;160,0228768;18,01714844;2022;Felsenschwalbe;Hirondelle de rochers ;Rondine montana ;Eurasian Crag Martin
3610;117,4668147;18,9894673;1990;Rauchschwalbe;Hirondelle rustique ;Rondine ;Barn Swallow
3610;120,7486237;19,41480076;1991;Rauchschwalbe;Hirondelle rustique ;Rondine ;Barn Swallow
3610;127,9705984;20,35457455;1992;Rauchschwalbe;Hirondelle rustique ;Rondine ;Barn Swallow
3610;118,7835283;19,15782818;1993;Rauchschwalbe;Hirondelle rustique ;Rondine ;Barn Swallow
3610;95,81086579;16,16454477;1994;Rauchschwalbe;Hirondelle rustique ;Rondine ;Barn Swallow
3610;103,0328405;17,10260244;1995;Rauchschwalbe;Hirondelle rustique ;Rondine ;Barn Swallow
3610;124,6887894;19,87362029;1996;Rauchschwalbe;Hirondelle rustique ;Rondine ;Barn Swallow
3610;103,0328405;16,87041597;1997;Rauchschwalbe;Hirondelle rustique ;Rondine ;Barn Swallow
3610;95,15250898;14,76083767;1998;Rauchschwalbe;Hirondelle rustique ;Rondine ;Barn Swallow
3610;100,7662117;5,156399312;1999;Rauchschwalbe;Hirondelle rustique ;Rondine ;Barn Swallow
3610;99,50165395;4,881684833;2000;Rauchschwalbe;Hirondelle rustique ;Rondine ;Barn Swallow
3610;88,34237072;4,643147245;2001;Rauchschwalbe;Hirondelle rustique ;Rondine ;Barn Swallow
3610;77,57123333;4,377710761;2002;Rauchschwalbe;Hirondelle rustique ;Rondine ;Barn Swallow
3610;78,437028;4,369411933;2003;Rauchschwalbe;Hirondelle rustique ;Rondine ;Barn Swallow
3610;93,20748735;4,720130981;2004;Rauchschwalbe;Hirondelle rustique ;Rondine ;Barn Swallow
3610;95,76688352;4,762591977;2005;Rauchschwalbe;Hirondelle rustique ;Rondine ;Barn Swallow
3610;107,0505675;5,025919631;2006;Rauchschwalbe;Hirondelle rustique ;Rondine ;Barn Swallow
3610;94,74801457;4,741087025;2007;Rauchschwalbe;Hirondelle rustique ;Rondine ;Barn Swallow
3610;84,93612365;4,499223729;2008;Rauchschwalbe;Hirondelle rustique ;Rondine ;Barn Swallow
3610;89,15541273;4,608104147;2009;Rauchschwalbe;Hirondelle rustique ;Rondine ;Barn Swallow
3610;87,13749186;4,555970302;2010;Rauchschwalbe;Hirondelle rustique ;Rondine ;Barn Swallow
3610;93,92504386;4,723678897;2011;Rauchschwalbe;Hirondelle rustique ;Rondine ;Barn Swallow
3610;91,18999244;4,740537523;2012;Rauchschwalbe;Hirondelle rustique ;Rondine ;Barn Swallow
3610;87,26759339;4,581601501;2013;Rauchschwalbe;Hirondelle rustique ;Rondine ;Barn Swallow
3610;99,67241098;4,864095197;2014;Rauchschwalbe;Hirondelle rustique ;Rondine ;Barn Swallow
3610;97,04364883;4,78895211;2015;Rauchschwalbe;Hirondelle rustique ;Rondine ;Barn Swallow
3610;107,1223575;5,033771709;2016;Rauchschwalbe;Hirondelle rustique ;Rondine ;Barn Swallow
3610;105,1920869;4,976860447;2017;Rauchschwalbe;Hirondelle rustique ;Rondine ;Barn Swallow
3610;101,7148512;4,906304731;2018;Rauchschwalbe;Hirondelle rustique ;Rondine ;Barn Swallow
3610;118,3689989;5,292524446;2019;Rauchschwalbe;Hirondelle rustique ;Rondine ;Barn Swallow
3610;103,4754521;4,937395373;2020;Rauchschwalbe;Hirondelle rustique ;Rondine ;Barn Swallow
3610;105,8491217;5,012749884;2021;Rauchschwalbe;Hirondelle rustique ;Rondine ;Barn Swallow
3610;85,87055306;4,584425185;2022;Rauchschwalbe;Hirondelle rustique ;Rondine ;Barn Swallow
3640;107,6773537;NA;1990;Mehlschwalbe;Hirondelle de fenêtre ;Balestruccio;Common House Martin 
3640;121,4923582;20,37006882;1991;Mehlschwalbe;Hirondelle de fenêtre ;Balestruccio;Common House Martin 
3640;141,5957201;23,26420477;1992;Mehlschwalbe;Hirondelle de fenêtre ;Balestruccio;Common House Martin 
3640;168,332007;27,73583643;1993;Mehlschwalbe;Hirondelle de fenêtre ;Balestruccio;Common House Martin 
3640;119,0480822;21,00299528;1994;Mehlschwalbe;Hirondelle de fenêtre ;Balestruccio;Common House Martin 
3640;109,5186364;20,21272466;1995;Mehlschwalbe;Hirondelle de fenêtre ;Balestruccio;Common House Martin 
3640;145,9351175;25,43303924;1996;Mehlschwalbe;Hirondelle de fenêtre ;Balestruccio;Common House Martin 
3640;110,229307;20,34648029;1997;Mehlschwalbe;Hirondelle de fenêtre ;Balestruccio;Common House Martin 
3640;103,8171206;9,079835781;1998;Mehlschwalbe;Hirondelle de fenêtre ;Balestruccio;Common House Martin 
3640;87,8116621;7,194801704;1999;Mehlschwalbe;Hirondelle de fenêtre ;Balestruccio;Common House Martin 
3640;111,2623253;7,733886669;2000;Mehlschwalbe;Hirondelle de fenêtre ;Balestruccio;Common House Martin 
3640;79,47412348;6,780195781;2001;Mehlschwalbe;Hirondelle de fenêtre ;Balestruccio;Common House Martin 
3640;76,98052872;6,687308858;2002;Mehlschwalbe;Hirondelle de fenêtre ;Balestruccio;Common House Martin 
3640;73,72299737;6,299989191;2003;Mehlschwalbe;Hirondelle de fenêtre ;Balestruccio;Common House Martin 
3640;82,71475497;6,624808557;2004;Mehlschwalbe;Hirondelle de fenêtre ;Balestruccio;Common House Martin 
3640;100,7838093;7,492149073;2005;Mehlschwalbe;Hirondelle de fenêtre ;Balestruccio;Common House Martin 
3640;106,3213996;7,463236469;2006;Mehlschwalbe;Hirondelle de fenêtre ;Balestruccio;Common House Martin 
3640;81,79976875;6,581123597;2007;Mehlschwalbe;Hirondelle de fenêtre ;Balestruccio;Common House Martin 
3640;77,40783485;6,413995326;2008;Mehlschwalbe;Hirondelle de fenêtre ;Balestruccio;Common House Martin 
3640;91,86461725;6,970402815;2009;Mehlschwalbe;Hirondelle de fenêtre ;Balestruccio;Common House Martin 
3640;85,45971366;6,724581116;2010;Mehlschwalbe;Hirondelle de fenêtre ;Balestruccio;Common House Martin 
3640;90,03464479;6,894367546;2011;Mehlschwalbe;Hirondelle de fenêtre ;Balestruccio;Common House Martin 
3640;95,85801654;7,156024457;2012;Mehlschwalbe;Hirondelle de fenêtre ;Balestruccio;Common House Martin 
3640;79,76502965;6,622694854;2013;Mehlschwalbe;Hirondelle de fenêtre ;Balestruccio;Common House Martin 
3640;100,2204398;7,268131266;2014;Mehlschwalbe;Hirondelle de fenêtre ;Balestruccio;Common House Martin 
3640;79,23780731;6,48010467;2015;Mehlschwalbe;Hirondelle de fenêtre ;Balestruccio;Common House Martin 
3640;88,98185855;6,854235628;2016;Mehlschwalbe;Hirondelle de fenêtre ;Balestruccio;Common House Martin 
3640;96,62254563;7,126900439;2017;Mehlschwalbe;Hirondelle de fenêtre ;Balestruccio;Common House Martin 
3640;87,27942174;6,779333452;2018;Mehlschwalbe;Hirondelle de fenêtre ;Balestruccio;Common House Martin 
3640;110,1643418;7,58662204;2019;Mehlschwalbe;Hirondelle de fenêtre ;Balestruccio;Common House Martin 
3640;102,4784575;7,34319869;2020;Mehlschwalbe;Hirondelle de fenêtre ;Balestruccio;Common House Martin 
3640;97,53753186;7,23008857;2021;Mehlschwalbe;Hirondelle de fenêtre ;Balestruccio;Common House Martin 
3640;88,57066683;7,023740693;2022;Mehlschwalbe;Hirondelle de fenêtre ;Balestruccio;Common House Martin 
4950;132;0;1990;Brachpieper;Pipit rousseline;Calandro;Tawny Pipit 
4950;66;0;1991;Brachpieper;Pipit rousseline;Calandro;Tawny Pipit 
4950;132;0;1992;Brachpieper;Pipit rousseline;Calandro;Tawny Pipit 
4950;66;0;1993;Brachpieper;Pipit rousseline;Calandro;Tawny Pipit 
4950;66;0;1994;Brachpieper;Pipit rousseline;Calandro;Tawny Pipit 
4950;0;0;1995;Brachpieper;Pipit rousseline;Calandro;Tawny Pipit 
4950;66;0;1996;Brachpieper;Pipit rousseline;Calandro;Tawny Pipit 
4950;0;0;1997;Brachpieper;Pipit rousseline;Calandro;Tawny Pipit 
4950;0;0;1998;Brachpieper;Pipit rousseline;Calandro;Tawny Pipit 
4950;0;0;1999;Brachpieper;Pipit rousseline;Calandro;Tawny Pipit 
4950;0;0;2000;Brachpieper;Pipit rousseline;Calandro;Tawny Pipit 
4950;66;0;2001;Brachpieper;Pipit rousseline;Calandro;Tawny Pipit 
4950;66;0;2002;Brachpieper;Pipit rousseline;Calandro;Tawny Pipit 
4950;0;0;2003;Brachpieper;Pipit rousseline;Calandro;Tawny Pipit 
4950;66;0;2004;Brachpieper;Pipit rousseline;Calandro;Tawny Pipit 
4950;0;0;2005;Brachpieper;Pipit rousseline;Calandro;Tawny Pipit 
4950;0;0;2006;Brachpieper;Pipit rousseline;Calandro;Tawny Pipit 
4950;0;0;2007;Brachpieper;Pipit rousseline;Calandro;Tawny Pipit 
4950;0;0;2008;Brachpieper;Pipit rousseline;Calandro;Tawny Pipit 
4950;66;0;2009;Brachpieper;Pipit rousseline;Calandro;Tawny Pipit 
4950;132;0;2010;Brachpieper;Pipit rousseline;Calandro;Tawny Pipit 
4950;0;0;2011;Brachpieper;Pipit rousseline;Calandro;Tawny Pipit 
4950;66;0;2012;Brachpieper;Pipit rousseline;Calandro;Tawny Pipit 
4950;198;0;2013;Brachpieper;Pipit rousseline;Calandro;Tawny Pipit 
4950;66;0;2014;Brachpieper;Pipit rousseline;Calandro;Tawny Pipit 
4950;198;0;2015;Brachpieper;Pipit rousseline;Calandro;Tawny Pipit 
4950;66;0;2016;Brachpieper;Pipit rousseline;Calandro;Tawny Pipit 
4950;462;0;2017;Brachpieper;Pipit rousseline;Calandro;Tawny Pipit 
4950;264;0;2018;Brachpieper;Pipit rousseline;Calandro;Tawny Pipit 
4950;198;0;2019;Brachpieper;Pipit rousseline;Calandro;Tawny Pipit 
4950;198;0;2020;Brachpieper;Pipit rousseline;Calandro;Tawny Pipit 
4950;330;0;2021;Brachpieper;Pipit rousseline;Calandro;Tawny Pipit 
4950;330;0;2022;Brachpieper;Pipit rousseline;Calandro;Tawny Pipit 
4970;204,1136044;NA;1990;Baumpieper;Pipit des arbres;Prispolone;Tree Pipit
4970;164,6176219;25,33943811;1991;Baumpieper;Pipit des arbres;Prispolone;Tree Pipit
4970;190,0909998;26,47201667;1992;Baumpieper;Pipit des arbres;Prispolone;Tree Pipit
4970;154,1261827;23,79698804;1993;Baumpieper;Pipit des arbres;Prispolone;Tree Pipit
4970;125,7339803;20,74964666;1994;Baumpieper;Pipit des arbres;Prispolone;Tree Pipit
4970;118,6716496;20,93693831;1995;Baumpieper;Pipit des arbres;Prispolone;Tree Pipit
4970;120,6515516;22,25833228;1996;Baumpieper;Pipit des arbres;Prispolone;Tree Pipit
4970;107,0371741;19,95038161;1997;Baumpieper;Pipit des arbres;Prispolone;Tree Pipit
4970;95,46597391;4,811725672;1998;Baumpieper;Pipit des arbres;Prispolone;Tree Pipit
4970;84,77539851;3,444470932;1999;Baumpieper;Pipit des arbres;Prispolone;Tree Pipit
4970;96,14526033;3,576336002;2000;Baumpieper;Pipit des arbres;Prispolone;Tree Pipit
4970;90,72372363;3,482015194;2001;Baumpieper;Pipit des arbres;Prispolone;Tree Pipit
4970;77,08058991;3,184475252;2002;Baumpieper;Pipit des arbres;Prispolone;Tree Pipit
4970;76,94537047;3,200526907;2003;Baumpieper;Pipit des arbres;Prispolone;Tree Pipit
4970;88,86310446;3,405211694;2004;Baumpieper;Pipit des arbres;Prispolone;Tree Pipit
4970;90,66091293;3,43599559;2005;Baumpieper;Pipit des arbres;Prispolone;Tree Pipit
4970;88,31790205;3,440898848;2006;Baumpieper;Pipit des arbres;Prispolone;Tree Pipit
4970;85,04043838;3,353664384;2007;Baumpieper;Pipit des arbres;Prispolone;Tree Pipit
4970;81,02979612;3,258968896;2008;Baumpieper;Pipit des arbres;Prispolone;Tree Pipit
4970;78,97515787;3,219434681;2009;Baumpieper;Pipit des arbres;Prispolone;Tree Pipit
4970;82,95601948;3,297037164;2010;Baumpieper;Pipit des arbres;Prispolone;Tree Pipit
4970;79,5650087;3,234534513;2011;Baumpieper;Pipit des arbres;Prispolone;Tree Pipit
4970;87,19968196;3,375093687;2012;Baumpieper;Pipit des arbres;Prispolone;Tree Pipit
4970;87,23377805;3,384023193;2013;Baumpieper;Pipit des arbres;Prispolone;Tree Pipit
4970;81,42004049;3,265195009;2014;Baumpieper;Pipit des arbres;Prispolone;Tree Pipit
4970;84,72647492;3,334797541;2015;Baumpieper;Pipit des arbres;Prispolone;Tree Pipit
4970;80,90101088;3,262227379;2016;Baumpieper;Pipit des arbres;Prispolone;Tree Pipit
4970;81,0878935;3,262851938;2017;Baumpieper;Pipit des arbres;Prispolone;Tree Pipit
4970;81,04862689;3,293824092;2018;Baumpieper;Pipit des arbres;Prispolone;Tree Pipit
4970;81,93901645;3,277077447;2019;Baumpieper;Pipit des arbres;Prispolone;Tree Pipit
4970;84,58524793;3,364961975;2020;Baumpieper;Pipit des arbres;Prispolone;Tree Pipit
4970;84,39889496;3,355208185;2021;Baumpieper;Pipit des arbres;Prispolone;Tree Pipit
4970;83,87191277;3,38131766;2022;Baumpieper;Pipit des arbres;Prispolone;Tree Pipit
4930;162,8942749;27,02981963;1990;Wiesenpieper;Pipit farlouse;Pispola ;Meadow Pipit
4930;148,493162;21,29189837;1991;Wiesenpieper;Pipit farlouse;Pispola ;Meadow Pipit
4930;143,1765809;19,43363459;1992;Wiesenpieper;Pipit farlouse;Pispola ;Meadow Pipit
4930;149,2769409;22,42982448;1993;Wiesenpieper;Pipit farlouse;Pispola ;Meadow Pipit
4930;156,6459887;24,39397398;1994;Wiesenpieper;Pipit farlouse;Pispola ;Meadow Pipit
4930;168,5877444;21,54512829;1995;Wiesenpieper;Pipit farlouse;Pispola ;Meadow Pipit
4930;166,2674419;22,33839958;1996;Wiesenpieper;Pipit farlouse;Pispola ;Meadow Pipit
4930;141,969496;18,25306689;1997;Wiesenpieper;Pipit farlouse;Pispola ;Meadow Pipit
4930;139,4175438;18,90913519;1998;Wiesenpieper;Pipit farlouse;Pispola ;Meadow Pipit
4930;131,0472115;17,35297734;1999;Wiesenpieper;Pipit farlouse;Pispola ;Meadow Pipit
4930;113,5108236;14,63779215;2000;Wiesenpieper;Pipit farlouse;Pispola ;Meadow Pipit
4930;113,5079876;13,38706025;2001;Wiesenpieper;Pipit farlouse;Pispola ;Meadow Pipit
4930;105,260708;13,84065958;2002;Wiesenpieper;Pipit farlouse;Pispola ;Meadow Pipit
4930;92,98159691;12,11271752;2003;Wiesenpieper;Pipit farlouse;Pispola ;Meadow Pipit
4930;88,49291346;11,3355705;2004;Wiesenpieper;Pipit farlouse;Pispola ;Meadow Pipit
4930;71,95063433;9,819362323;2005;Wiesenpieper;Pipit farlouse;Pispola ;Meadow Pipit
4930;64,798816;9,211321751;2006;Wiesenpieper;Pipit farlouse;Pispola ;Meadow Pipit
4930;64,32429848;8,837784221;2007;Wiesenpieper;Pipit farlouse;Pispola ;Meadow Pipit
4930;72,11390254;9,80075917;2008;Wiesenpieper;Pipit farlouse;Pispola ;Meadow Pipit
4930;67,98936251;8,744625461;2009;Wiesenpieper;Pipit farlouse;Pispola ;Meadow Pipit
4930;59,11679356;7,919852253;2010;Wiesenpieper;Pipit farlouse;Pispola ;Meadow Pipit
4930;58,20799045;7,806231397;2011;Wiesenpieper;Pipit farlouse;Pispola ;Meadow Pipit
4930;65,8286209;8,307717265;2012;Wiesenpieper;Pipit farlouse;Pispola ;Meadow Pipit
4930;73,91121406;9,001521965;2013;Wiesenpieper;Pipit farlouse;Pispola ;Meadow Pipit
4930;85,6627629;8,679017579;2014;Wiesenpieper;Pipit farlouse;Pispola ;Meadow Pipit
4930;80,59688437;8,878427893;2015;Wiesenpieper;Pipit farlouse;Pispola ;Meadow Pipit
4930;95,52794759;11,66854573;2016;Wiesenpieper;Pipit farlouse;Pispola ;Meadow Pipit
4930;70,72359019;9,131986331;2017;Wiesenpieper;Pipit farlouse;Pispola ;Meadow Pipit
4930;61,04934812;8,781549188;2018;Wiesenpieper;Pipit farlouse;Pispola ;Meadow Pipit
4930;56,92486522;8,248215656;2019;Wiesenpieper;Pipit farlouse;Pispola ;Meadow Pipit
4930;70,72449505;8,477027238;2020;Wiesenpieper;Pipit farlouse;Pispola ;Meadow Pipit
4930;75,58812131;9,126348955;2021;Wiesenpieper;Pipit farlouse;Pispola ;Meadow Pipit
4930;83,42993793;12,6034387;2022;Wiesenpieper;Pipit farlouse;Pispola ;Meadow Pipit
5000;81,54715674;NA;1990;Bergpieper;Pipit spioncelle;Spioncello;Water Pipit 
5000;86,26873711;19,96611538;1991;Bergpieper;Pipit spioncelle;Spioncello;Water Pipit 
5000;102,7820364;25,31056999;1992;Bergpieper;Pipit spioncelle;Spioncello;Water Pipit 
5000;112,6247782;28,30116271;1993;Bergpieper;Pipit spioncelle;Spioncello;Water Pipit 
5000;116,4004115;29,02908228;1994;Bergpieper;Pipit spioncelle;Spioncello;Water Pipit 
5000;119,4176563;29,72696945;1995;Bergpieper;Pipit spioncelle;Spioncello;Water Pipit 
5000;84,93951846;39,18565433;1996;Bergpieper;Pipit spioncelle;Spioncello;Water Pipit 
5000;101,1429385;43,74435956;1997;Bergpieper;Pipit spioncelle;Spioncello;Water Pipit 
5000;90,57768888;4,018860394;1998;Bergpieper;Pipit spioncelle;Spioncello;Water Pipit 
5000;86,23863836;3,416070494;1999;Bergpieper;Pipit spioncelle;Spioncello;Water Pipit 
5000;98,16002436;3,463732491;2000;Bergpieper;Pipit spioncelle;Spioncello;Water Pipit 
5000;105,9116896;3,635315686;2001;Bergpieper;Pipit spioncelle;Spioncello;Water Pipit 
5000;98,26856378;3,440757282;2002;Bergpieper;Pipit spioncelle;Spioncello;Water Pipit 
5000;101,1126439;3,439169357;2003;Bergpieper;Pipit spioncelle;Spioncello;Water Pipit 
5000;102,5739652;3,453638929;2004;Bergpieper;Pipit spioncelle;Spioncello;Water Pipit 
5000;108,3255661;3,492195558;2005;Bergpieper;Pipit spioncelle;Spioncello;Water Pipit 
5000;98,04489991;3,34664031;2006;Bergpieper;Pipit spioncelle;Spioncello;Water Pipit 
5000;98,82134254;3,300100963;2007;Bergpieper;Pipit spioncelle;Spioncello;Water Pipit 
5000;102,8981476;3,363047917;2008;Bergpieper;Pipit spioncelle;Spioncello;Water Pipit 
5000;89,89070681;3,151740741;2009;Bergpieper;Pipit spioncelle;Spioncello;Water Pipit 
5000;91,05208545;3,17480753;2010;Bergpieper;Pipit spioncelle;Spioncello;Water Pipit 
5000;88,94603924;3,154541212;2011;Bergpieper;Pipit spioncelle;Spioncello;Water Pipit 
5000;86,53705052;3,140725445;2012;Bergpieper;Pipit spioncelle;Spioncello;Water Pipit 
5000;88,99574072;3,18034057;2013;Bergpieper;Pipit spioncelle;Spioncello;Water Pipit 
5000;101,6593437;3,34061048;2014;Bergpieper;Pipit spioncelle;Spioncello;Water Pipit 
5000;106,6318826;3,431285322;2015;Bergpieper;Pipit spioncelle;Spioncello;Water Pipit 
5000;116,9616991;3,574360996;2016;Bergpieper;Pipit spioncelle;Spioncello;Water Pipit 
5000;98,25799125;3,30386339;2017;Bergpieper;Pipit spioncelle;Spioncello;Water Pipit 
5000;102,5946761;3,351204515;2018;Bergpieper;Pipit spioncelle;Spioncello;Water Pipit 
5000;103,3036852;3,369874181;2019;Bergpieper;Pipit spioncelle;Spioncello;Water Pipit 
5000;109,6359051;3,520631816;2020;Bergpieper;Pipit spioncelle;Spioncello;Water Pipit 
5000;112,4910578;3,537161557;2021;Bergpieper;Pipit spioncelle;Spioncello;Water Pipit 
5000;106,9857329;3,521554546;2022;Bergpieper;Pipit spioncelle;Spioncello;Water Pipit 
5060;102,149809;1,275165478;1990;Schafstelze;Bergeronnette printanière ;Cutrettola;Western Yellow Wagtail
5060;100,6934972;1,252899328;1991;Schafstelze;Bergeronnette printanière ;Cutrettola;Western Yellow Wagtail
5060;103,4834;1,606893421;1992;Schafstelze;Bergeronnette printanière ;Cutrettola;Western Yellow Wagtail
5060;101,8933799;0,987310181;1993;Schafstelze;Bergeronnette printanière ;Cutrettola;Western Yellow Wagtail
5060;100,6934972;1,236886342;1994;Schafstelze;Bergeronnette printanière ;Cutrettola;Western Yellow Wagtail
5060;92,02458551;2,105722993;1995;Schafstelze;Bergeronnette printanière ;Cutrettola;Western Yellow Wagtail
5060;91,81654097;2,085313763;1996;Schafstelze;Bergeronnette printanière ;Cutrettola;Western Yellow Wagtail
5060;98,58258502;2,236669962;1997;Schafstelze;Bergeronnette printanière ;Cutrettola;Western Yellow Wagtail
5060;96,3935209;2,054468778;1998;Schafstelze;Bergeronnette printanière ;Cutrettola;Western Yellow Wagtail
5060;96,3935209;2,053339504;1999;Schafstelze;Bergeronnette printanière ;Cutrettola;Western Yellow Wagtail
5060;102,5121364;2,286471813;2000;Schafstelze;Bergeronnette printanière ;Cutrettola;Western Yellow Wagtail
5060;94,38111571;1,645080727;2001;Schafstelze;Bergeronnette printanière ;Cutrettola;Western Yellow Wagtail
5060;93,89698639;2,062696084;2002;Schafstelze;Bergeronnette printanière ;Cutrettola;Western Yellow Wagtail
5060;96,58388429;2,166512169;2003;Schafstelze;Bergeronnette printanière ;Cutrettola;Western Yellow Wagtail
5060;100,7410063;2,34146494;2004;Schafstelze;Bergeronnette printanière ;Cutrettola;Western Yellow Wagtail
5060;96,6248604;1,988048479;2005;Schafstelze;Bergeronnette printanière ;Cutrettola;Western Yellow Wagtail
5060;92,85676368;2,05648993;2006;Schafstelze;Bergeronnette printanière ;Cutrettola;Western Yellow Wagtail
5060;95,35329819;2,047296952;2007;Schafstelze;Bergeronnette printanière ;Cutrettola;Western Yellow Wagtail
5060;96,60156545;2,045014917;2008;Schafstelze;Bergeronnette printanière ;Cutrettola;Western Yellow Wagtail
5060;104,8006264;2,28437033;2009;Schafstelze;Bergeronnette printanière ;Cutrettola;Western Yellow Wagtail
5060;105,1546866;1,996054345;2010;Schafstelze;Bergeronnette printanière ;Cutrettola;Western Yellow Wagtail
5060;109,2922825;2,077300925;2011;Schafstelze;Bergeronnette printanière ;Cutrettola;Western Yellow Wagtail
5060;99,3061445;2,066409882;2012;Schafstelze;Bergeronnette printanière ;Cutrettola;Western Yellow Wagtail
5060;99,02452024;1,999543077;2013;Schafstelze;Bergeronnette printanière ;Cutrettola;Western Yellow Wagtail
5060;103,327031;1,63670314;2014;Schafstelze;Bergeronnette printanière ;Cutrettola;Western Yellow Wagtail
5060;102,1451884;1,993101131;2015;Schafstelze;Bergeronnette printanière ;Cutrettola;Western Yellow Wagtail
5060;104,1592092;1,639769605;2016;Schafstelze;Bergeronnette printanière ;Cutrettola;Western Yellow Wagtail
5060;104,2232923;2,067603371;2017;Schafstelze;Bergeronnette printanière ;Cutrettola;Western Yellow Wagtail
5060;96,43826618;1,71400885;2018;Schafstelze;Bergeronnette printanière ;Cutrettola;Western Yellow Wagtail
5060;101,5420082;2,010049418;2019;Schafstelze;Bergeronnette printanière ;Cutrettola;Western Yellow Wagtail
5060;99,14986876;2,868193704;2020;Schafstelze;Bergeronnette printanière ;Cutrettola;Western Yellow Wagtail
5060;114,0212415;2,793254297;2021;Schafstelze;Bergeronnette printanière ;Cutrettola;Western Yellow Wagtail
5060;103,7396808;2,547753295;2022;Schafstelze;Bergeronnette printanière ;Cutrettola;Western Yellow Wagtail
5050;113,8944683;NA;1990;Gebirgsstelze;Bergeronnette des ruisseaux ;Ballerina gialla;Grey Wagtail
5050;105,0448681;19,66300971;1991;Gebirgsstelze;Bergeronnette des ruisseaux ;Ballerina gialla;Grey Wagtail
5050;88,83768525;17,24275558;1992;Gebirgsstelze;Bergeronnette des ruisseaux ;Ballerina gialla;Grey Wagtail
5050;89,29326312;17,37538456;1993;Gebirgsstelze;Bergeronnette des ruisseaux ;Ballerina gialla;Grey Wagtail
5050;125,4775357;23,09460807;1994;Gebirgsstelze;Bergeronnette des ruisseaux ;Ballerina gialla;Grey Wagtail
5050;96,26360458;18,50457189;1995;Gebirgsstelze;Bergeronnette des ruisseaux ;Ballerina gialla;Grey Wagtail
5050;97,48227539;18,63224542;1996;Gebirgsstelze;Bergeronnette des ruisseaux ;Ballerina gialla;Grey Wagtail
5050;94,71463981;18,73201468;1997;Gebirgsstelze;Bergeronnette des ruisseaux ;Ballerina gialla;Grey Wagtail
5050;95,50051164;12,09804827;1998;Gebirgsstelze;Bergeronnette des ruisseaux ;Ballerina gialla;Grey Wagtail
5050;90,72691982;8,471206468;1999;Gebirgsstelze;Bergeronnette des ruisseaux ;Ballerina gialla;Grey Wagtail
5050;104,6090411;8,578404965;2000;Gebirgsstelze;Bergeronnette des ruisseaux ;Ballerina gialla;Grey Wagtail
5050;121,1500636;9,350619965;2001;Gebirgsstelze;Bergeronnette des ruisseaux ;Ballerina gialla;Grey Wagtail
5050;92,56804346;8,156046075;2002;Gebirgsstelze;Bergeronnette des ruisseaux ;Ballerina gialla;Grey Wagtail
5050;110,1411507;8,796664672;2003;Gebirgsstelze;Bergeronnette des ruisseaux ;Ballerina gialla;Grey Wagtail
5050;97,50094107;8,29905106;2004;Gebirgsstelze;Bergeronnette des ruisseaux ;Ballerina gialla;Grey Wagtail
5050;110,1529635;8,833801918;2005;Gebirgsstelze;Bergeronnette des ruisseaux ;Ballerina gialla;Grey Wagtail
5050;89,53240712;7,973235368;2006;Gebirgsstelze;Bergeronnette des ruisseaux ;Ballerina gialla;Grey Wagtail
5050;107,451052;8,694324625;2007;Gebirgsstelze;Bergeronnette des ruisseaux ;Ballerina gialla;Grey Wagtail
5050;94,60658441;8,172006748;2008;Gebirgsstelze;Bergeronnette des ruisseaux ;Ballerina gialla;Grey Wagtail
5050;85,59643351;7,788147257;2009;Gebirgsstelze;Bergeronnette des ruisseaux ;Ballerina gialla;Grey Wagtail
5050;93,70556932;8,134572064;2010;Gebirgsstelze;Bergeronnette des ruisseaux ;Ballerina gialla;Grey Wagtail
5050;98,39117478;8,373174159;2011;Gebirgsstelze;Bergeronnette des ruisseaux ;Ballerina gialla;Grey Wagtail
5050;78,23506355;7,537215513;2012;Gebirgsstelze;Bergeronnette des ruisseaux ;Ballerina gialla;Grey Wagtail
5050;79,75789158;7,636617397;2013;Gebirgsstelze;Bergeronnette des ruisseaux ;Ballerina gialla;Grey Wagtail
5050;105,4602952;8,60961647;2014;Gebirgsstelze;Bergeronnette des ruisseaux ;Ballerina gialla;Grey Wagtail
5050;106,3197806;8,641327002;2015;Gebirgsstelze;Bergeronnette des ruisseaux ;Ballerina gialla;Grey Wagtail
5050;128,5258471;9,510241869;2016;Gebirgsstelze;Bergeronnette des ruisseaux ;Ballerina gialla;Grey Wagtail
5050;94,99426641;8,204756242;2017;Gebirgsstelze;Bergeronnette des ruisseaux ;Ballerina gialla;Grey Wagtail
5050;88,59110197;7,931163886;2018;Gebirgsstelze;Bergeronnette des ruisseaux ;Ballerina gialla;Grey Wagtail
5050;103,3201535;8,586758469;2019;Gebirgsstelze;Bergeronnette des ruisseaux ;Ballerina gialla;Grey Wagtail
5050;115,1724209;9,005729023;2020;Gebirgsstelze;Bergeronnette des ruisseaux ;Ballerina gialla;Grey Wagtail
5050;102,805437;8,507437857;2021;Gebirgsstelze;Bergeronnette des ruisseaux ;Ballerina gialla;Grey Wagtail
5050;94,17654592;8,174552559;2022;Gebirgsstelze;Bergeronnette des ruisseaux ;Ballerina gialla;Grey Wagtail
5030;96,27708195;NA;1990;Bachstelze;Bergeronnette grise ;Ballerina bianca;White Wagtail 
5030;95,81495196;10,0126926;1991;Bachstelze;Bergeronnette grise ;Ballerina bianca;White Wagtail 
5030;101,8033865;10,37453124;1992;Bachstelze;Bergeronnette grise ;Ballerina bianca;White Wagtail 
5030;110,6801334;11,95382181;1993;Bachstelze;Bergeronnette grise ;Ballerina bianca;White Wagtail 
5030;120,5292789;12,40918757;1994;Bachstelze;Bergeronnette grise ;Ballerina bianca;White Wagtail 
5030;108,9182628;11,41261211;1995;Bachstelze;Bergeronnette grise ;Ballerina bianca;White Wagtail 
5030;104,7302097;11,11015513;1996;Bachstelze;Bergeronnette grise ;Ballerina bianca;White Wagtail 
5030;103,2956812;11,72296465;1997;Bachstelze;Bergeronnette grise ;Ballerina bianca;White Wagtail 
5030;100,4603212;4,339034864;1998;Bachstelze;Bergeronnette grise ;Ballerina bianca;White Wagtail 
5030;97,50488666;3,170025564;1999;Bachstelze;Bergeronnette grise ;Ballerina bianca;White Wagtail 
5030;105,5536668;3,165200897;2000;Bachstelze;Bergeronnette grise ;Ballerina bianca;White Wagtail 
5030;103,7975991;3,153082715;2001;Bachstelze;Bergeronnette grise ;Ballerina bianca;White Wagtail 
5030;100,3617892;3,109898513;2002;Bachstelze;Bergeronnette grise ;Ballerina bianca;White Wagtail 
5030;103,7224988;3,140427205;2003;Bachstelze;Bergeronnette grise ;Ballerina bianca;White Wagtail 
5030;108,5658874;3,203540126;2004;Bachstelze;Bergeronnette grise ;Ballerina bianca;White Wagtail 
5030;100,244164;3,085042619;2005;Bachstelze;Bergeronnette grise ;Ballerina bianca;White Wagtail 
5030;101,1280165;3,100993757;2006;Bachstelze;Bergeronnette grise ;Ballerina bianca;White Wagtail 
5030;105,3202196;3,156317933;2007;Bachstelze;Bergeronnette grise ;Ballerina bianca;White Wagtail 
5030;106,3476452;3,165813558;2008;Bachstelze;Bergeronnette grise ;Ballerina bianca;White Wagtail 
5030;100,0435322;3,074793053;2009;Bachstelze;Bergeronnette grise ;Ballerina bianca;White Wagtail 
5030;98,5360269;3,052545431;2010;Bachstelze;Bergeronnette grise ;Ballerina bianca;White Wagtail 
5030;105,4332356;3,153476975;2011;Bachstelze;Bergeronnette grise ;Ballerina bianca;White Wagtail 
5030;100,7067855;3,118218755;2012;Bachstelze;Bergeronnette grise ;Ballerina bianca;White Wagtail 
5030;88,86243342;2,947054193;2013;Bachstelze;Bergeronnette grise ;Ballerina bianca;White Wagtail 
5030;93,21451889;2,979369714;2014;Bachstelze;Bergeronnette grise ;Ballerina bianca;White Wagtail 
5030;94,70447652;2,995205456;2015;Bachstelze;Bergeronnette grise ;Ballerina bianca;White Wagtail 
5030;98,65471274;3,073261654;2016;Bachstelze;Bergeronnette grise ;Ballerina bianca;White Wagtail 
5030;85,65077114;2,863078545;2017;Bachstelze;Bergeronnette grise ;Ballerina bianca;White Wagtail 
5030;91,12611224;2,951193828;2018;Bachstelze;Bergeronnette grise ;Ballerina bianca;White Wagtail 
5030;94,36597162;3,006501744;2019;Bachstelze;Bergeronnette grise ;Ballerina bianca;White Wagtail 
5030;98,32120021;3,054526609;2020;Bachstelze;Bergeronnette grise ;Ballerina bianca;White Wagtail 
5030;91,25996098;2,946553965;2021;Bachstelze;Bergeronnette grise ;Ballerina bianca;White Wagtail 
5030;84,06458123;2,833947107;2022;Bachstelze;Bergeronnette grise ;Ballerina bianca;White Wagtail 
3970;83,97870733;NA;1990;Wasseramsel;Cincle plongeur ;Merlo acquaiolo ;White-throated Dipper 
3970;88,44637456;20,9870863;1991;Wasseramsel;Cincle plongeur ;Merlo acquaiolo ;White-throated Dipper 
3970;87,74095342;21,23302895;1992;Wasseramsel;Cincle plongeur ;Merlo acquaiolo ;White-throated Dipper 
3970;95,66854339;23,15648326;1993;Wasseramsel;Cincle plongeur ;Merlo acquaiolo ;White-throated Dipper 
3970;95,42500514;23,41135951;1994;Wasseramsel;Cincle plongeur ;Merlo acquaiolo ;White-throated Dipper 
3970;96,6426964;23,83855207;1995;Wasseramsel;Cincle plongeur ;Merlo acquaiolo ;White-throated Dipper 
3970;94,44245427;23,8345816;1996;Wasseramsel;Cincle plongeur ;Merlo acquaiolo ;White-throated Dipper 
3970;78,18417653;20,16821105;1997;Wasseramsel;Cincle plongeur ;Merlo acquaiolo ;White-throated Dipper 
3970;81,28718976;17,20392212;1998;Wasseramsel;Cincle plongeur ;Merlo acquaiolo ;White-throated Dipper 
3970;83,3583966;13,18168238;1999;Wasseramsel;Cincle plongeur ;Merlo acquaiolo ;White-throated Dipper 
3970;87,04757546;12,92077308;2000;Wasseramsel;Cincle plongeur ;Merlo acquaiolo ;White-throated Dipper 
3970;84,94492885;12,80374682;2001;Wasseramsel;Cincle plongeur ;Merlo acquaiolo ;White-throated Dipper 
3970;90,00635974;13,15966252;2002;Wasseramsel;Cincle plongeur ;Merlo acquaiolo ;White-throated Dipper 
3970;89,60779827;13,102533;2003;Wasseramsel;Cincle plongeur ;Merlo acquaiolo ;White-throated Dipper 
3970;84,66697959;12,76261359;2004;Wasseramsel;Cincle plongeur ;Merlo acquaiolo ;White-throated Dipper 
3970;94,37948008;13,59374252;2005;Wasseramsel;Cincle plongeur ;Merlo acquaiolo ;White-throated Dipper 
3970;110,993272;14,57751769;2006;Wasseramsel;Cincle plongeur ;Merlo acquaiolo ;White-throated Dipper 
3970;108,2949352;14,39950221;2007;Wasseramsel;Cincle plongeur ;Merlo acquaiolo ;White-throated Dipper 
3970;89,60779827;13,102533;2008;Wasseramsel;Cincle plongeur ;Merlo acquaiolo ;White-throated Dipper 
3970;133,131586;15,82753495;2009;Wasseramsel;Cincle plongeur ;Merlo acquaiolo ;White-throated Dipper 
3970;115,2100263;14,7787005;2010;Wasseramsel;Cincle plongeur ;Merlo acquaiolo ;White-throated Dipper 
3970;126,9587754;15,56867383;2011;Wasseramsel;Cincle plongeur ;Merlo acquaiolo ;White-throated Dipper 
3970;123,6355854;15,65792076;2012;Wasseramsel;Cincle plongeur ;Merlo acquaiolo ;White-throated Dipper 
3970;101,5635326;14,40760811;2013;Wasseramsel;Cincle plongeur ;Merlo acquaiolo ;White-throated Dipper 
3970;97,28846669;13,63101509;2014;Wasseramsel;Cincle plongeur ;Merlo acquaiolo ;White-throated Dipper 
3970;122,8906948;15,23907105;2015;Wasseramsel;Cincle plongeur ;Merlo acquaiolo ;White-throated Dipper 
3970;94,93050574;13,48570205;2016;Wasseramsel;Cincle plongeur ;Merlo acquaiolo ;White-throated Dipper 
3970;102,7502466;14,01589853;2017;Wasseramsel;Cincle plongeur ;Merlo acquaiolo ;White-throated Dipper 
3970;107,5293579;14,30028039;2018;Wasseramsel;Cincle plongeur ;Merlo acquaiolo ;White-throated Dipper 
3970;113,0137277;14,66741089;2019;Wasseramsel;Cincle plongeur ;Merlo acquaiolo ;White-throated Dipper 
3970;112,6498035;14,62131876;2020;Wasseramsel;Cincle plongeur ;Merlo acquaiolo ;White-throated Dipper 
3970;117,7702491;14,93407908;2021;Wasseramsel;Cincle plongeur ;Merlo acquaiolo ;White-throated Dipper 
3970;105,9538173;14,2658361;2022;Wasseramsel;Cincle plongeur ;Merlo acquaiolo ;White-throated Dipper 
3980;81,65649525;NA;1990;Zaunkönig;Troglodyte mignon ;Scricciolo;Eurasian Wren
3980;59,10297126;4,887131613;1991;Zaunkönig;Troglodyte mignon ;Scricciolo;Eurasian Wren
3980;67,25228949;6,322268398;1992;Zaunkönig;Troglodyte mignon ;Scricciolo;Eurasian Wren
3980;78,77402097;7,504470772;1993;Zaunkönig;Troglodyte mignon ;Scricciolo;Eurasian Wren
3980;75,52409246;7,102618144;1994;Zaunkönig;Troglodyte mignon ;Scricciolo;Eurasian Wren
3980;80,98691199;7,555054006;1995;Zaunkönig;Troglodyte mignon ;Scricciolo;Eurasian Wren
3980;85,64949787;7,899484654;1996;Zaunkönig;Troglodyte mignon ;Scricciolo;Eurasian Wren
3980;86,37624068;8,317948604;1997;Zaunkönig;Troglodyte mignon ;Scricciolo;Eurasian Wren
3980;89,06110624;2,565744865;1998;Zaunkönig;Troglodyte mignon ;Scricciolo;Eurasian Wren
3980;87,49716365;2,187227981;1999;Zaunkönig;Troglodyte mignon ;Scricciolo;Eurasian Wren
3980;96,99011304;2,205171627;2000;Zaunkönig;Troglodyte mignon ;Scricciolo;Eurasian Wren
3980;115,2691252;2,39593481;2001;Zaunkönig;Troglodyte mignon ;Scricciolo;Eurasian Wren
3980;101,9522547;2,244884833;2002;Zaunkönig;Troglodyte mignon ;Scricciolo;Eurasian Wren
3980;106,0746686;2,279998582;2003;Zaunkönig;Troglodyte mignon ;Scricciolo;Eurasian Wren
3980;98,69265387;2,203339043;2004;Zaunkönig;Troglodyte mignon ;Scricciolo;Eurasian Wren
3980;94,01756462;2,153163699;2005;Zaunkönig;Troglodyte mignon ;Scricciolo;Eurasian Wren
3980;85,01808919;2,058026884;2006;Zaunkönig;Troglodyte mignon ;Scricciolo;Eurasian Wren
3980;120,0618299;2,431296529;2007;Zaunkönig;Troglodyte mignon ;Scricciolo;Eurasian Wren
3980;116,7268014;2,383065519;2008;Zaunkönig;Troglodyte mignon ;Scricciolo;Eurasian Wren
3980;94,83563968;2,156147507;2009;Zaunkönig;Troglodyte mignon ;Scricciolo;Eurasian Wren
3980;106,484865;2,282906559;2010;Zaunkönig;Troglodyte mignon ;Scricciolo;Eurasian Wren
3980;100,1177176;2,217747668;2011;Zaunkönig;Troglodyte mignon ;Scricciolo;Eurasian Wren
3980;93,22720485;2,153920113;2012;Zaunkönig;Troglodyte mignon ;Scricciolo;Eurasian Wren
3980;82,66814337;2,024025111;2013;Zaunkönig;Troglodyte mignon ;Scricciolo;Eurasian Wren
3980;119,6161228;2,409129572;2014;Zaunkönig;Troglodyte mignon ;Scricciolo;Eurasian Wren
3980;132,9427;2,528034159;2015;Zaunkönig;Troglodyte mignon ;Scricciolo;Eurasian Wren
3980;137,4479648;2,577354502;2016;Zaunkönig;Troglodyte mignon ;Scricciolo;Eurasian Wren
3980;113,6037028;2,358057897;2017;Zaunkönig;Troglodyte mignon ;Scricciolo;Eurasian Wren
3980;101,2894754;2,229693448;2018;Zaunkönig;Troglodyte mignon ;Scricciolo;Eurasian Wren
3980;109,6634142;2,318970229;2019;Zaunkönig;Troglodyte mignon ;Scricciolo;Eurasian Wren
3980;128,4435607;2,497337422;2020;Zaunkönig;Troglodyte mignon ;Scricciolo;Eurasian Wren
3980;129,7917669;2,523721935;2021;Zaunkönig;Troglodyte mignon ;Scricciolo;Eurasian Wren
3980;123,1838315;2,504563757;2022;Zaunkönig;Troglodyte mignon ;Scricciolo;Eurasian Wren
4900;105,11058;NA;1990;Heckenbraunelle;Accenteur mouchet ;Passera scopaiola ;Dunnock 
4900;91,6038705;10,23560514;1991;Heckenbraunelle;Accenteur mouchet ;Passera scopaiola ;Dunnock 
4900;94,43134511;10,59481783;1992;Heckenbraunelle;Accenteur mouchet ;Passera scopaiola ;Dunnock 
4900;106,2142411;10,01666002;1993;Heckenbraunelle;Accenteur mouchet ;Passera scopaiola ;Dunnock 
4900;91,78255849;10,7022892;1994;Heckenbraunelle;Accenteur mouchet ;Passera scopaiola ;Dunnock 
4900;97,60568462;11,7548082;1995;Heckenbraunelle;Accenteur mouchet ;Passera scopaiola ;Dunnock 
4900;98,58321302;11,6158256;1996;Heckenbraunelle;Accenteur mouchet ;Passera scopaiola ;Dunnock 
4900;85,19212512;11,00351548;1997;Heckenbraunelle;Accenteur mouchet ;Passera scopaiola ;Dunnock 
4900;85,30249123;3,845998993;1998;Heckenbraunelle;Accenteur mouchet ;Passera scopaiola ;Dunnock 
4900;87,0491595;3,19994727;1999;Heckenbraunelle;Accenteur mouchet ;Passera scopaiola ;Dunnock 
4900;92,24649637;3,14931901;2000;Heckenbraunelle;Accenteur mouchet ;Passera scopaiola ;Dunnock 
4900;96,43712447;3,241310693;2001;Heckenbraunelle;Accenteur mouchet ;Passera scopaiola ;Dunnock 
4900;101,4216238;3,28438689;2002;Heckenbraunelle;Accenteur mouchet ;Passera scopaiola ;Dunnock 
4900;98,69627145;3,231034552;2003;Heckenbraunelle;Accenteur mouchet ;Passera scopaiola ;Dunnock 
4900;102,2055156;3,282377745;2004;Heckenbraunelle;Accenteur mouchet ;Passera scopaiola ;Dunnock 
4900;103,9231593;3,309010348;2005;Heckenbraunelle;Accenteur mouchet ;Passera scopaiola ;Dunnock 
4900;100,2526897;3,284242593;2006;Heckenbraunelle;Accenteur mouchet ;Passera scopaiola ;Dunnock 
4900;99,59712207;3,26367801;2007;Heckenbraunelle;Accenteur mouchet ;Passera scopaiola ;Dunnock 
4900;99,75718912;3,254681575;2008;Heckenbraunelle;Accenteur mouchet ;Passera scopaiola ;Dunnock 
4900;97,36108063;3,207827965;2009;Heckenbraunelle;Accenteur mouchet ;Passera scopaiola ;Dunnock 
4900;97,13828639;3,204638991;2010;Heckenbraunelle;Accenteur mouchet ;Passera scopaiola ;Dunnock 
4900;96,6956533;3,196958002;2011;Heckenbraunelle;Accenteur mouchet ;Passera scopaiola ;Dunnock 
4900;101,5531141;3,280105459;2012;Heckenbraunelle;Accenteur mouchet ;Passera scopaiola ;Dunnock 
4900;98,42280173;3,234779254;2013;Heckenbraunelle;Accenteur mouchet ;Passera scopaiola ;Dunnock 
4900;107,6871509;3,360171568;2014;Heckenbraunelle;Accenteur mouchet ;Passera scopaiola ;Dunnock 
4900;121,7949129;3,566115824;2015;Heckenbraunelle;Accenteur mouchet ;Passera scopaiola ;Dunnock 
4900;117,4791844;3,512853815;2016;Heckenbraunelle;Accenteur mouchet ;Passera scopaiola ;Dunnock 
4900;110,3639864;3,423354461;2017;Heckenbraunelle;Accenteur mouchet ;Passera scopaiola ;Dunnock 
4900;99,28351798;3,240380599;2018;Heckenbraunelle;Accenteur mouchet ;Passera scopaiola ;Dunnock 
4900;108,1328287;3,391446307;2019;Heckenbraunelle;Accenteur mouchet ;Passera scopaiola ;Dunnock 
4900;104,3384641;3,324451996;2020;Heckenbraunelle;Accenteur mouchet ;Passera scopaiola ;Dunnock 
4900;107,9503077;3,391281822;2021;Heckenbraunelle;Accenteur mouchet ;Passera scopaiola ;Dunnock 
4900;94,38625006;3,224986664;2022;Heckenbraunelle;Accenteur mouchet ;Passera scopaiola ;Dunnock 
4910;113,6726469;4,653213059;1990;Alpenbraunelle;Accenteur alpin ;Sordone ;Alpine Accentor 
4910;112,4858986;4,467393341;1991;Alpenbraunelle;Accenteur alpin ;Sordone ;Alpine Accentor 
4910;111,766912;4,182550103;1992;Alpenbraunelle;Accenteur alpin ;Sordone ;Alpine Accentor 
4910;112,5551553;4,181268412;1993;Alpenbraunelle;Accenteur alpin ;Sordone ;Alpine Accentor 
4910;113,5473118;3,939084611;1994;Alpenbraunelle;Accenteur alpin ;Sordone ;Alpine Accentor 
4910;110,4668521;4,0059822;1995;Alpenbraunelle;Accenteur alpin ;Sordone ;Alpine Accentor 
4910;106,4656773;3,765937891;1996;Alpenbraunelle;Accenteur alpin ;Sordone ;Alpine Accentor 
4910;104,8372027;3,881058257;1997;Alpenbraunelle;Accenteur alpin ;Sordone ;Alpine Accentor 
4910;103,7323649;3,672966735;1998;Alpenbraunelle;Accenteur alpin ;Sordone ;Alpine Accentor 
4910;97,2810051;8,366643539;1999;Alpenbraunelle;Accenteur alpin ;Sordone ;Alpine Accentor 
4910;96,97097538;8,120157269;2000;Alpenbraunelle;Accenteur alpin ;Sordone ;Alpine Accentor 
4910;90,31268017;8,002963073;2001;Alpenbraunelle;Accenteur alpin ;Sordone ;Alpine Accentor 
4910;92,3395357;8,078541422;2002;Alpenbraunelle;Accenteur alpin ;Sordone ;Alpine Accentor 
4910;91,24116873;7,889253375;2003;Alpenbraunelle;Accenteur alpin ;Sordone ;Alpine Accentor 
4910;90,45799942;7,854133769;2004;Alpenbraunelle;Accenteur alpin ;Sordone ;Alpine Accentor 
4910;96,97097538;8,120157269;2005;Alpenbraunelle;Accenteur alpin ;Sordone ;Alpine Accentor 
4910;91,90532741;7,914163704;2006;Alpenbraunelle;Accenteur alpin ;Sordone ;Alpine Accentor 
4910;109,9969273;8,623147442;2007;Alpenbraunelle;Accenteur alpin ;Sordone ;Alpine Accentor 
4910;111,4442553;8,67686876;2008;Alpenbraunelle;Accenteur alpin ;Sordone ;Alpine Accentor 
4910;97,69463938;8,149081736;2009;Alpenbraunelle;Accenteur alpin ;Sordone ;Alpine Accentor 
4910;103,4839513;8,376198755;2010;Alpenbraunelle;Accenteur alpin ;Sordone ;Alpine Accentor 
4910;94,96565506;8,108417402;2011;Alpenbraunelle;Accenteur alpin ;Sordone ;Alpine Accentor 
4910;99,46752588;8,232894666;2012;Alpenbraunelle;Accenteur alpin ;Sordone ;Alpine Accentor 
4910;82,30867703;7,530062995;2013;Alpenbraunelle;Accenteur alpin ;Sordone ;Alpine Accentor 
4910;98,41830337;8,177884438;2014;Alpenbraunelle;Accenteur alpin ;Sordone ;Alpine Accentor 
4910;103,6236002;8,476458767;2015;Alpenbraunelle;Accenteur alpin ;Sordone ;Alpine Accentor 
4910;108,7999284;8,588274471;2016;Alpenbraunelle;Accenteur alpin ;Sordone ;Alpine Accentor 
4910;113,8891546;8,777217467;2017;Alpenbraunelle;Accenteur alpin ;Sordone ;Alpine Accentor 
4910;79,60303949;7,385631674;2018;Alpenbraunelle;Accenteur alpin ;Sordone ;Alpine Accentor 
4910;78,25719271;7,329866594;2019;Alpenbraunelle;Accenteur alpin ;Sordone ;Alpine Accentor 
4910;98,67413398;8,353400893;2020;Alpenbraunelle;Accenteur alpin ;Sordone ;Alpine Accentor 
4910;91,18166342;7,884215964;2021;Alpenbraunelle;Accenteur alpin ;Sordone ;Alpine Accentor 
4910;91,18166342;7,884215964;2022;Alpenbraunelle;Accenteur alpin ;Sordone ;Alpine Accentor 
4000;82,27192832;NA;1990;Rotkehlchen;Rougegorge familier ;Pettirosso;European Robin
4000;73,61692146;6,072737888;1991;Rotkehlchen;Rougegorge familier ;Pettirosso;European Robin
4000;76,2167144;7,050236539;1992;Rotkehlchen;Rougegorge familier ;Pettirosso;European Robin
4000;88,0391905;8,223311655;1993;Rotkehlchen;Rougegorge familier ;Pettirosso;European Robin
4000;95,3860737;8,784719526;1994;Rotkehlchen;Rougegorge familier ;Pettirosso;European Robin
4000;92,37492112;8,638911507;1995;Rotkehlchen;Rougegorge familier ;Pettirosso;European Robin
4000;95,35316493;8,799966898;1996;Rotkehlchen;Rougegorge familier ;Pettirosso;European Robin
4000;86,21275369;8,346746926;1997;Rotkehlchen;Rougegorge familier ;Pettirosso;European Robin
4000;90,36748607;2,700316431;1998;Rotkehlchen;Rougegorge familier ;Pettirosso;European Robin
4000;90,72907606;2,179755539;1999;Rotkehlchen;Rougegorge familier ;Pettirosso;European Robin
4000;88,18084243;2,061523547;2000;Rotkehlchen;Rougegorge familier ;Pettirosso;European Robin
4000;90,47364466;2,084593195;2001;Rotkehlchen;Rougegorge familier ;Pettirosso;European Robin
4000;88,52616748;2,055378455;2002;Rotkehlchen;Rougegorge familier ;Pettirosso;European Robin
4000;89,1461265;2,054748488;2003;Rotkehlchen;Rougegorge familier ;Pettirosso;European Robin
4000;91,23008671;2,07646725;2004;Rotkehlchen;Rougegorge familier ;Pettirosso;European Robin
4000;102,1515145;2,190018593;2005;Rotkehlchen;Rougegorge familier ;Pettirosso;European Robin
4000;99,68358618;2,17306967;2006;Rotkehlchen;Rougegorge familier ;Pettirosso;European Robin
4000;115,9700993;2,335777919;2007;Rotkehlchen;Rougegorge familier ;Pettirosso;European Robin
4000;102,5520986;2,190652157;2008;Rotkehlchen;Rougegorge familier ;Pettirosso;European Robin
4000;93,97484946;2,101528448;2009;Rotkehlchen;Rougegorge familier ;Pettirosso;European Robin
4000;103,9286254;2,198011502;2010;Rotkehlchen;Rougegorge familier ;Pettirosso;European Robin
4000;104,036342;2,206450627;2011;Rotkehlchen;Rougegorge familier ;Pettirosso;European Robin
4000;95,44421527;2,116850084;2012;Rotkehlchen;Rougegorge familier ;Pettirosso;European Robin
4000;93,91342791;2,098963749;2013;Rotkehlchen;Rougegorge familier ;Pettirosso;European Robin
4000;101,6215522;2,172854026;2014;Rotkehlchen;Rougegorge familier ;Pettirosso;European Robin
4000;116,1408443;2,314395787;2015;Rotkehlchen;Rougegorge familier ;Pettirosso;European Robin
4000;117,5029487;2,337805813;2016;Rotkehlchen;Rougegorge familier ;Pettirosso;European Robin
4000;118,2256743;2,342502079;2017;Rotkehlchen;Rougegorge familier ;Pettirosso;European Robin
4000;101,5246681;2,175802594;2018;Rotkehlchen;Rougegorge familier ;Pettirosso;European Robin
4000;112,9559729;2,28454768;2019;Rotkehlchen;Rougegorge familier ;Pettirosso;European Robin
4000;127,0042103;2,416694981;2020;Rotkehlchen;Rougegorge familier ;Pettirosso;European Robin
4000;137,8353195;2,524854374;2021;Rotkehlchen;Rougegorge familier ;Pettirosso;European Robin
4000;137,408953;2,561468774;2022;Rotkehlchen;Rougegorge familier ;Pettirosso;European Robin
4020;92,08967472;6,71593041;1990;Nachtigall;Rossignol philomèle ;Usignolo;Common Nightingale
4020;88,39796578;7,820553491;1991;Nachtigall;Rossignol philomèle ;Usignolo;Common Nightingale
4020;95,08157839;9,42224395;1992;Nachtigall;Rossignol philomèle ;Usignolo;Common Nightingale
4020;94,26588546;9,231537986;1993;Nachtigall;Rossignol philomèle ;Usignolo;Common Nightingale
4020;89,19335665;7,386101277;1994;Nachtigall;Rossignol philomèle ;Usignolo;Common Nightingale
4020;84,24558069;5,618301571;1995;Nachtigall;Rossignol philomèle ;Usignolo;Common Nightingale
4020;81,97468489;5,817775529;1996;Nachtigall;Rossignol philomèle ;Usignolo;Common Nightingale
4020;77,17839641;5,634528395;1997;Nachtigall;Rossignol philomèle ;Usignolo;Common Nightingale
4020;64,75946839;4,930359409;1998;Nachtigall;Rossignol philomèle ;Usignolo;Common Nightingale
4020;66,92195256;5,095913441;1999;Nachtigall;Rossignol philomèle ;Usignolo;Common Nightingale
4020;82,509596;4,637484381;2000;Nachtigall;Rossignol philomèle ;Usignolo;Common Nightingale
4020;76,98858087;5,022040277;2001;Nachtigall;Rossignol philomèle ;Usignolo;Common Nightingale
4020;79,19813266;4,047234617;2002;Nachtigall;Rossignol philomèle ;Usignolo;Common Nightingale
4020;71,00564768;4,542994975;2003;Nachtigall;Rossignol philomèle ;Usignolo;Common Nightingale
4020;78,58678097;3,759417052;2004;Nachtigall;Rossignol philomèle ;Usignolo;Common Nightingale
4020;84,55441366;4,042133909;2005;Nachtigall;Rossignol philomèle ;Usignolo;Common Nightingale
4020;104,2983191;5,240266375;2006;Nachtigall;Rossignol philomèle ;Usignolo;Common Nightingale
4020;108,6254464;5,229014251;2007;Nachtigall;Rossignol philomèle ;Usignolo;Common Nightingale
4020;90,11518279;4,299933523;2008;Nachtigall;Rossignol philomèle ;Usignolo;Common Nightingale
4020;92,99818029;4,401743298;2009;Nachtigall;Rossignol philomèle ;Usignolo;Common Nightingale
4020;106,7543999;5,028931865;2010;Nachtigall;Rossignol philomèle ;Usignolo;Common Nightingale
4020;104,0989523;5,165808508;2011;Nachtigall;Rossignol philomèle ;Usignolo;Common Nightingale
4020;113,2313315;5,234326502;2012;Nachtigall;Rossignol philomèle ;Usignolo;Common Nightingale
4020;105,7732607;5,151732799;2013;Nachtigall;Rossignol philomèle ;Usignolo;Common Nightingale
4020;124,4152431;5,862804107;2014;Nachtigall;Rossignol philomèle ;Usignolo;Common Nightingale
4020;132,2886665;5,578423646;2015;Nachtigall;Rossignol philomèle ;Usignolo;Common Nightingale
4020;134,784531;5,987036152;2016;Nachtigall;Rossignol philomèle ;Usignolo;Common Nightingale
4020;121,2462239;5,81097004;2017;Nachtigall;Rossignol philomèle ;Usignolo;Common Nightingale
4020;121,3799094;5,237267919;2018;Nachtigall;Rossignol philomèle ;Usignolo;Common Nightingale
4020;125,8005262;5,675101881;2019;Nachtigall;Rossignol philomèle ;Usignolo;Common Nightingale
4020;138,6519848;5,76051374;2020;Nachtigall;Rossignol philomèle ;Usignolo;Common Nightingale
4020;136,4808127;5,815500026;2021;Nachtigall;Rossignol philomèle ;Usignolo;Common Nightingale
4020;132,1053338;8,269172319;2022;Nachtigall;Rossignol philomèle ;Usignolo;Common Nightingale
4041;37,07865169;0;1990;Rotsterniges Blaukehlchen;Gorgebleue à miroir ;Pettazzurro ;Bluethroat
4041;74,15730337;0;1991;Rotsterniges Blaukehlchen;Gorgebleue à miroir ;Pettazzurro ;Bluethroat
4041;55,61797753;0;1992;Rotsterniges Blaukehlchen;Gorgebleue à miroir ;Pettazzurro ;Bluethroat
4041;18,53932584;0;1993;Rotsterniges Blaukehlchen;Gorgebleue à miroir ;Pettazzurro ;Bluethroat
4041;18,53932584;0;1994;Rotsterniges Blaukehlchen;Gorgebleue à miroir ;Pettazzurro ;Bluethroat
4041;18,53932584;0;1995;Rotsterniges Blaukehlchen;Gorgebleue à miroir ;Pettazzurro ;Bluethroat
4041;74,15730337;0;1996;Rotsterniges Blaukehlchen;Gorgebleue à miroir ;Pettazzurro ;Bluethroat
4041;37,07865169;0;1997;Rotsterniges Blaukehlchen;Gorgebleue à miroir ;Pettazzurro ;Bluethroat
4041;18,53932584;0;1998;Rotsterniges Blaukehlchen;Gorgebleue à miroir ;Pettazzurro ;Bluethroat
4041;74,15730337;0;1999;Rotsterniges Blaukehlchen;Gorgebleue à miroir ;Pettazzurro ;Bluethroat
4041;74,15730337;0;2000;Rotsterniges Blaukehlchen;Gorgebleue à miroir ;Pettazzurro ;Bluethroat
4041;111,2359551;0;2001;Rotsterniges Blaukehlchen;Gorgebleue à miroir ;Pettazzurro ;Bluethroat
4041;111,2359551;0;2002;Rotsterniges Blaukehlchen;Gorgebleue à miroir ;Pettazzurro ;Bluethroat
4041;166,8539326;0;2003;Rotsterniges Blaukehlchen;Gorgebleue à miroir ;Pettazzurro ;Bluethroat
4041;129,7752809;0;2004;Rotsterniges Blaukehlchen;Gorgebleue à miroir ;Pettazzurro ;Bluethroat
4041;129,7752809;0;2005;Rotsterniges Blaukehlchen;Gorgebleue à miroir ;Pettazzurro ;Bluethroat
4041;92,69662921;0;2006;Rotsterniges Blaukehlchen;Gorgebleue à miroir ;Pettazzurro ;Bluethroat
4041;55,61797753;0;2007;Rotsterniges Blaukehlchen;Gorgebleue à miroir ;Pettazzurro ;Bluethroat
4041;111,2359551;0;2008;Rotsterniges Blaukehlchen;Gorgebleue à miroir ;Pettazzurro ;Bluethroat
4041;92,69662921;0;2009;Rotsterniges Blaukehlchen;Gorgebleue à miroir ;Pettazzurro ;Bluethroat
4041;166,8539326;0;2010;Rotsterniges Blaukehlchen;Gorgebleue à miroir ;Pettazzurro ;Bluethroat
4041;185,3932584;0;2011;Rotsterniges Blaukehlchen;Gorgebleue à miroir ;Pettazzurro ;Bluethroat
4041;74,15730337;0;2012;Rotsterniges Blaukehlchen;Gorgebleue à miroir ;Pettazzurro ;Bluethroat
4041;92,69662921;0;2013;Rotsterniges Blaukehlchen;Gorgebleue à miroir ;Pettazzurro ;Bluethroat
4041;74,15730337;0;2014;Rotsterniges Blaukehlchen;Gorgebleue à miroir ;Pettazzurro ;Bluethroat
4041;185,3932584;0;2015;Rotsterniges Blaukehlchen;Gorgebleue à miroir ;Pettazzurro ;Bluethroat
4041;148,3146067;0;2016;Rotsterniges Blaukehlchen;Gorgebleue à miroir ;Pettazzurro ;Bluethroat
4041;148,3146067;0;2017;Rotsterniges Blaukehlchen;Gorgebleue à miroir ;Pettazzurro ;Bluethroat
4041;111,2359551;0;2018;Rotsterniges Blaukehlchen;Gorgebleue à miroir ;Pettazzurro ;Bluethroat
4041;37,07865169;0;2019;Rotsterniges Blaukehlchen;Gorgebleue à miroir ;Pettazzurro ;Bluethroat
4041;203,9325843;0;2020;Rotsterniges Blaukehlchen;Gorgebleue à miroir ;Pettazzurro ;Bluethroat
4041;148,3146067;0;2021;Rotsterniges Blaukehlchen;Gorgebleue à miroir ;Pettazzurro ;Bluethroat
4041;222,4719101;0;2022;Rotsterniges Blaukehlchen;Gorgebleue à miroir ;Pettazzurro ;Bluethroat
4060;113,4497455;NA;1990;Hausrotschwanz;Rougequeue noir ;Codirosso spazzacamino;Black Redstart
4060;100,0399856;9,221608296;1991;Hausrotschwanz;Rougequeue noir ;Codirosso spazzacamino;Black Redstart
4060;99,72232631;9,966400057;1992;Hausrotschwanz;Rougequeue noir ;Codirosso spazzacamino;Black Redstart
4060;98,00923515;9,789367196;1993;Hausrotschwanz;Rougequeue noir ;Codirosso spazzacamino;Black Redstart
4060;101,5942471;9,981748443;1994;Hausrotschwanz;Rougequeue noir ;Codirosso spazzacamino;Black Redstart
4060;101,2425529;10,02229434;1995;Hausrotschwanz;Rougequeue noir ;Codirosso spazzacamino;Black Redstart
4060;91,98505366;9,523424628;1996;Hausrotschwanz;Rougequeue noir ;Codirosso spazzacamino;Black Redstart
4060;84,02088153;9,34276465;1997;Hausrotschwanz;Rougequeue noir ;Codirosso spazzacamino;Black Redstart
4060;84,09462386;2,396996405;1998;Hausrotschwanz;Rougequeue noir ;Codirosso spazzacamino;Black Redstart
4060;82,14601033;1,888724254;1999;Hausrotschwanz;Rougequeue noir ;Codirosso spazzacamino;Black Redstart
4060;93,61679276;1,923618878;2000;Hausrotschwanz;Rougequeue noir ;Codirosso spazzacamino;Black Redstart
4060;89,15020626;1,884634861;2001;Hausrotschwanz;Rougequeue noir ;Codirosso spazzacamino;Black Redstart
4060;88,67570326;1,878036455;2002;Hausrotschwanz;Rougequeue noir ;Codirosso spazzacamino;Black Redstart
4060;94,46531209;1,916961269;2003;Hausrotschwanz;Rougequeue noir ;Codirosso spazzacamino;Black Redstart
4060;98,23937235;1,947143;2004;Hausrotschwanz;Rougequeue noir ;Codirosso spazzacamino;Black Redstart
4060;95,01575185;1,927246682;2005;Hausrotschwanz;Rougequeue noir ;Codirosso spazzacamino;Black Redstart
4060;95,00429513;1,918100775;2006;Hausrotschwanz;Rougequeue noir ;Codirosso spazzacamino;Black Redstart
4060;96,86788426;1,928156936;2007;Hausrotschwanz;Rougequeue noir ;Codirosso spazzacamino;Black Redstart
4060;96,54886705;1,921993027;2008;Hausrotschwanz;Rougequeue noir ;Codirosso spazzacamino;Black Redstart
4060;95,09152566;1,907490845;2009;Hausrotschwanz;Rougequeue noir ;Codirosso spazzacamino;Black Redstart
4060;98,83897494;1,942428589;2010;Hausrotschwanz;Rougequeue noir ;Codirosso spazzacamino;Black Redstart
4060;107,4247274;2,022943924;2011;Hausrotschwanz;Rougequeue noir ;Codirosso spazzacamino;Black Redstart
4060;105,7114491;2,024456495;2012;Hausrotschwanz;Rougequeue noir ;Codirosso spazzacamino;Black Redstart
4060;99,8814278;1,970898894;2013;Hausrotschwanz;Rougequeue noir ;Codirosso spazzacamino;Black Redstart
4060;104,8289185;1,998638198;2014;Hausrotschwanz;Rougequeue noir ;Codirosso spazzacamino;Black Redstart
4060;107,5176189;2,023463288;2015;Hausrotschwanz;Rougequeue noir ;Codirosso spazzacamino;Black Redstart
4060;107,3895633;2,031723424;2016;Hausrotschwanz;Rougequeue noir ;Codirosso spazzacamino;Black Redstart
4060;100,8556991;1,966651153;2017;Hausrotschwanz;Rougequeue noir ;Codirosso spazzacamino;Black Redstart
4060;106,1045168;2,017015151;2018;Hausrotschwanz;Rougequeue noir ;Codirosso spazzacamino;Black Redstart
4060;114,972688;2,092264464;2019;Hausrotschwanz;Rougequeue noir ;Codirosso spazzacamino;Black Redstart
4060;119,0758227;2,133861914;2020;Hausrotschwanz;Rougequeue noir ;Codirosso spazzacamino;Black Redstart
4060;116,9453002;2,111102519;2021;Hausrotschwanz;Rougequeue noir ;Codirosso spazzacamino;Black Redstart
4060;111,4729206;2,089660082;2022;Hausrotschwanz;Rougequeue noir ;Codirosso spazzacamino;Black Redstart
4070;166,6245312;NA;1990;Gartenrotschwanz;Rougequeue à front blanc;Codirosso comune;Common Redstart 
4070;162,3089559;27,40656139;1991;Gartenrotschwanz;Rougequeue à front blanc;Codirosso comune;Common Redstart 
4070;120,0696372;22,88172478;1992;Gartenrotschwanz;Rougequeue à front blanc;Codirosso comune;Common Redstart 
4070;134,6659461;24,07850064;1993;Gartenrotschwanz;Rougequeue à front blanc;Codirosso comune;Common Redstart 
4070;101,4576771;19,94253522;1994;Gartenrotschwanz;Rougequeue à front blanc;Codirosso comune;Common Redstart 
4070;136,7320903;26,70237664;1995;Gartenrotschwanz;Rougequeue à front blanc;Codirosso comune;Common Redstart 
4070;143,1304723;29,44368015;1996;Gartenrotschwanz;Rougequeue à front blanc;Codirosso comune;Common Redstart 
4070;82,66242993;18,89579037;1997;Gartenrotschwanz;Rougequeue à front blanc;Codirosso comune;Common Redstart 
4070;101,029452;11,65589618;1998;Gartenrotschwanz;Rougequeue à front blanc;Codirosso comune;Common Redstart 
4070;84,93842675;7,719571423;1999;Gartenrotschwanz;Rougequeue à front blanc;Codirosso comune;Common Redstart 
4070;98,94153649;7,83237284;2000;Gartenrotschwanz;Rougequeue à front blanc;Codirosso comune;Common Redstart 
4070;75,29208946;6,886482022;2001;Gartenrotschwanz;Rougequeue à front blanc;Codirosso comune;Common Redstart 
4070;62,74217589;6,310054343;2002;Gartenrotschwanz;Rougequeue à front blanc;Codirosso comune;Common Redstart 
4070;65,2304953;6,433928434;2003;Gartenrotschwanz;Rougequeue à front blanc;Codirosso comune;Common Redstart 
4070;71,95748109;6,722537304;2004;Gartenrotschwanz;Rougequeue à front blanc;Codirosso comune;Common Redstart 
4070;80,01026176;7,113369056;2005;Gartenrotschwanz;Rougequeue à front blanc;Codirosso comune;Common Redstart 
4070;83,48164247;7,226738305;2006;Gartenrotschwanz;Rougequeue à front blanc;Codirosso comune;Common Redstart 
4070;97,26690123;7,773862472;2007;Gartenrotschwanz;Rougequeue à front blanc;Codirosso comune;Common Redstart 
4070;89,34720568;7,460038404;2008;Gartenrotschwanz;Rougequeue à front blanc;Codirosso comune;Common Redstart 
4070;77,95393784;6,987102216;2009;Gartenrotschwanz;Rougequeue à front blanc;Codirosso comune;Common Redstart 
4070;85,74933163;7,31456456;2010;Gartenrotschwanz;Rougequeue à front blanc;Codirosso comune;Common Redstart 
4070;103,0560737;8,029212613;2011;Gartenrotschwanz;Rougequeue à front blanc;Codirosso comune;Common Redstart 
4070;93,89314643;7,937100832;2012;Gartenrotschwanz;Rougequeue à front blanc;Codirosso comune;Common Redstart 
4070;95,79178508;8,038600096;2013;Gartenrotschwanz;Rougequeue à front blanc;Codirosso comune;Common Redstart 
4070;110,367231;8,250780149;2014;Gartenrotschwanz;Rougequeue à front blanc;Codirosso comune;Common Redstart 
4070;108,5996267;8,189128055;2015;Gartenrotschwanz;Rougequeue à front blanc;Codirosso comune;Common Redstart 
4070;95,13242536;7,702854059;2016;Gartenrotschwanz;Rougequeue à front blanc;Codirosso comune;Common Redstart 
4070;100,2937731;7,889149279;2017;Gartenrotschwanz;Rougequeue à front blanc;Codirosso comune;Common Redstart 
4070;97,98658003;7,80595594;2018;Gartenrotschwanz;Rougequeue à front blanc;Codirosso comune;Common Redstart 
4070;83,4475421;7,223865565;2019;Gartenrotschwanz;Rougequeue à front blanc;Codirosso comune;Common Redstart 
4070;98,43247031;7,816734055;2020;Gartenrotschwanz;Rougequeue à front blanc;Codirosso comune;Common Redstart 
4070;97,74224514;7,7869969;2021;Gartenrotschwanz;Rougequeue à front blanc;Codirosso comune;Common Redstart 
4070;93,66442341;7,635124611;2022;Gartenrotschwanz;Rougequeue à front blanc;Codirosso comune;Common Redstart 
4090;127,2999179;13,50798603;1990;Braunkehlchen;Tarier des prés ;Stiaccino ;Whinchat
4090;128,6594305;10,28180694;1991;Braunkehlchen;Tarier des prés ;Stiaccino ;Whinchat
4090;123,4957397;9,631533619;1992;Braunkehlchen;Tarier des prés ;Stiaccino ;Whinchat
4090;119,8216806;8,659899134;1993;Braunkehlchen;Tarier des prés ;Stiaccino ;Whinchat
4090;118,2409136;9,899880581;1994;Braunkehlchen;Tarier des prés ;Stiaccino ;Whinchat
4090;131,7271306;11,40743478;1995;Braunkehlchen;Tarier des prés ;Stiaccino ;Whinchat
4090;131,449612;9,746730167;1996;Braunkehlchen;Tarier des prés ;Stiaccino ;Whinchat
4090;127,5526525;10,79682382;1997;Braunkehlchen;Tarier des prés ;Stiaccino ;Whinchat
4090;121,4127623;9,47318767;1998;Braunkehlchen;Tarier des prés ;Stiaccino ;Whinchat
4090;111,5151159;7,714779303;1999;Braunkehlchen;Tarier des prés ;Stiaccino ;Whinchat
4090;114,8830937;7,013313704;2000;Braunkehlchen;Tarier des prés ;Stiaccino ;Whinchat
4090;109,3412648;6,368349147;2001;Braunkehlchen;Tarier des prés ;Stiaccino ;Whinchat
4090;101,6953187;6,613228142;2002;Braunkehlchen;Tarier des prés ;Stiaccino ;Whinchat
4090;97,37743104;5,777101826;2003;Braunkehlchen;Tarier des prés ;Stiaccino ;Whinchat
4090;96,53236426;5,687042273;2004;Braunkehlchen;Tarier des prés ;Stiaccino ;Whinchat
4090;91,99122506;5,495237887;2005;Braunkehlchen;Tarier des prés ;Stiaccino ;Whinchat
4090;94,55426939;6,097860941;2006;Braunkehlchen;Tarier des prés ;Stiaccino ;Whinchat
4090;103,1167025;6,846801212;2007;Braunkehlchen;Tarier des prés ;Stiaccino ;Whinchat
4090;99,63889272;6,146277225;2008;Braunkehlchen;Tarier des prés ;Stiaccino ;Whinchat
4090;91,74453254;5,204109874;2009;Braunkehlchen;Tarier des prés ;Stiaccino ;Whinchat
4090;85,41303323;5,712932544;2010;Braunkehlchen;Tarier des prés ;Stiaccino ;Whinchat
4090;87,15191389;5,513249486;2011;Braunkehlchen;Tarier des prés ;Stiaccino ;Whinchat
4090;83,92089801;4,325204088;2012;Braunkehlchen;Tarier des prés ;Stiaccino ;Whinchat
4090;74,38922668;4,192092773;2013;Braunkehlchen;Tarier des prés ;Stiaccino ;Whinchat
4090;73,2665228;4,325221447;2014;Braunkehlchen;Tarier des prés ;Stiaccino ;Whinchat
4090;73,48416764;4,383524111;2015;Braunkehlchen;Tarier des prés ;Stiaccino ;Whinchat
4090;74,26481914;4,382192705;2016;Braunkehlchen;Tarier des prés ;Stiaccino ;Whinchat
4090;77,20692861;4,214052974;2017;Braunkehlchen;Tarier des prés ;Stiaccino ;Whinchat
4090;81,84083265;4,673657117;2018;Braunkehlchen;Tarier des prés ;Stiaccino ;Whinchat
4090;83,15402896;5,071101645;2019;Braunkehlchen;Tarier des prés ;Stiaccino ;Whinchat
4090;89,55407034;5,67709284;2020;Braunkehlchen;Tarier des prés ;Stiaccino ;Whinchat
4090;92,5308844;5,806268238;2021;Braunkehlchen;Tarier des prés ;Stiaccino ;Whinchat
4090;81,77262338;6,630192417;2022;Braunkehlchen;Tarier des prés ;Stiaccino ;Whinchat
4100;56,67631662;5,619283648;1990;Schwarzkehlchen;Tarier pâtre;Saltimpalo;European Stonechat
4100;46,93296505;4,935412577;1991;Schwarzkehlchen;Tarier pâtre;Saltimpalo;European Stonechat
4100;50,40995527;4,693216607;1992;Schwarzkehlchen;Tarier pâtre;Saltimpalo;European Stonechat
4100;54,2867787;4,237750762;1993;Schwarzkehlchen;Tarier pâtre;Saltimpalo;European Stonechat
4100;65,84833802;4,293012688;1994;Schwarzkehlchen;Tarier pâtre;Saltimpalo;European Stonechat
4100;81,80970392;4,698418103;1995;Schwarzkehlchen;Tarier pâtre;Saltimpalo;European Stonechat
4100;104,9951766;4,706333834;1996;Schwarzkehlchen;Tarier pâtre;Saltimpalo;European Stonechat
4100;103,2390634;4,701090079;1997;Schwarzkehlchen;Tarier pâtre;Saltimpalo;European Stonechat
4100;100,88708;4,251490172;1998;Schwarzkehlchen;Tarier pâtre;Saltimpalo;European Stonechat
4100;96,91017504;4,378802052;1999;Schwarzkehlchen;Tarier pâtre;Saltimpalo;European Stonechat
4100;94,57360732;4,131051457;2000;Schwarzkehlchen;Tarier pâtre;Saltimpalo;European Stonechat
4100;89,18419884;4,057977076;2001;Schwarzkehlchen;Tarier pâtre;Saltimpalo;European Stonechat
4100;91,45704116;4,010930733;2002;Schwarzkehlchen;Tarier pâtre;Saltimpalo;European Stonechat
4100;90,70961155;3,821984882;2003;Schwarzkehlchen;Tarier pâtre;Saltimpalo;European Stonechat
4100;95,18374502;3,328914017;2004;Schwarzkehlchen;Tarier pâtre;Saltimpalo;European Stonechat
4100;93,63440947;3,523376736;2005;Schwarzkehlchen;Tarier pâtre;Saltimpalo;European Stonechat
4100;93,24360945;3,320928973;2006;Schwarzkehlchen;Tarier pâtre;Saltimpalo;European Stonechat
4100;98,94751216;3,038143958;2007;Schwarzkehlchen;Tarier pâtre;Saltimpalo;European Stonechat
4100;93,26883265;2,902374818;2008;Schwarzkehlchen;Tarier pâtre;Saltimpalo;European Stonechat
4100;98,84145364;3,137938849;2009;Schwarzkehlchen;Tarier pâtre;Saltimpalo;European Stonechat
4100;106,6962549;2,973446343;2010;Schwarzkehlchen;Tarier pâtre;Saltimpalo;European Stonechat
4100;110,8553588;2,888833438;2011;Schwarzkehlchen;Tarier pâtre;Saltimpalo;European Stonechat
4100;112,0100218;2,98136149;2012;Schwarzkehlchen;Tarier pâtre;Saltimpalo;European Stonechat
4100;111,0567035;2,966715248;2013;Schwarzkehlchen;Tarier pâtre;Saltimpalo;European Stonechat
4100;113,1925877;2,804552906;2014;Schwarzkehlchen;Tarier pâtre;Saltimpalo;European Stonechat
4100;115,1615473;2,71395302;2015;Schwarzkehlchen;Tarier pâtre;Saltimpalo;European Stonechat
4100;126,3274506;2,532250615;2016;Schwarzkehlchen;Tarier pâtre;Saltimpalo;European Stonechat
4100;113,4651397;2,780182605;2017;Schwarzkehlchen;Tarier pâtre;Saltimpalo;European Stonechat
4100;116,0361118;2,840495497;2018;Schwarzkehlchen;Tarier pâtre;Saltimpalo;European Stonechat
4100;122,5176862;2,857454525;2019;Schwarzkehlchen;Tarier pâtre;Saltimpalo;European Stonechat
4100;151,2162059;2,733431599;2020;Schwarzkehlchen;Tarier pâtre;Saltimpalo;European Stonechat
4100;151,6278623;2,604023176;2021;Schwarzkehlchen;Tarier pâtre;Saltimpalo;European Stonechat
4100;148,7974955;3,02628689;2022;Schwarzkehlchen;Tarier pâtre;Saltimpalo;European Stonechat
4120;81,06098823;4,424792622;1990;Steinschmätzer;Traquet motteux ;Culbianco ;Northern Wheatear 
4120;83,91726112;3,705894122;1991;Steinschmätzer;Traquet motteux ;Culbianco ;Northern Wheatear 
4120;86,06803311;3,594766431;1992;Steinschmätzer;Traquet motteux ;Culbianco ;Northern Wheatear 
4120;91,26380081;3,446094199;1993;Steinschmätzer;Traquet motteux ;Culbianco ;Northern Wheatear 
4120;88,30793049;3,615829094;1994;Steinschmätzer;Traquet motteux ;Culbianco ;Northern Wheatear 
4120;90,02502291;3,306659988;1995;Steinschmätzer;Traquet motteux ;Culbianco ;Northern Wheatear 
4120;87,55370787;3,039485114;1996;Steinschmätzer;Traquet motteux ;Culbianco ;Northern Wheatear 
4120;82,4381937;3,399027644;1997;Steinschmätzer;Traquet motteux ;Culbianco ;Northern Wheatear 
4120;78,22112947;3,123622357;1998;Steinschmätzer;Traquet motteux ;Culbianco ;Northern Wheatear 
4120;79,96541042;5,547078351;1999;Steinschmätzer;Traquet motteux ;Culbianco ;Northern Wheatear 
4120;95,16113974;5,996892603;2000;Steinschmätzer;Traquet motteux ;Culbianco ;Northern Wheatear 
4120;91,00036364;5,822293014;2001;Steinschmätzer;Traquet motteux ;Culbianco ;Northern Wheatear 
4120;88,3729827;5,709392759;2002;Steinschmätzer;Traquet motteux ;Culbianco ;Northern Wheatear 
4120;90,75001889;5,734315353;2003;Steinschmätzer;Traquet motteux ;Culbianco ;Northern Wheatear 
4120;88,25594567;5,599476169;2004;Steinschmätzer;Traquet motteux ;Culbianco ;Northern Wheatear 
4120;110,26708;6,118775779;2005;Steinschmätzer;Traquet motteux ;Culbianco ;Northern Wheatear 
4120;98,20620571;5,791078002;2006;Steinschmätzer;Traquet motteux ;Culbianco ;Northern Wheatear 
4120;102,411628;5,907319643;2007;Steinschmätzer;Traquet motteux ;Culbianco ;Northern Wheatear 
4120;100,5465661;5,854260925;2008;Steinschmätzer;Traquet motteux ;Culbianco ;Northern Wheatear 
4120;97,20513941;5,76001231;2009;Steinschmätzer;Traquet motteux ;Culbianco ;Northern Wheatear 
4120;102,9766946;5,921701664;2010;Steinschmätzer;Traquet motteux ;Culbianco ;Northern Wheatear 
4120;119,9588665;6,442543792;2011;Steinschmätzer;Traquet motteux ;Culbianco ;Northern Wheatear 
4120;113,4719301;6,316786282;2012;Steinschmätzer;Traquet motteux ;Culbianco ;Northern Wheatear 
4120;93,72308463;5,711298145;2013;Steinschmätzer;Traquet motteux ;Culbianco ;Northern Wheatear 
4120;109,3557818;6,094555125;2014;Steinschmätzer;Traquet motteux ;Culbianco ;Northern Wheatear 
4120;108,6447822;6,089710442;2015;Steinschmätzer;Traquet motteux ;Culbianco ;Northern Wheatear 
4120;106,7021016;6,025626961;2016;Steinschmätzer;Traquet motteux ;Culbianco ;Northern Wheatear 
4120;105,5009459;6,002106607;2017;Steinschmätzer;Traquet motteux ;Culbianco ;Northern Wheatear 
4120;109,0520158;6,086456016;2018;Steinschmätzer;Traquet motteux ;Culbianco ;Northern Wheatear 
4120;109,1452292;6,100037592;2019;Steinschmätzer;Traquet motteux ;Culbianco ;Northern Wheatear 
4120;141,2782235;6,928058896;2020;Steinschmätzer;Traquet motteux ;Culbianco ;Northern Wheatear 
4120;136,3909612;6,769272246;2021;Steinschmätzer;Traquet motteux ;Culbianco ;Northern Wheatear 
4120;132,8008351;6,685833195;2022;Steinschmätzer;Traquet motteux ;Culbianco ;Northern Wheatear 
4180;139,8665607;7,141033628;1990;Steinrötel;Monticole de roche;Codirossone ;Common Rock Thrush
4180;140,6606179;6,140293456;1991;Steinrötel;Monticole de roche;Codirossone ;Common Rock Thrush
4180;135,2628018;6,128825299;1992;Steinrötel;Monticole de roche;Codirossone ;Common Rock Thrush
4180;133,6246128;5,585557136;1993;Steinrötel;Monticole de roche;Codirossone ;Common Rock Thrush
4180;129,5386212;6,017763788;1994;Steinrötel;Monticole de roche;Codirossone ;Common Rock Thrush
4180;127,869595;6,05574679;1995;Steinrötel;Monticole de roche;Codirossone ;Common Rock Thrush
4180;121,8547169;6,253847716;1996;Steinrötel;Monticole de roche;Codirossone ;Common Rock Thrush
4180;109,078764;6,439320359;1997;Steinrötel;Monticole de roche;Codirossone ;Common Rock Thrush
4180;95,00385357;7,291239036;1998;Steinrötel;Monticole de roche;Codirossone ;Common Rock Thrush
4180;84,61986815;6,539594126;1999;Steinrötel;Monticole de roche;Codirossone ;Common Rock Thrush
4180;82,84049477;5,620943487;2000;Steinrötel;Monticole de roche;Codirossone ;Common Rock Thrush
4180;81,03593004;5,821230417;2001;Steinrötel;Monticole de roche;Codirossone ;Common Rock Thrush
4180;84,56587314;5,693738865;2002;Steinrötel;Monticole de roche;Codirossone ;Common Rock Thrush
4180;81,92902035;5,239034732;2003;Steinrötel;Monticole de roche;Codirossone ;Common Rock Thrush
4180;83,02374896;5,284034611;2004;Steinrötel;Monticole de roche;Codirossone ;Common Rock Thrush
4180;92,74752546;4,998375914;2005;Steinrötel;Monticole de roche;Codirossone ;Common Rock Thrush
4180;95,17403742;5,307011307;2006;Steinrötel;Monticole de roche;Codirossone ;Common Rock Thrush
4180;90,71640053;5,301134222;2007;Steinrötel;Monticole de roche;Codirossone ;Common Rock Thrush
4180;82,91936588;5,338876988;2008;Steinrötel;Monticole de roche;Codirossone ;Common Rock Thrush
4180;78,12540267;5,26866798;2009;Steinrötel;Monticole de roche;Codirossone ;Common Rock Thrush
4180;80,55089558;5,293778833;2010;Steinrötel;Monticole de roche;Codirossone ;Common Rock Thrush
4180;85,71771162;4,784966425;2011;Steinrötel;Monticole de roche;Codirossone ;Common Rock Thrush
4180;81,84965409;5,300933869;2012;Steinrötel;Monticole de roche;Codirossone ;Common Rock Thrush
4180;98,29469499;4,93771507;2013;Steinrötel;Monticole de roche;Codirossone ;Common Rock Thrush
4180;96,63955946;4,449246948;2014;Steinrötel;Monticole de roche;Codirossone ;Common Rock Thrush
4180;105,0238977;4,38262209;2015;Steinrötel;Monticole de roche;Codirossone ;Common Rock Thrush
4180;108,540213;4,383853116;2016;Steinrötel;Monticole de roche;Codirossone ;Common Rock Thrush
4180;93,46606656;5,041060028;2017;Steinrötel;Monticole de roche;Codirossone ;Common Rock Thrush
4180;102,2381563;4,894654813;2018;Steinrötel;Monticole de roche;Codirossone ;Common Rock Thrush
4180;98,27050985;4,66680775;2019;Steinrötel;Monticole de roche;Codirossone ;Common Rock Thrush
4180;92,45511899;4,132073639;2020;Steinrötel;Monticole de roche;Codirossone ;Common Rock Thrush
4180;88,71727596;4,831472074;2021;Steinrötel;Monticole de roche;Codirossone ;Common Rock Thrush
4180;97,77843474;5,282674838;2022;Steinrötel;Monticole de roche;Codirossone ;Common Rock Thrush
4190;87,77220944;16,0820148;1990;Blaumerle;Monticole bleu;Passero solitario ;Blue Rock Thrush
4190;82,48177426;13,72479964;1991;Blaumerle;Monticole bleu;Passero solitario ;Blue Rock Thrush
4190;97,5839175;14,268757;1992;Blaumerle;Monticole bleu;Passero solitario ;Blue Rock Thrush
4190;97,43577106;13,65661854;1993;Blaumerle;Monticole bleu;Passero solitario ;Blue Rock Thrush
4190;91,58582197;13,31810441;1994;Blaumerle;Monticole bleu;Passero solitario ;Blue Rock Thrush
4190;87,07921286;12,40382968;1995;Blaumerle;Monticole bleu;Passero solitario ;Blue Rock Thrush
4190;94,9192094;12,80086508;1996;Blaumerle;Monticole bleu;Passero solitario ;Blue Rock Thrush
4190;82,84695817;12,74943287;1997;Blaumerle;Monticole bleu;Passero solitario ;Blue Rock Thrush
4190;91,37622232;13,08244179;1998;Blaumerle;Monticole bleu;Passero solitario ;Blue Rock Thrush
4190;92,33268392;13,16426933;1999;Blaumerle;Monticole bleu;Passero solitario ;Blue Rock Thrush
4190;99,62075792;12,59075429;2000;Blaumerle;Monticole bleu;Passero solitario ;Blue Rock Thrush
4190;90,80867154;11,66958478;2001;Blaumerle;Monticole bleu;Passero solitario ;Blue Rock Thrush
4190;92,53877032;12,85288321;2002;Blaumerle;Monticole bleu;Passero solitario ;Blue Rock Thrush
4190;114,7744564;12,12853023;2003;Blaumerle;Monticole bleu;Passero solitario ;Blue Rock Thrush
4190;105,2524592;11,28126555;2004;Blaumerle;Monticole bleu;Passero solitario ;Blue Rock Thrush
4190;108,4151584;11,58324782;2005;Blaumerle;Monticole bleu;Passero solitario ;Blue Rock Thrush
4190;117,6855638;12,97935784;2006;Blaumerle;Monticole bleu;Passero solitario ;Blue Rock Thrush
4190;123,6559701;11,55113155;2007;Blaumerle;Monticole bleu;Passero solitario ;Blue Rock Thrush
4190;117,4146545;12,48793365;2008;Blaumerle;Monticole bleu;Passero solitario ;Blue Rock Thrush
4190;115,9334457;11,23811835;2009;Blaumerle;Monticole bleu;Passero solitario ;Blue Rock Thrush
4190;101,8956457;14,29867461;2010;Blaumerle;Monticole bleu;Passero solitario ;Blue Rock Thrush
4190;101,420901;13,38253506;2011;Blaumerle;Monticole bleu;Passero solitario ;Blue Rock Thrush
4190;115,1766131;11,36381057;2012;Blaumerle;Monticole bleu;Passero solitario ;Blue Rock Thrush
4190;100,3848445;11,80418258;2013;Blaumerle;Monticole bleu;Passero solitario ;Blue Rock Thrush
4190;93,78745293;11,65764332;2014;Blaumerle;Monticole bleu;Passero solitario ;Blue Rock Thrush
4190;78,184256;11,49164389;2015;Blaumerle;Monticole bleu;Passero solitario ;Blue Rock Thrush
4190;81,71259817;11,28260519;2016;Blaumerle;Monticole bleu;Passero solitario ;Blue Rock Thrush
4190;93,54217511;10,95122005;2017;Blaumerle;Monticole bleu;Passero solitario ;Blue Rock Thrush
4190;89,57869587;11,69987212;2018;Blaumerle;Monticole bleu;Passero solitario ;Blue Rock Thrush
4190;94,67616235;13,40783848;2019;Blaumerle;Monticole bleu;Passero solitario ;Blue Rock Thrush
4190;101,6159303;11,22119071;2020;Blaumerle;Monticole bleu;Passero solitario ;Blue Rock Thrush
4190;130,2336751;11,24164547;2021;Blaumerle;Monticole bleu;Passero solitario ;Blue Rock Thrush
4190;126,2773612;14,24906767;2022;Blaumerle;Monticole bleu;Passero solitario ;Blue Rock Thrush
4230;113,6458626;6,295300314;1990;Ringdrossel;Merle à plastron;Merlo dal collare ;Ring Ouzel
4230;119,5078235;5,650811725;1991;Ringdrossel;Merle à plastron;Merlo dal collare ;Ring Ouzel
4230;123,0606754;5,261447281;1992;Ringdrossel;Merle à plastron;Merlo dal collare ;Ring Ouzel
4230;127,8392531;5,105053674;1993;Ringdrossel;Merle à plastron;Merlo dal collare ;Ring Ouzel
4230;127,7911867;5,224183119;1994;Ringdrossel;Merle à plastron;Merlo dal collare ;Ring Ouzel
4230;125,8673557;5,14079935;1995;Ringdrossel;Merle à plastron;Merlo dal collare ;Ring Ouzel
4230;126,0079985;5,432475431;1996;Ringdrossel;Merle à plastron;Merlo dal collare ;Ring Ouzel
4230;113,8184041;5,314967785;1997;Ringdrossel;Merle à plastron;Merlo dal collare ;Ring Ouzel
4230;107,9256944;4,932546595;1998;Ringdrossel;Merle à plastron;Merlo dal collare ;Ring Ouzel
4230;105,4185771;5,295193723;1999;Ringdrossel;Merle à plastron;Merlo dal collare ;Ring Ouzel
4230;116,542538;5,352671166;2000;Ringdrossel;Merle à plastron;Merlo dal collare ;Ring Ouzel
4230;112,7528217;5,272153396;2001;Ringdrossel;Merle à plastron;Merlo dal collare ;Ring Ouzel
4230;106,8787069;5,102558252;2002;Ringdrossel;Merle à plastron;Merlo dal collare ;Ring Ouzel
4230;102,6932335;5,008270087;2003;Ringdrossel;Merle à plastron;Merlo dal collare ;Ring Ouzel
4230;97,72886235;4,906378492;2004;Ringdrossel;Merle à plastron;Merlo dal collare ;Ring Ouzel
4230;97,58802493;4,898397074;2005;Ringdrossel;Merle à plastron;Merlo dal collare ;Ring Ouzel
4230;87,3989556;4,728934579;2006;Ringdrossel;Merle à plastron;Merlo dal collare ;Ring Ouzel
4230;74,95105241;4,357233952;2007;Ringdrossel;Merle à plastron;Merlo dal collare ;Ring Ouzel
4230;85,80677444;4,612873956;2008;Ringdrossel;Merle à plastron;Merlo dal collare ;Ring Ouzel
4230;90,32292046;4,722981655;2009;Ringdrossel;Merle à plastron;Merlo dal collare ;Ring Ouzel
4230;96,21354571;4,864533983;2010;Ringdrossel;Merle à plastron;Merlo dal collare ;Ring Ouzel
4230;100,849121;4,977113725;2011;Ringdrossel;Merle à plastron;Merlo dal collare ;Ring Ouzel
4230;93,61759203;4,812757239;2012;Ringdrossel;Merle à plastron;Merlo dal collare ;Ring Ouzel
4230;78,99041086;4,506841361;2013;Ringdrossel;Merle à plastron;Merlo dal collare ;Ring Ouzel
4230;85,41406609;4,602275724;2014;Ringdrossel;Merle à plastron;Merlo dal collare ;Ring Ouzel
4230;89,77307915;4,741403103;2015;Ringdrossel;Merle à plastron;Merlo dal collare ;Ring Ouzel
4230;83,70444639;4,577881493;2016;Ringdrossel;Merle à plastron;Merlo dal collare ;Ring Ouzel
4230;89,54614792;4,728766564;2017;Ringdrossel;Merle à plastron;Merlo dal collare ;Ring Ouzel
4230;88,17006558;4,696618581;2018;Ringdrossel;Merle à plastron;Merlo dal collare ;Ring Ouzel
4230;84,49579022;4,590496559;2019;Ringdrossel;Merle à plastron;Merlo dal collare ;Ring Ouzel
4230;84,26808211;4,636446721;2020;Ringdrossel;Merle à plastron;Merlo dal collare ;Ring Ouzel
4230;83,66627197;4,587128106;2021;Ringdrossel;Merle à plastron;Merlo dal collare ;Ring Ouzel
4230;77,74465967;4,502798822;2022;Ringdrossel;Merle à plastron;Merlo dal collare ;Ring Ouzel
4240;74,69766833;NA;1990;Amsel;Merle noir;Merlo ;Common Blackbird
4240;74,28683115;4,434533486;1991;Amsel;Merle noir;Merlo ;Common Blackbird
4240;77,43907276;5,048651509;1992;Amsel;Merle noir;Merlo ;Common Blackbird
4240;86,10400228;5,592500203;1993;Amsel;Merle noir;Merlo ;Common Blackbird
4240;90,08538801;5,774818686;1994;Amsel;Merle noir;Merlo ;Common Blackbird
4240;93,05088544;5,913188996;1995;Amsel;Merle noir;Merlo ;Common Blackbird
4240;96,44215958;6,145198025;1996;Amsel;Merle noir;Merlo ;Common Blackbird
4240;87,66518355;5,814657396;1997;Amsel;Merle noir;Merlo ;Common Blackbird
4240;93,51326401;2,298582224;1998;Amsel;Merle noir;Merlo ;Common Blackbird
4240;93,15068404;2,022676875;1999;Amsel;Merle noir;Merlo ;Common Blackbird
4240;100,2700569;1,976288026;2000;Amsel;Merle noir;Merlo ;Common Blackbird
4240;98,60460192;1,961536513;2001;Amsel;Merle noir;Merlo ;Common Blackbird
4240;100,537469;1,97812523;2002;Amsel;Merle noir;Merlo ;Common Blackbird
4240;101,8823975;1,970635897;2003;Amsel;Merle noir;Merlo ;Common Blackbird
4240;97,13810282;1,925851339;2004;Amsel;Merle noir;Merlo ;Common Blackbird
4240;103,4903465;1,997123749;2005;Amsel;Merle noir;Merlo ;Common Blackbird
4240;99,55160941;1,950898775;2006;Amsel;Merle noir;Merlo ;Common Blackbird
4240;102,8069247;1,981618537;2007;Amsel;Merle noir;Merlo ;Common Blackbird
4240;107,9964113;2,021874313;2008;Amsel;Merle noir;Merlo ;Common Blackbird
4240;98,31836317;1,931293561;2009;Amsel;Merle noir;Merlo ;Common Blackbird
4240;106,6441361;2,008745103;2010;Amsel;Merle noir;Merlo ;Common Blackbird
4240;104,7562419;1,993063744;2011;Amsel;Merle noir;Merlo ;Common Blackbird
4240;109,9449235;2,063142447;2012;Amsel;Merle noir;Merlo ;Common Blackbird
4240;104,3163745;2,00158628;2013;Amsel;Merle noir;Merlo ;Common Blackbird
4240;109,7831344;2,035044876;2014;Amsel;Merle noir;Merlo ;Common Blackbird
4240;115,0026433;2,078208791;2015;Amsel;Merle noir;Merlo ;Common Blackbird
4240;113,8706963;2,074489005;2016;Amsel;Merle noir;Merlo ;Common Blackbird
4240;116,9896003;2,098862357;2017;Amsel;Merle noir;Merlo ;Common Blackbird
4240;108,2694936;2,031363996;2018;Amsel;Merle noir;Merlo ;Common Blackbird
4240;105,1469582;2,00037417;2019;Amsel;Merle noir;Merlo ;Common Blackbird
4240;104,9869087;2,00328507;2020;Amsel;Merle noir;Merlo ;Common Blackbird
4240;111,3262418;2,070802169;2021;Amsel;Merle noir;Merlo ;Common Blackbird
4240;111,9312251;2,115060563;2022;Amsel;Merle noir;Merlo ;Common Blackbird
4290;133,0126895;NA;1990;Wacholderdrossel;Grive litorne ;Cesena;Fieldfare 
4290;120,3099777;16,88455921;1991;Wacholderdrossel;Grive litorne ;Cesena;Fieldfare 
4290;98,61560802;15,38459745;1992;Wacholderdrossel;Grive litorne ;Cesena;Fieldfare 
4290;126,5748754;19,99208191;1993;Wacholderdrossel;Grive litorne ;Cesena;Fieldfare 
4290;164,1642614;24,73642941;1994;Wacholderdrossel;Grive litorne ;Cesena;Fieldfare 
4290;139,9825545;22,00342114;1995;Wacholderdrossel;Grive litorne ;Cesena;Fieldfare 
4290;135,9788725;21,80757911;1996;Wacholderdrossel;Grive litorne ;Cesena;Fieldfare 
4290;116,0668729;19,52125695;1997;Wacholderdrossel;Grive litorne ;Cesena;Fieldfare 
4290;121,7930692;9,742670769;1998;Wacholderdrossel;Grive litorne ;Cesena;Fieldfare 
4290;110,2310868;7,187228593;1999;Wacholderdrossel;Grive litorne ;Cesena;Fieldfare 
4290;137,4459328;7,581875532;2000;Wacholderdrossel;Grive litorne ;Cesena;Fieldfare 
4290;129,068514;7,328796111;2001;Wacholderdrossel;Grive litorne ;Cesena;Fieldfare 
4290;135,6408499;7,514277003;2002;Wacholderdrossel;Grive litorne ;Cesena;Fieldfare 
4290;117,0746324;6,978865409;2003;Wacholderdrossel;Grive litorne ;Cesena;Fieldfare 
4290;100,664803;6,532310669;2004;Wacholderdrossel;Grive litorne ;Cesena;Fieldfare 
4290;97,49244295;6,475125767;2005;Wacholderdrossel;Grive litorne ;Cesena;Fieldfare 
4290;76,56618326;5,744295482;2006;Wacholderdrossel;Grive litorne ;Cesena;Fieldfare 
4290;84,43316593;6,025214858;2007;Wacholderdrossel;Grive litorne ;Cesena;Fieldfare 
4290;77,82582571;5,791480004;2008;Wacholderdrossel;Grive litorne ;Cesena;Fieldfare 
4290;60,53119777;5,12686836;2009;Wacholderdrossel;Grive litorne ;Cesena;Fieldfare 
4290;77,24933811;5,771264931;2010;Wacholderdrossel;Grive litorne ;Cesena;Fieldfare 
4290;80,7082637;5,885835812;2011;Wacholderdrossel;Grive litorne ;Cesena;Fieldfare 
4290;90,91690856;6,31211701;2012;Wacholderdrossel;Grive litorne ;Cesena;Fieldfare 
4290;80,86535549;5,986495678;2013;Wacholderdrossel;Grive litorne ;Cesena;Fieldfare 
4290;87,74798694;6,136125152;2014;Wacholderdrossel;Grive litorne ;Cesena;Fieldfare 
4290;97,44036622;6,438712265;2015;Wacholderdrossel;Grive litorne ;Cesena;Fieldfare 
4290;77,69618251;5,782852487;2016;Wacholderdrossel;Grive litorne ;Cesena;Fieldfare 
4290;84,05702791;6,040365903;2017;Wacholderdrossel;Grive litorne ;Cesena;Fieldfare 
4290;75,90881598;5,754309809;2018;Wacholderdrossel;Grive litorne ;Cesena;Fieldfare 
4290;71,86676412;5,616885899;2019;Wacholderdrossel;Grive litorne ;Cesena;Fieldfare 
4290;62,2946653;5,229420289;2020;Wacholderdrossel;Grive litorne ;Cesena;Fieldfare 
4290;65,49588651;5,371771707;2021;Wacholderdrossel;Grive litorne ;Cesena;Fieldfare 
4290;64,27902301;5,375568109;2022;Wacholderdrossel;Grive litorne ;Cesena;Fieldfare 
4310;103,6706279;NA;1990;Singdrossel;Grive musicienne;Tordo bottaccio ;Song Thrush 
4310;88,01636312;7,702280815;1991;Singdrossel;Grive musicienne;Tordo bottaccio ;Song Thrush 
4310;90,17271219;8,406307451;1992;Singdrossel;Grive musicienne;Tordo bottaccio ;Song Thrush 
4310;89,71656142;8,714802419;1993;Singdrossel;Grive musicienne;Tordo bottaccio ;Song Thrush 
4310;91,34419028;8,632993789;1994;Singdrossel;Grive musicienne;Tordo bottaccio ;Song Thrush 
4310;88,48288095;8,400678597;1995;Singdrossel;Grive musicienne;Tordo bottaccio ;Song Thrush 
4310;83,16457774;7,999317884;1996;Singdrossel;Grive musicienne;Tordo bottaccio ;Song Thrush 
4310;93,83228535;9,338849285;1997;Singdrossel;Grive musicienne;Tordo bottaccio ;Song Thrush 
4310;89,32364974;3,311304035;1998;Singdrossel;Grive musicienne;Tordo bottaccio ;Song Thrush 
4310;83,86162844;2,674130068;1999;Singdrossel;Grive musicienne;Tordo bottaccio ;Song Thrush 
4310;91,72059523;2,67874392;2000;Singdrossel;Grive musicienne;Tordo bottaccio ;Song Thrush 
4310;91,18458022;2,660903073;2001;Singdrossel;Grive musicienne;Tordo bottaccio ;Song Thrush 
4310;87,19249044;2,598538394;2002;Singdrossel;Grive musicienne;Tordo bottaccio ;Song Thrush 
4310;82,91424717;2,526372244;2003;Singdrossel;Grive musicienne;Tordo bottaccio ;Song Thrush 
4310;79,81643362;2,480044214;2004;Singdrossel;Grive musicienne;Tordo bottaccio ;Song Thrush 
4310;87,32555942;2,589037899;2005;Singdrossel;Grive musicienne;Tordo bottaccio ;Song Thrush 
4310;86,32922859;2,587194047;2006;Singdrossel;Grive musicienne;Tordo bottaccio ;Song Thrush 
4310;87,10330261;2,595351706;2007;Singdrossel;Grive musicienne;Tordo bottaccio ;Song Thrush 
4310;94,30260152;2,683205479;2008;Singdrossel;Grive musicienne;Tordo bottaccio ;Song Thrush 
4310;88,84056665;2,608777026;2009;Singdrossel;Grive musicienne;Tordo bottaccio ;Song Thrush 
4310;94,60102747;2,682799026;2010;Singdrossel;Grive musicienne;Tordo bottaccio ;Song Thrush 
4310;98,96946861;2,741214883;2011;Singdrossel;Grive musicienne;Tordo bottaccio ;Song Thrush 
4310;112,5172473;2,917379897;2012;Singdrossel;Grive musicienne;Tordo bottaccio ;Song Thrush 
4310;117,3305251;2,969524802;2013;Singdrossel;Grive musicienne;Tordo bottaccio ;Song Thrush 
4310;119,7072775;2,98588857;2014;Singdrossel;Grive musicienne;Tordo bottaccio ;Song Thrush 
4310;124,1840614;3,036247965;2015;Singdrossel;Grive musicienne;Tordo bottaccio ;Song Thrush 
4310;128,3976577;3,093438421;2016;Singdrossel;Grive musicienne;Tordo bottaccio ;Song Thrush 
4310;129,5768013;3,110356465;2017;Singdrossel;Grive musicienne;Tordo bottaccio ;Song Thrush 
4310;117,779096;2,974125634;2018;Singdrossel;Grive musicienne;Tordo bottaccio ;Song Thrush 
4310;114,7068617;2,933385953;2019;Singdrossel;Grive musicienne;Tordo bottaccio ;Song Thrush 
4310;118,4317803;2,984960209;2020;Singdrossel;Grive musicienne;Tordo bottaccio ;Song Thrush 
4310;125,5759204;3,09225692;2021;Singdrossel;Grive musicienne;Tordo bottaccio ;Song Thrush 
4310;119,9071925;3,077579789;2022;Singdrossel;Grive musicienne;Tordo bottaccio ;Song Thrush 
4320;86,83961391;NA;1990;Misteldrossel;Grive draine;Tordela ;Mistle Thrush 
4320;55,33420198;8,979289253;1991;Misteldrossel;Grive draine;Tordela ;Mistle Thrush 
4320;66,85781875;10,2342631;1992;Misteldrossel;Grive draine;Tordela ;Mistle Thrush 
4320;88,78482126;14,75307179;1993;Misteldrossel;Grive draine;Tordela ;Mistle Thrush 
4320;84,09548211;14,26649601;1994;Misteldrossel;Grive draine;Tordela ;Mistle Thrush 
4320;104,2422725;17,20677709;1995;Misteldrossel;Grive draine;Tordela ;Mistle Thrush 
4320;91,48553325;15,63910168;1996;Misteldrossel;Grive draine;Tordela ;Mistle Thrush 
4320;89,66190136;15,93399533;1997;Misteldrossel;Grive draine;Tordela ;Mistle Thrush 
4320;94,39726551;4,421378807;1998;Misteldrossel;Grive draine;Tordela ;Mistle Thrush 
4320;90,35023861;3,306374689;1999;Misteldrossel;Grive draine;Tordela ;Mistle Thrush 
4320;102,3396008;3,370638258;2000;Misteldrossel;Grive draine;Tordela ;Mistle Thrush 
4320;105,7331364;3,42453023;2001;Misteldrossel;Grive draine;Tordela ;Mistle Thrush 
4320;96,46540426;3,262183122;2002;Misteldrossel;Grive draine;Tordela ;Mistle Thrush 
4320;100,3038481;3,313449118;2003;Misteldrossel;Grive draine;Tordela ;Mistle Thrush 
4320;97,19171138;3,262871433;2004;Misteldrossel;Grive draine;Tordela ;Mistle Thrush 
4320;98,6021886;3,284423928;2005;Misteldrossel;Grive draine;Tordela ;Mistle Thrush 
4320;100,3825984;3,340195427;2006;Misteldrossel;Grive draine;Tordela ;Mistle Thrush 
4320;98,75035933;3,299149227;2007;Misteldrossel;Grive draine;Tordela ;Mistle Thrush 
4320;106,9599852;3,414422879;2008;Misteldrossel;Grive draine;Tordela ;Mistle Thrush 
4320;98,49480951;3,280229135;2009;Misteldrossel;Grive draine;Tordela ;Mistle Thrush 
4320;102,6776022;3,346083055;2010;Misteldrossel;Grive draine;Tordela ;Mistle Thrush 
4320;109,5666999;3,456789787;2011;Misteldrossel;Grive draine;Tordela ;Mistle Thrush 
4320;109,9776244;3,457021321;2012;Misteldrossel;Grive draine;Tordela ;Mistle Thrush 
4320;103,412182;3,362247598;2013;Misteldrossel;Grive draine;Tordela ;Mistle Thrush 
4320;109,780062;3,453645603;2014;Misteldrossel;Grive draine;Tordela ;Mistle Thrush 
4320;109,3879285;3,448405478;2015;Misteldrossel;Grive draine;Tordela ;Mistle Thrush 
4320;109,9878469;3,476105287;2016;Misteldrossel;Grive draine;Tordela ;Mistle Thrush 
4320;110,4056603;3,478774051;2017;Misteldrossel;Grive draine;Tordela ;Mistle Thrush 
4320;103,8558584;3,383706888;2018;Misteldrossel;Grive draine;Tordela ;Mistle Thrush 
4320;111,7627157;3,486343603;2019;Misteldrossel;Grive draine;Tordela ;Mistle Thrush 
4320;118,8767194;3,603748866;2020;Misteldrossel;Grive draine;Tordela ;Mistle Thrush 
4320;120,062994;3,62960964;2021;Misteldrossel;Grive draine;Tordela ;Mistle Thrush 
4320;122,9733151;3,710044501;2022;Misteldrossel;Grive draine;Tordela ;Mistle Thrush 
4390;87,63559027;13,42566212;1990;Feldschwirl;Locustelle tachetée ;Forapaglie macchiettato ;Common Grasshopper Warbler
4390;83,58590079;14,84971398;1991;Feldschwirl;Locustelle tachetée ;Forapaglie macchiettato ;Common Grasshopper Warbler
4390;91,72267269;13,21675132;1992;Feldschwirl;Locustelle tachetée ;Forapaglie macchiettato ;Common Grasshopper Warbler
4390;97,36371238;13,27026653;1993;Feldschwirl;Locustelle tachetée ;Forapaglie macchiettato ;Common Grasshopper Warbler
4390;84,22323976;12,34586452;1994;Feldschwirl;Locustelle tachetée ;Forapaglie macchiettato ;Common Grasshopper Warbler
4390;89,3209216;12,57522058;1995;Feldschwirl;Locustelle tachetée ;Forapaglie macchiettato ;Common Grasshopper Warbler
4390;76,62233921;11,65647031;1996;Feldschwirl;Locustelle tachetée ;Forapaglie macchiettato ;Common Grasshopper Warbler
4390;84,17738501;12,24205418;1997;Feldschwirl;Locustelle tachetée ;Forapaglie macchiettato ;Common Grasshopper Warbler
4390;85,00526449;12,24936164;1998;Feldschwirl;Locustelle tachetée ;Forapaglie macchiettato ;Common Grasshopper Warbler
4390;97,13777807;12,91443207;1999;Feldschwirl;Locustelle tachetée ;Forapaglie macchiettato ;Common Grasshopper Warbler
4390;103,7076082;11,89818226;2000;Feldschwirl;Locustelle tachetée ;Forapaglie macchiettato ;Common Grasshopper Warbler
4390;89,54751066;11,06887326;2001;Feldschwirl;Locustelle tachetée ;Forapaglie macchiettato ;Common Grasshopper Warbler
4390;85,07640949;10,65048316;2002;Feldschwirl;Locustelle tachetée ;Forapaglie macchiettato ;Common Grasshopper Warbler
4390;89,08060678;10,81235174;2003;Feldschwirl;Locustelle tachetée ;Forapaglie macchiettato ;Common Grasshopper Warbler
4390;121,3562237;12,41055206;2004;Feldschwirl;Locustelle tachetée ;Forapaglie macchiettato ;Common Grasshopper Warbler
4390;117,3142859;11,96274031;2005;Feldschwirl;Locustelle tachetée ;Forapaglie macchiettato ;Common Grasshopper Warbler
4390;84,02771315;10,10618455;2006;Feldschwirl;Locustelle tachetée ;Forapaglie macchiettato ;Common Grasshopper Warbler
4390;109,5694254;11,6200887;2007;Feldschwirl;Locustelle tachetée ;Forapaglie macchiettato ;Common Grasshopper Warbler
4390;97,20615898;11,07468803;2008;Feldschwirl;Locustelle tachetée ;Forapaglie macchiettato ;Common Grasshopper Warbler
4390;105,8790976;11,40782832;2009;Feldschwirl;Locustelle tachetée ;Forapaglie macchiettato ;Common Grasshopper Warbler
4390;126,7022469;12,39016554;2010;Feldschwirl;Locustelle tachetée ;Forapaglie macchiettato ;Common Grasshopper Warbler
4390;130,7217819;12,50401458;2011;Feldschwirl;Locustelle tachetée ;Forapaglie macchiettato ;Common Grasshopper Warbler
4390;108,9915472;11,47231118;2012;Feldschwirl;Locustelle tachetée ;Forapaglie macchiettato ;Common Grasshopper Warbler
4390;93,48209444;10,53837485;2013;Feldschwirl;Locustelle tachetée ;Forapaglie macchiettato ;Common Grasshopper Warbler
4390;107,346084;11,40705653;2014;Feldschwirl;Locustelle tachetée ;Forapaglie macchiettato ;Common Grasshopper Warbler
4390;77,31229494;9,648698033;2015;Feldschwirl;Locustelle tachetée ;Forapaglie macchiettato ;Common Grasshopper Warbler
4390;125,3091664;12,18989807;2016;Feldschwirl;Locustelle tachetée ;Forapaglie macchiettato ;Common Grasshopper Warbler
4390;118,3578688;11,53642622;2017;Feldschwirl;Locustelle tachetée ;Forapaglie macchiettato ;Common Grasshopper Warbler
4390;89,32172845;10,33285753;2018;Feldschwirl;Locustelle tachetée ;Forapaglie macchiettato ;Common Grasshopper Warbler
4390;134,5154412;12,39791023;2019;Feldschwirl;Locustelle tachetée ;Forapaglie macchiettato ;Common Grasshopper Warbler
4390;104,60774;11,23725311;2020;Feldschwirl;Locustelle tachetée ;Forapaglie macchiettato ;Common Grasshopper Warbler
4390;104,4214503;10,94606674;2021;Feldschwirl;Locustelle tachetée ;Forapaglie macchiettato ;Common Grasshopper Warbler
4390;99,35071121;11,00058774;2022;Feldschwirl;Locustelle tachetée ;Forapaglie macchiettato ;Common Grasshopper Warbler
4430;84,90744757;13,05753466;1990;Rohrschwirl;Locustelle luscinioïde;Salciaiola;Savi's Warbler
4430;85,55869103;13,05978791;1991;Rohrschwirl;Locustelle luscinioïde;Salciaiola;Savi's Warbler
4430;107,4435558;14,46225135;1992;Rohrschwirl;Locustelle luscinioïde;Salciaiola;Savi's Warbler
4430;102,8717373;14,02682076;1993;Rohrschwirl;Locustelle luscinioïde;Salciaiola;Savi's Warbler
4430;101,7100745;13,87324263;1994;Rohrschwirl;Locustelle luscinioïde;Salciaiola;Savi's Warbler
4430;98,246213;13,60818552;1995;Rohrschwirl;Locustelle luscinioïde;Salciaiola;Savi's Warbler
4430;96,74050143;13,60067517;1996;Rohrschwirl;Locustelle luscinioïde;Salciaiola;Savi's Warbler
4430;79,32991363;12,34364897;1997;Rohrschwirl;Locustelle luscinioïde;Salciaiola;Savi's Warbler
4430;67,6962904;11,39770705;1998;Rohrschwirl;Locustelle luscinioïde;Salciaiola;Savi's Warbler
4430;87,87220959;12,73614272;1999;Rohrschwirl;Locustelle luscinioïde;Salciaiola;Savi's Warbler
4430;61,68661922;8,284603547;2000;Rohrschwirl;Locustelle luscinioïde;Salciaiola;Savi's Warbler
4430;74,29459644;8,673918885;2001;Rohrschwirl;Locustelle luscinioïde;Salciaiola;Savi's Warbler
4430;76,39462755;8,785728202;2002;Rohrschwirl;Locustelle luscinioïde;Salciaiola;Savi's Warbler
4430;79,79162258;8,997375516;2003;Rohrschwirl;Locustelle luscinioïde;Salciaiola;Savi's Warbler
4430;70,07178705;8,371246784;2004;Rohrschwirl;Locustelle luscinioïde;Salciaiola;Savi's Warbler
4430;64,88917357;7,594464908;2005;Rohrschwirl;Locustelle luscinioïde;Salciaiola;Savi's Warbler
4430;63,65426696;7,764745387;2006;Rohrschwirl;Locustelle luscinioïde;Salciaiola;Savi's Warbler
4430;87,59957095;9,032921924;2007;Rohrschwirl;Locustelle luscinioïde;Salciaiola;Savi's Warbler
4430;90,74621663;10,07347757;2008;Rohrschwirl;Locustelle luscinioïde;Salciaiola;Savi's Warbler
4430;92,6689479;9,299371288;2009;Rohrschwirl;Locustelle luscinioïde;Salciaiola;Savi's Warbler
4430;106,8922477;9,872196248;2010;Rohrschwirl;Locustelle luscinioïde;Salciaiola;Savi's Warbler
4430;119,9138737;10,43801768;2011;Rohrschwirl;Locustelle luscinioïde;Salciaiola;Savi's Warbler
4430;94,06717181;9,24563137;2012;Rohrschwirl;Locustelle luscinioïde;Salciaiola;Savi's Warbler
4430;91,10182909;8,768380766;2013;Rohrschwirl;Locustelle luscinioïde;Salciaiola;Savi's Warbler
4430;103,3382615;9,336302265;2014;Rohrschwirl;Locustelle luscinioïde;Salciaiola;Savi's Warbler
4430;112,4506427;9,733914282;2015;Rohrschwirl;Locustelle luscinioïde;Salciaiola;Savi's Warbler
4430;126,5824657;10,3916262;2016;Rohrschwirl;Locustelle luscinioïde;Salciaiola;Savi's Warbler
4430;133,4257616;9,901365735;2017;Rohrschwirl;Locustelle luscinioïde;Salciaiola;Savi's Warbler
4430;129,1972723;9,782375951;2018;Rohrschwirl;Locustelle luscinioïde;Salciaiola;Savi's Warbler
4430;132,0478764;9,829629504;2019;Rohrschwirl;Locustelle luscinioïde;Salciaiola;Savi's Warbler
4430;138,6577243;10,11397051;2020;Rohrschwirl;Locustelle luscinioïde;Salciaiola;Savi's Warbler
4430;182,7903184;11,65378871;2021;Rohrschwirl;Locustelle luscinioïde;Salciaiola;Savi's Warbler
4430;155,3604916;10,85350445;2022;Rohrschwirl;Locustelle luscinioïde;Salciaiola;Savi's Warbler
4530;317,6077589;70,53075097;1990;Gelbspötter;Hypolaïs ictérine ;Canapino maggiore ;Icterine Warbler
4530;311,1494725;57,62418746;1991;Gelbspötter;Hypolaïs ictérine ;Canapino maggiore ;Icterine Warbler
4530;297,9869281;50,60826058;1992;Gelbspötter;Hypolaïs ictérine ;Canapino maggiore ;Icterine Warbler
4530;211,1786022;37,26410816;1993;Gelbspötter;Hypolaïs ictérine ;Canapino maggiore ;Icterine Warbler
4530;154,7921159;29,97586537;1994;Gelbspötter;Hypolaïs ictérine ;Canapino maggiore ;Icterine Warbler
4530;142,0489091;27,64166097;1995;Gelbspötter;Hypolaïs ictérine ;Canapino maggiore ;Icterine Warbler
4530;134,5279583;24,2921351;1996;Gelbspötter;Hypolaïs ictérine ;Canapino maggiore ;Icterine Warbler
4530;107,7690733;19,8785194;1997;Gelbspötter;Hypolaïs ictérine ;Canapino maggiore ;Icterine Warbler
4530;88,05667768;17,47656777;1998;Gelbspötter;Hypolaïs ictérine ;Canapino maggiore ;Icterine Warbler
4530;81,71399445;16,01314954;1999;Gelbspötter;Hypolaïs ictérine ;Canapino maggiore ;Icterine Warbler
4530;81,48464694;14,30506979;2000;Gelbspötter;Hypolaïs ictérine ;Canapino maggiore ;Icterine Warbler
4530;89,92447616;16,09161971;2001;Gelbspötter;Hypolaïs ictérine ;Canapino maggiore ;Icterine Warbler
4530;84,8002251;16,54206315;2002;Gelbspötter;Hypolaïs ictérine ;Canapino maggiore ;Icterine Warbler
4530;91,84478153;16,20603249;2003;Gelbspötter;Hypolaïs ictérine ;Canapino maggiore ;Icterine Warbler
4530;78,44724286;13,6697081;2004;Gelbspötter;Hypolaïs ictérine ;Canapino maggiore ;Icterine Warbler
4530;54,96693333;11,498964;2005;Gelbspötter;Hypolaïs ictérine ;Canapino maggiore ;Icterine Warbler
4530;59,32153237;10,90506046;2006;Gelbspötter;Hypolaïs ictérine ;Canapino maggiore ;Icterine Warbler
4530;68,32128658;12,31902619;2007;Gelbspötter;Hypolaïs ictérine ;Canapino maggiore ;Icterine Warbler
4530;72,37683953;12,11865613;2008;Gelbspötter;Hypolaïs ictérine ;Canapino maggiore ;Icterine Warbler
4530;65,92014426;11,21380039;2009;Gelbspötter;Hypolaïs ictérine ;Canapino maggiore ;Icterine Warbler
4530;64,53717066;10,47925176;2010;Gelbspötter;Hypolaïs ictérine ;Canapino maggiore ;Icterine Warbler
4530;62,53472751;10,60676403;2011;Gelbspötter;Hypolaïs ictérine ;Canapino maggiore ;Icterine Warbler
4530;51,80349071;8,912151851;2012;Gelbspötter;Hypolaïs ictérine ;Canapino maggiore ;Icterine Warbler
4530;48,34391708;8,152767548;2013;Gelbspötter;Hypolaïs ictérine ;Canapino maggiore ;Icterine Warbler
4530;43,76120038;8,417542403;2014;Gelbspötter;Hypolaïs ictérine ;Canapino maggiore ;Icterine Warbler
4530;53,557587;9,280676682;2015;Gelbspötter;Hypolaïs ictérine ;Canapino maggiore ;Icterine Warbler
4530;58,41050396;10,99436947;2016;Gelbspötter;Hypolaïs ictérine ;Canapino maggiore ;Icterine Warbler
4530;48,0884273;8,982476803;2017;Gelbspötter;Hypolaïs ictérine ;Canapino maggiore ;Icterine Warbler
4530;41,33521707;9,188799475;2018;Gelbspötter;Hypolaïs ictérine ;Canapino maggiore ;Icterine Warbler
4530;59,03830328;10,88782199;2019;Gelbspötter;Hypolaïs ictérine ;Canapino maggiore ;Icterine Warbler
4530;55,28181097;9,853124722;2020;Gelbspötter;Hypolaïs ictérine ;Canapino maggiore ;Icterine Warbler
4530;55,81233711;9,71246789;2021;Gelbspötter;Hypolaïs ictérine ;Canapino maggiore ;Icterine Warbler
4530;63,25570796;12,59317745;2022;Gelbspötter;Hypolaïs ictérine ;Canapino maggiore ;Icterine Warbler
4520;88,92676034;12,30411167;1990;Orpheusspötter;Hypolaïs polyglotte ;Canapino comune ;Melodious Warbler 
4520;91,46563807;10,47241937;1991;Orpheusspötter;Hypolaïs polyglotte ;Canapino comune ;Melodious Warbler 
4520;91,64451124;10,27345278;1992;Orpheusspötter;Hypolaïs polyglotte ;Canapino comune ;Melodious Warbler 
4520;95,14642913;10,76511304;1993;Orpheusspötter;Hypolaïs polyglotte ;Canapino comune ;Melodious Warbler 
4520;92,31384058;8,990118734;1994;Orpheusspötter;Hypolaïs polyglotte ;Canapino comune ;Melodious Warbler 
4520;92,95878195;9,970824313;1995;Orpheusspötter;Hypolaïs polyglotte ;Canapino comune ;Melodious Warbler 
4520;92,34657909;8,472182078;1996;Orpheusspötter;Hypolaïs polyglotte ;Canapino comune ;Melodious Warbler 
4520;90,90400343;8,580487759;1997;Orpheusspötter;Hypolaïs polyglotte ;Canapino comune ;Melodious Warbler 
4520;90,2563107;9,348508569;1998;Orpheusspötter;Hypolaïs polyglotte ;Canapino comune ;Melodious Warbler 
4520;81,78072198;7,636752192;1999;Orpheusspötter;Hypolaïs polyglotte ;Canapino comune ;Melodious Warbler 
4520;74,09369636;7,212007493;2000;Orpheusspötter;Hypolaïs polyglotte ;Canapino comune ;Melodious Warbler 
4520;71,43978344;7,74780727;2001;Orpheusspötter;Hypolaïs polyglotte ;Canapino comune ;Melodious Warbler 
4520;72,70129083;7,452098794;2002;Orpheusspötter;Hypolaïs polyglotte ;Canapino comune ;Melodious Warbler 
4520;71,95446186;7,414278878;2003;Orpheusspötter;Hypolaïs polyglotte ;Canapino comune ;Melodious Warbler 
4520;74,6028178;7,054614057;2004;Orpheusspötter;Hypolaïs polyglotte ;Canapino comune ;Melodious Warbler 
4520;77,08268692;7,114981918;2005;Orpheusspötter;Hypolaïs polyglotte ;Canapino comune ;Melodious Warbler 
4520;79,46341362;7,601415048;2006;Orpheusspötter;Hypolaïs polyglotte ;Canapino comune ;Melodious Warbler 
4520;82,91175024;7,994573027;2007;Orpheusspötter;Hypolaïs polyglotte ;Canapino comune ;Melodious Warbler 
4520;84,20858536;7,58663897;2008;Orpheusspötter;Hypolaïs polyglotte ;Canapino comune ;Melodious Warbler 
4520;85,6787255;7,524866776;2009;Orpheusspötter;Hypolaïs polyglotte ;Canapino comune ;Melodious Warbler 
4520;91,45209659;8,136593362;2010;Orpheusspötter;Hypolaïs polyglotte ;Canapino comune ;Melodious Warbler 
4520;96,66301693;8,540654708;2011;Orpheusspötter;Hypolaïs polyglotte ;Canapino comune ;Melodious Warbler 
4520;103,2933632;8,67532523;2012;Orpheusspötter;Hypolaïs polyglotte ;Canapino comune ;Melodious Warbler 
4520;105,238238;8,965230793;2013;Orpheusspötter;Hypolaïs polyglotte ;Canapino comune ;Melodious Warbler 
4520;111,2082534;9,250130895;2014;Orpheusspötter;Hypolaïs polyglotte ;Canapino comune ;Melodious Warbler 
4520;123,5030765;9,565100657;2015;Orpheusspötter;Hypolaïs polyglotte ;Canapino comune ;Melodious Warbler 
4520;125,5132855;9,658696274;2016;Orpheusspötter;Hypolaïs polyglotte ;Canapino comune ;Melodious Warbler 
4520;127,118738;10,81510485;2017;Orpheusspötter;Hypolaïs polyglotte ;Canapino comune ;Melodious Warbler 
4520;130,4430526;10,83518041;2018;Orpheusspötter;Hypolaïs polyglotte ;Canapino comune ;Melodious Warbler 
4520;136,4634812;10,67489701;2019;Orpheusspötter;Hypolaïs polyglotte ;Canapino comune ;Melodious Warbler 
4520;147,4874167;10,37040104;2020;Orpheusspötter;Hypolaïs polyglotte ;Canapino comune ;Melodious Warbler 
4520;158,6634144;12,96219005;2021;Orpheusspötter;Hypolaïs polyglotte ;Canapino comune ;Melodious Warbler 
4520;161,0717786;16,45764218;2022;Orpheusspötter;Hypolaïs polyglotte ;Canapino comune ;Melodious Warbler 
4470;126,9750938;9,104359914;1990;Sumpfrohrsänger;Rousserolle verderolle;Cannaiola verdognola;Marsh Warbler 
4470;100,1376803;7,826132503;1991;Sumpfrohrsänger;Rousserolle verderolle;Cannaiola verdognola;Marsh Warbler 
4470;96,81957139;7,182264486;1992;Sumpfrohrsänger;Rousserolle verderolle;Cannaiola verdognola;Marsh Warbler 
4470;104,8310167;7,237043941;1993;Sumpfrohrsänger;Rousserolle verderolle;Cannaiola verdognola;Marsh Warbler 
4470;113,2623998;7,498030482;1994;Sumpfrohrsänger;Rousserolle verderolle;Cannaiola verdognola;Marsh Warbler 
4470;91,24587726;7,041931875;1995;Sumpfrohrsänger;Rousserolle verderolle;Cannaiola verdognola;Marsh Warbler 
4470;116,4590963;7,88905021;1996;Sumpfrohrsänger;Rousserolle verderolle;Cannaiola verdognola;Marsh Warbler 
4470;96,8158152;7,047049702;1997;Sumpfrohrsänger;Rousserolle verderolle;Cannaiola verdognola;Marsh Warbler 
4470;72,64561224;5,58496141;1998;Sumpfrohrsänger;Rousserolle verderolle;Cannaiola verdognola;Marsh Warbler 
4470;87,08367076;6,336692229;1999;Sumpfrohrsänger;Rousserolle verderolle;Cannaiola verdognola;Marsh Warbler 
4470;81,61716232;5,467427929;2000;Sumpfrohrsänger;Rousserolle verderolle;Cannaiola verdognola;Marsh Warbler 
4470;85,01749732;6,058288896;2001;Sumpfrohrsänger;Rousserolle verderolle;Cannaiola verdognola;Marsh Warbler 
4470;81,99243729;5,360919442;2002;Sumpfrohrsänger;Rousserolle verderolle;Cannaiola verdognola;Marsh Warbler 
4470;87,16349286;5,744808302;2003;Sumpfrohrsänger;Rousserolle verderolle;Cannaiola verdognola;Marsh Warbler 
4470;83,39728597;5,183741701;2004;Sumpfrohrsänger;Rousserolle verderolle;Cannaiola verdognola;Marsh Warbler 
4470;90,03887504;5,199093987;2005;Sumpfrohrsänger;Rousserolle verderolle;Cannaiola verdognola;Marsh Warbler 
4470;96,4747104;5,277845192;2006;Sumpfrohrsänger;Rousserolle verderolle;Cannaiola verdognola;Marsh Warbler 
4470;104,0882858;5,495778487;2007;Sumpfrohrsänger;Rousserolle verderolle;Cannaiola verdognola;Marsh Warbler 
4470;98,72805138;5,435880262;2008;Sumpfrohrsänger;Rousserolle verderolle;Cannaiola verdognola;Marsh Warbler 
4470;97,12707885;5,425941634;2009;Sumpfrohrsänger;Rousserolle verderolle;Cannaiola verdognola;Marsh Warbler 
4470;119,1930429;5,783548751;2010;Sumpfrohrsänger;Rousserolle verderolle;Cannaiola verdognola;Marsh Warbler 
4470;95,75615938;5,165888134;2011;Sumpfrohrsänger;Rousserolle verderolle;Cannaiola verdognola;Marsh Warbler 
4470;97,47695102;5,193264867;2012;Sumpfrohrsänger;Rousserolle verderolle;Cannaiola verdognola;Marsh Warbler 
4470;103,3055854;5,468605239;2013;Sumpfrohrsänger;Rousserolle verderolle;Cannaiola verdognola;Marsh Warbler 
4470;116,9328264;5,799615294;2014;Sumpfrohrsänger;Rousserolle verderolle;Cannaiola verdognola;Marsh Warbler 
4470;114,5772865;5,667501005;2015;Sumpfrohrsänger;Rousserolle verderolle;Cannaiola verdognola;Marsh Warbler 
4470;102,085543;5,340955449;2016;Sumpfrohrsänger;Rousserolle verderolle;Cannaiola verdognola;Marsh Warbler 
4470;95,31138934;5,081407587;2017;Sumpfrohrsänger;Rousserolle verderolle;Cannaiola verdognola;Marsh Warbler 
4470;107,6805712;5,502438203;2018;Sumpfrohrsänger;Rousserolle verderolle;Cannaiola verdognola;Marsh Warbler 
4470;99,70027976;5,176712145;2019;Sumpfrohrsänger;Rousserolle verderolle;Cannaiola verdognola;Marsh Warbler 
4470;112,7076059;5,664905208;2020;Sumpfrohrsänger;Rousserolle verderolle;Cannaiola verdognola;Marsh Warbler 
4470;111,6138359;5,468287368;2021;Sumpfrohrsänger;Rousserolle verderolle;Cannaiola verdognola;Marsh Warbler 
4470;111,7382124;5,648434564;2022;Sumpfrohrsänger;Rousserolle verderolle;Cannaiola verdognola;Marsh Warbler 
4460;100,0554915;5,090657743;1990;Teichrohrsänger;Rousserolle effarvatte;Cannaiola comune;Eurasian Reed Warbler 
4460;100,0938865;4,830443998;1991;Teichrohrsänger;Rousserolle effarvatte;Cannaiola comune;Eurasian Reed Warbler 
4460;101,3505798;4,560508008;1992;Teichrohrsänger;Rousserolle effarvatte;Cannaiola comune;Eurasian Reed Warbler 
4460;109,7664282;4,637619916;1993;Teichrohrsänger;Rousserolle effarvatte;Cannaiola comune;Eurasian Reed Warbler 
4460;98,85019425;4,416173965;1994;Teichrohrsänger;Rousserolle effarvatte;Cannaiola comune;Eurasian Reed Warbler 
4460;111,2955256;4,737874578;1995;Teichrohrsänger;Rousserolle effarvatte;Cannaiola comune;Eurasian Reed Warbler 
4460;105,340748;4,633382765;1996;Teichrohrsänger;Rousserolle effarvatte;Cannaiola comune;Eurasian Reed Warbler 
4460;104,5604277;4,698588669;1997;Teichrohrsänger;Rousserolle effarvatte;Cannaiola comune;Eurasian Reed Warbler 
4460;98,76368287;4,481598806;1998;Teichrohrsänger;Rousserolle effarvatte;Cannaiola comune;Eurasian Reed Warbler 
4460;88,47978631;3,936708326;1999;Teichrohrsänger;Rousserolle effarvatte;Cannaiola comune;Eurasian Reed Warbler 
4460;102,7981617;4,076704062;2000;Teichrohrsänger;Rousserolle effarvatte;Cannaiola comune;Eurasian Reed Warbler 
4460;95,88281938;3,924342157;2001;Teichrohrsänger;Rousserolle effarvatte;Cannaiola comune;Eurasian Reed Warbler 
4460;100,8402282;3,971039467;2002;Teichrohrsänger;Rousserolle effarvatte;Cannaiola comune;Eurasian Reed Warbler 
4460;97,96737288;3,863987374;2003;Teichrohrsänger;Rousserolle effarvatte;Cannaiola comune;Eurasian Reed Warbler 
4460;102,2129123;3,765996726;2004;Teichrohrsänger;Rousserolle effarvatte;Cannaiola comune;Eurasian Reed Warbler 
4460;102,1126;3,591506434;2005;Teichrohrsänger;Rousserolle effarvatte;Cannaiola comune;Eurasian Reed Warbler 
4460;106,1507167;3,634452472;2006;Teichrohrsänger;Rousserolle effarvatte;Cannaiola comune;Eurasian Reed Warbler 
4460;105,0421802;3,571248334;2007;Teichrohrsänger;Rousserolle effarvatte;Cannaiola comune;Eurasian Reed Warbler 
4460;100,0258665;3,483987849;2008;Teichrohrsänger;Rousserolle effarvatte;Cannaiola comune;Eurasian Reed Warbler 
4460;102,8871311;3,457461476;2009;Teichrohrsänger;Rousserolle effarvatte;Cannaiola comune;Eurasian Reed Warbler 
4460;104,1540579;3,448417478;2010;Teichrohrsänger;Rousserolle effarvatte;Cannaiola comune;Eurasian Reed Warbler 
4460;93,23187519;3,124668087;2011;Teichrohrsänger;Rousserolle effarvatte;Cannaiola comune;Eurasian Reed Warbler 
4460;93,77915717;3,113352559;2012;Teichrohrsänger;Rousserolle effarvatte;Cannaiola comune;Eurasian Reed Warbler 
4460;92,37275387;3,07212038;2013;Teichrohrsänger;Rousserolle effarvatte;Cannaiola comune;Eurasian Reed Warbler 
4460;91,88127199;3,061620313;2014;Teichrohrsänger;Rousserolle effarvatte;Cannaiola comune;Eurasian Reed Warbler 
4460;96,42474649;3,120094532;2015;Teichrohrsänger;Rousserolle effarvatte;Cannaiola comune;Eurasian Reed Warbler 
4460;96,53104847;3,099506989;2016;Teichrohrsänger;Rousserolle effarvatte;Cannaiola comune;Eurasian Reed Warbler 
4460;95,75917719;3,03302857;2017;Teichrohrsänger;Rousserolle effarvatte;Cannaiola comune;Eurasian Reed Warbler 
4460;92,45767895;2,954550574;2018;Teichrohrsänger;Rousserolle effarvatte;Cannaiola comune;Eurasian Reed Warbler 
4460;103,5367204;3,15770052;2019;Teichrohrsänger;Rousserolle effarvatte;Cannaiola comune;Eurasian Reed Warbler 
4460;103,6064059;3,196650365;2020;Teichrohrsänger;Rousserolle effarvatte;Cannaiola comune;Eurasian Reed Warbler 
4460;112,2451909;3,312613255;2021;Teichrohrsänger;Rousserolle effarvatte;Cannaiola comune;Eurasian Reed Warbler 
4460;89,54317574;3,023141812;2022;Teichrohrsänger;Rousserolle effarvatte;Cannaiola comune;Eurasian Reed Warbler 
4450;101,1716499;26,12352739;1990;Drosselrohrsänger;Rousserolle turdoïde;Cannareccione ;Great Reed Warbler
4450;72,52650678;21,12496212;1991;Drosselrohrsänger;Rousserolle turdoïde;Cannareccione ;Great Reed Warbler
4450;109,7850546;16,49095345;1992;Drosselrohrsänger;Rousserolle turdoïde;Cannareccione ;Great Reed Warbler
4450;106,8993418;15,41451085;1993;Drosselrohrsänger;Rousserolle turdoïde;Cannareccione ;Great Reed Warbler
4450;71,55764576;12,52846136;1994;Drosselrohrsänger;Rousserolle turdoïde;Cannareccione ;Great Reed Warbler
4450;98,80084841;14,1832253;1995;Drosselrohrsänger;Rousserolle turdoïde;Cannareccione ;Great Reed Warbler
4450;90,04721713;14,048089;1996;Drosselrohrsänger;Rousserolle turdoïde;Cannareccione ;Great Reed Warbler
4450;56,83407866;10,61007802;1997;Drosselrohrsänger;Rousserolle turdoïde;Cannareccione ;Great Reed Warbler
4450;60,42188189;11,46367092;1998;Drosselrohrsänger;Rousserolle turdoïde;Cannareccione ;Great Reed Warbler
4450;47,34668241;9,857442875;1999;Drosselrohrsänger;Rousserolle turdoïde;Cannareccione ;Great Reed Warbler
4450;68,31153684;8,287693734;2000;Drosselrohrsänger;Rousserolle turdoïde;Cannareccione ;Great Reed Warbler
4450;64,26331511;8,210568664;2001;Drosselrohrsänger;Rousserolle turdoïde;Cannareccione ;Great Reed Warbler
4450;60,25131596;7,515479401;2002;Drosselrohrsänger;Rousserolle turdoïde;Cannareccione ;Great Reed Warbler
4450;68,61524709;9,56856635;2003;Drosselrohrsänger;Rousserolle turdoïde;Cannareccione ;Great Reed Warbler
4450;71,78554205;9,311468196;2004;Drosselrohrsänger;Rousserolle turdoïde;Cannareccione ;Great Reed Warbler
4450;75,0483277;8,126121581;2005;Drosselrohrsänger;Rousserolle turdoïde;Cannareccione ;Great Reed Warbler
4450;87,32329792;8,773432597;2006;Drosselrohrsänger;Rousserolle turdoïde;Cannareccione ;Great Reed Warbler
4450;89,35382783;8,855173971;2007;Drosselrohrsänger;Rousserolle turdoïde;Cannareccione ;Great Reed Warbler
4450;83,76871946;8,556729182;2008;Drosselrohrsänger;Rousserolle turdoïde;Cannareccione ;Great Reed Warbler
4450;74,26148639;8,028444594;2009;Drosselrohrsänger;Rousserolle turdoïde;Cannareccione ;Great Reed Warbler
4450;77,64254835;8,057191714;2010;Drosselrohrsänger;Rousserolle turdoïde;Cannareccione ;Great Reed Warbler
4450;89,0658882;8,58711095;2011;Drosselrohrsänger;Rousserolle turdoïde;Cannareccione ;Great Reed Warbler
4450;99,04654696;9,036599172;2012;Drosselrohrsänger;Rousserolle turdoïde;Cannareccione ;Great Reed Warbler
4450;116,7296715;9,757296922;2013;Drosselrohrsänger;Rousserolle turdoïde;Cannareccione ;Great Reed Warbler
4450;110,6281315;9,523658207;2014;Drosselrohrsänger;Rousserolle turdoïde;Cannareccione ;Great Reed Warbler
4450;131,5841397;10,36505169;2015;Drosselrohrsänger;Rousserolle turdoïde;Cannareccione ;Great Reed Warbler
4450;132,3185156;10,36668234;2016;Drosselrohrsänger;Rousserolle turdoïde;Cannareccione ;Great Reed Warbler
4450;132,380849;10,20099008;2017;Drosselrohrsänger;Rousserolle turdoïde;Cannareccione ;Great Reed Warbler
4450;154,5412199;11,13317776;2018;Drosselrohrsänger;Rousserolle turdoïde;Cannareccione ;Great Reed Warbler
4450;171,5757432;11,61976774;2019;Drosselrohrsänger;Rousserolle turdoïde;Cannareccione ;Great Reed Warbler
4450;183,1392429;12,12920094;2020;Drosselrohrsänger;Rousserolle turdoïde;Cannareccione ;Great Reed Warbler
4450;187,27407;12,20834344;2021;Drosselrohrsänger;Rousserolle turdoïde;Cannareccione ;Great Reed Warbler
4450;155,6999094;12,33394157;2022;Drosselrohrsänger;Rousserolle turdoïde;Cannareccione ;Great Reed Warbler
4580;471,4285714;0;1990;Sperbergrasmücke;Fauvette épervière;Bigia padovana;Barred Warbler
4580;332,7731092;0;1991;Sperbergrasmücke;Fauvette épervière;Bigia padovana;Barred Warbler
4580;305,0420168;0;1992;Sperbergrasmücke;Fauvette épervière;Bigia padovana;Barred Warbler
4580;194,1176471;0;1993;Sperbergrasmücke;Fauvette épervière;Bigia padovana;Barred Warbler
4580;55,46218487;0;1994;Sperbergrasmücke;Fauvette épervière;Bigia padovana;Barred Warbler
4580;166,3865546;0;1995;Sperbergrasmücke;Fauvette épervière;Bigia padovana;Barred Warbler
4580;110,9243697;0;1996;Sperbergrasmücke;Fauvette épervière;Bigia padovana;Barred Warbler
4580;27,73109244;0;1997;Sperbergrasmücke;Fauvette épervière;Bigia padovana;Barred Warbler
4580;0;0;1998;Sperbergrasmücke;Fauvette épervière;Bigia padovana;Barred Warbler
4580;55,46218487;0;1999;Sperbergrasmücke;Fauvette épervière;Bigia padovana;Barred Warbler
4580;83,19327731;0;2000;Sperbergrasmücke;Fauvette épervière;Bigia padovana;Barred Warbler
4580;221,8487395;0;2001;Sperbergrasmücke;Fauvette épervière;Bigia padovana;Barred Warbler
4580;83,19327731;0;2002;Sperbergrasmücke;Fauvette épervière;Bigia padovana;Barred Warbler
4580;138,6554622;0;2003;Sperbergrasmücke;Fauvette épervière;Bigia padovana;Barred Warbler
4580;138,6554622;0;2004;Sperbergrasmücke;Fauvette épervière;Bigia padovana;Barred Warbler
4580;110,9243697;0;2005;Sperbergrasmücke;Fauvette épervière;Bigia padovana;Barred Warbler
4580;55,46218487;0;2006;Sperbergrasmücke;Fauvette épervière;Bigia padovana;Barred Warbler
4580;55,46218487;0;2007;Sperbergrasmücke;Fauvette épervière;Bigia padovana;Barred Warbler
4580;55,46218487;0;2008;Sperbergrasmücke;Fauvette épervière;Bigia padovana;Barred Warbler
4580;110,9243697;0;2009;Sperbergrasmücke;Fauvette épervière;Bigia padovana;Barred Warbler
4580;110,9243697;0;2010;Sperbergrasmücke;Fauvette épervière;Bigia padovana;Barred Warbler
4580;55,46218487;0;2011;Sperbergrasmücke;Fauvette épervière;Bigia padovana;Barred Warbler
4580;83,19327731;0;2012;Sperbergrasmücke;Fauvette épervière;Bigia padovana;Barred Warbler
4580;83,19327731;0;2013;Sperbergrasmücke;Fauvette épervière;Bigia padovana;Barred Warbler
4580;55,46218487;0;2014;Sperbergrasmücke;Fauvette épervière;Bigia padovana;Barred Warbler
4580;83,19327731;0;2015;Sperbergrasmücke;Fauvette épervière;Bigia padovana;Barred Warbler
4580;0;0;2016;Sperbergrasmücke;Fauvette épervière;Bigia padovana;Barred Warbler
4580;0;0;2017;Sperbergrasmücke;Fauvette épervière;Bigia padovana;Barred Warbler
4580;27,73109244;0;2018;Sperbergrasmücke;Fauvette épervière;Bigia padovana;Barred Warbler
4580;27,73109244;0;2019;Sperbergrasmücke;Fauvette épervière;Bigia padovana;Barred Warbler
4580;0;0;2020;Sperbergrasmücke;Fauvette épervière;Bigia padovana;Barred Warbler
4580;0;0;2021;Sperbergrasmücke;Fauvette épervière;Bigia padovana;Barred Warbler
4580;0;0;2022;Sperbergrasmücke;Fauvette épervière;Bigia padovana;Barred Warbler
4620;98,65335756;4,506732068;1990;Klappergrasmücke;Fauvette babillarde ;Bigiarella;Lesser Whitethroat
4620;98,87239084;4,326562947;1991;Klappergrasmücke;Fauvette babillarde ;Bigiarella;Lesser Whitethroat
4620;100,252937;4,544667102;1992;Klappergrasmücke;Fauvette babillarde ;Bigiarella;Lesser Whitethroat
4620;100,2855216;4,765677679;1993;Klappergrasmücke;Fauvette babillarde ;Bigiarella;Lesser Whitethroat
4620;99,66249059;4,398469293;1994;Klappergrasmücke;Fauvette babillarde ;Bigiarella;Lesser Whitethroat
4620;98,25750291;4,271899898;1995;Klappergrasmücke;Fauvette babillarde ;Bigiarella;Lesser Whitethroat
4620;92,86386996;4,327886948;1996;Klappergrasmücke;Fauvette babillarde ;Bigiarella;Lesser Whitethroat
4620;84,84589295;4,054936324;1997;Klappergrasmücke;Fauvette babillarde ;Bigiarella;Lesser Whitethroat
4620;85,70859286;3,830689165;1998;Klappergrasmücke;Fauvette babillarde ;Bigiarella;Lesser Whitethroat
4620;80,59563824;7,289726629;1999;Klappergrasmücke;Fauvette babillarde ;Bigiarella;Lesser Whitethroat
4620;82,16482439;7,137954261;2000;Klappergrasmücke;Fauvette babillarde ;Bigiarella;Lesser Whitethroat
4620;95,92370199;7,854991554;2001;Klappergrasmücke;Fauvette babillarde ;Bigiarella;Lesser Whitethroat
4620;94,08727311;7,636621156;2002;Klappergrasmücke;Fauvette babillarde ;Bigiarella;Lesser Whitethroat
4620;88,50442291;7,399159813;2003;Klappergrasmücke;Fauvette babillarde ;Bigiarella;Lesser Whitethroat
4620;106,2683177;8,075460992;2004;Klappergrasmücke;Fauvette babillarde ;Bigiarella;Lesser Whitethroat
4620;72,13532209;6,716765385;2005;Klappergrasmücke;Fauvette babillarde ;Bigiarella;Lesser Whitethroat
4620;79,42598633;7,158448993;2006;Klappergrasmücke;Fauvette babillarde ;Bigiarella;Lesser Whitethroat
4620;96,65368188;7,792641756;2007;Klappergrasmücke;Fauvette babillarde ;Bigiarella;Lesser Whitethroat
4620;104,5450477;8,012640749;2008;Klappergrasmücke;Fauvette babillarde ;Bigiarella;Lesser Whitethroat
4620;95,35427424;7,667212527;2009;Klappergrasmücke;Fauvette babillarde ;Bigiarella;Lesser Whitethroat
4620;95,92869758;7,689340123;2010;Klappergrasmücke;Fauvette babillarde ;Bigiarella;Lesser Whitethroat
4620;98,84930911;7,802616936;2011;Klappergrasmücke;Fauvette babillarde ;Bigiarella;Lesser Whitethroat
4620;95,99925663;7,694877919;2012;Klappergrasmücke;Fauvette babillarde ;Bigiarella;Lesser Whitethroat
4620;88,06495336;7,41135268;2013;Klappergrasmücke;Fauvette babillarde ;Bigiarella;Lesser Whitethroat
4620;103,9706243;7,991569457;2014;Klappergrasmücke;Fauvette babillarde ;Bigiarella;Lesser Whitethroat
4620;95,91825091;7,711615137;2015;Klappergrasmücke;Fauvette babillarde ;Bigiarella;Lesser Whitethroat
4620;112,4007996;8,30873832;2016;Klappergrasmücke;Fauvette babillarde ;Bigiarella;Lesser Whitethroat
4620;110,9984062;8,292845822;2017;Klappergrasmücke;Fauvette babillarde ;Bigiarella;Lesser Whitethroat
4620;119,8605414;8,565162168;2018;Klappergrasmücke;Fauvette babillarde ;Bigiarella;Lesser Whitethroat
4620;97,65249341;7,824575452;2019;Klappergrasmücke;Fauvette babillarde ;Bigiarella;Lesser Whitethroat
4620;149,286969;9,499944516;2020;Klappergrasmücke;Fauvette babillarde ;Bigiarella;Lesser Whitethroat
4620;144,7939563;9,350280006;2021;Klappergrasmücke;Fauvette babillarde ;Bigiarella;Lesser Whitethroat
4620;131,2146954;9,01294932;2022;Klappergrasmücke;Fauvette babillarde ;Bigiarella;Lesser Whitethroat
4610;93,08694796;11,12825842;1990;Dorngrasmücke;Fauvette grisette ;Sterpazzola ;Common Whitethroat
4610;99,97696299;10,99870078;1991;Dorngrasmücke;Fauvette grisette ;Sterpazzola ;Common Whitethroat
4610;102,013271;9,998165211;1992;Dorngrasmücke;Fauvette grisette ;Sterpazzola ;Common Whitethroat
4610;97,35279297;9,048167367;1993;Dorngrasmücke;Fauvette grisette ;Sterpazzola ;Common Whitethroat
4610;95,80448044;9,602484893;1994;Dorngrasmücke;Fauvette grisette ;Sterpazzola ;Common Whitethroat
4610;89,7170322;8,003404428;1995;Dorngrasmücke;Fauvette grisette ;Sterpazzola ;Common Whitethroat
4610;96,23415966;9,196041087;1996;Dorngrasmücke;Fauvette grisette ;Sterpazzola ;Common Whitethroat
4610;88,83109411;8,02022446;1997;Dorngrasmücke;Fauvette grisette ;Sterpazzola ;Common Whitethroat
4610;87,69742819;7,632372213;1998;Dorngrasmücke;Fauvette grisette ;Sterpazzola ;Common Whitethroat
4610;82,32400578;7,362241744;1999;Dorngrasmücke;Fauvette grisette ;Sterpazzola ;Common Whitethroat
4610;84,53142634;7,2828966;2000;Dorngrasmücke;Fauvette grisette ;Sterpazzola ;Common Whitethroat
4610;79,64622083;7,623178634;2001;Dorngrasmücke;Fauvette grisette ;Sterpazzola ;Common Whitethroat
4610;72,13068726;7,37203235;2002;Dorngrasmücke;Fauvette grisette ;Sterpazzola ;Common Whitethroat
4610;70,86436412;5,77778935;2003;Dorngrasmücke;Fauvette grisette ;Sterpazzola ;Common Whitethroat
4610;67,54949067;5,818680761;2004;Dorngrasmücke;Fauvette grisette ;Sterpazzola ;Common Whitethroat
4610;65,86564967;5,824524633;2005;Dorngrasmücke;Fauvette grisette ;Sterpazzola ;Common Whitethroat
4610;72,86394665;5,649199535;2006;Dorngrasmücke;Fauvette grisette ;Sterpazzola ;Common Whitethroat
4610;77,79795372;6,853504131;2007;Dorngrasmücke;Fauvette grisette ;Sterpazzola ;Common Whitethroat
4610;87,32001059;6,214480285;2008;Dorngrasmücke;Fauvette grisette ;Sterpazzola ;Common Whitethroat
4610;96,22199228;6,243992634;2009;Dorngrasmücke;Fauvette grisette ;Sterpazzola ;Common Whitethroat
4610;108,5770585;9,254373103;2010;Dorngrasmücke;Fauvette grisette ;Sterpazzola ;Common Whitethroat
4610;97,73963056;7,261847895;2011;Dorngrasmücke;Fauvette grisette ;Sterpazzola ;Common Whitethroat
4610;94,36048318;6,932119662;2012;Dorngrasmücke;Fauvette grisette ;Sterpazzola ;Common Whitethroat
4610;104,437305;7,429893408;2013;Dorngrasmücke;Fauvette grisette ;Sterpazzola ;Common Whitethroat
4610;114,3760889;7,818660623;2014;Dorngrasmücke;Fauvette grisette ;Sterpazzola ;Common Whitethroat
4610;121,4405443;8,131577134;2015;Dorngrasmücke;Fauvette grisette ;Sterpazzola ;Common Whitethroat
4610;121,1394326;8,455071766;2016;Dorngrasmücke;Fauvette grisette ;Sterpazzola ;Common Whitethroat
4610;119,3965937;8,475956228;2017;Dorngrasmücke;Fauvette grisette ;Sterpazzola ;Common Whitethroat
4610;113,4667562;8,271290716;2018;Dorngrasmücke;Fauvette grisette ;Sterpazzola ;Common Whitethroat
4610;129,1906947;9,231238579;2019;Dorngrasmücke;Fauvette grisette ;Sterpazzola ;Common Whitethroat
4610;145,6819436;9,440205178;2020;Dorngrasmücke;Fauvette grisette ;Sterpazzola ;Common Whitethroat
4610;168,9482155;11,78465571;2021;Dorngrasmücke;Fauvette grisette ;Sterpazzola ;Common Whitethroat
4610;153,4153359;12,56538913;2022;Dorngrasmücke;Fauvette grisette ;Sterpazzola ;Common Whitethroat
4600;103,5249198;NA;1990;Gartengrasmücke;Fauvette des jardins;Beccafico ;Garden Warbler
4600;103,1522301;12,3788448;1991;Gartengrasmücke;Fauvette des jardins;Beccafico ;Garden Warbler
4600;110,7613117;12,81475108;1992;Gartengrasmücke;Fauvette des jardins;Beccafico ;Garden Warbler
4600;109,3947828;12,94860762;1993;Gartengrasmücke;Fauvette des jardins;Beccafico ;Garden Warbler
4600;118,0598186;13,64718834;1994;Gartengrasmücke;Fauvette des jardins;Beccafico ;Garden Warbler
4600;128,5468929;14,85681031;1995;Gartengrasmücke;Fauvette des jardins;Beccafico ;Garden Warbler
4600;122,1387004;14,32953377;1996;Gartengrasmücke;Fauvette des jardins;Beccafico ;Garden Warbler
4600;126,7559118;15,26496279;1997;Gartengrasmücke;Fauvette des jardins;Beccafico ;Garden Warbler
4600;132,6195633;8,905716635;1998;Gartengrasmücke;Fauvette des jardins;Beccafico ;Garden Warbler
4600;130,4043534;6,706136901;1999;Gartengrasmücke;Fauvette des jardins;Beccafico ;Garden Warbler
4600;123,4779552;6,326106711;2000;Gartengrasmücke;Fauvette des jardins;Beccafico ;Garden Warbler
4600;120,2451684;6,360843088;2001;Gartengrasmücke;Fauvette des jardins;Beccafico ;Garden Warbler
4600;115,8290102;6,126232734;2002;Gartengrasmücke;Fauvette des jardins;Beccafico ;Garden Warbler
4600;113,784322;6,068100914;2003;Gartengrasmücke;Fauvette des jardins;Beccafico ;Garden Warbler
4600;115,1334702;6,101840849;2004;Gartengrasmücke;Fauvette des jardins;Beccafico ;Garden Warbler
4600;117,9670302;6,179218059;2005;Gartengrasmücke;Fauvette des jardins;Beccafico ;Garden Warbler
4600;118,5945505;6,192155824;2006;Gartengrasmücke;Fauvette des jardins;Beccafico ;Garden Warbler
4600;101,9553445;5,810924113;2007;Gartengrasmücke;Fauvette des jardins;Beccafico ;Garden Warbler
4600;96,71095435;5,736788279;2008;Gartengrasmücke;Fauvette des jardins;Beccafico ;Garden Warbler
4600;86,18690697;5,326691698;2009;Gartengrasmücke;Fauvette des jardins;Beccafico ;Garden Warbler
4600;94,80559767;5,5793449;2010;Gartengrasmücke;Fauvette des jardins;Beccafico ;Garden Warbler
4600;94,05638597;5,559182193;2011;Gartengrasmücke;Fauvette des jardins;Beccafico ;Garden Warbler
4600;89,59420996;5,450238165;2012;Gartengrasmücke;Fauvette des jardins;Beccafico ;Garden Warbler
4600;72,71635744;4,965332539;2013;Gartengrasmücke;Fauvette des jardins;Beccafico ;Garden Warbler
4600;82,33899009;5,243106497;2014;Gartengrasmücke;Fauvette des jardins;Beccafico ;Garden Warbler
4600;73,06870299;4,942707736;2015;Gartengrasmücke;Fauvette des jardins;Beccafico ;Garden Warbler
4600;68,03483284;4,768068108;2016;Gartengrasmücke;Fauvette des jardins;Beccafico ;Garden Warbler
4600;81,89114101;5,236076303;2017;Gartengrasmücke;Fauvette des jardins;Beccafico ;Garden Warbler
4600;70,15343795;4,841180289;2018;Gartengrasmücke;Fauvette des jardins;Beccafico ;Garden Warbler
4600;77,57092466;5,225986837;2019;Gartengrasmücke;Fauvette des jardins;Beccafico ;Garden Warbler
4600;65,29799618;4,681232526;2020;Gartengrasmücke;Fauvette des jardins;Beccafico ;Garden Warbler
4600;66,16954186;4,71821548;2021;Gartengrasmücke;Fauvette des jardins;Beccafico ;Garden Warbler
4600;69,05868392;4,855428573;2022;Gartengrasmücke;Fauvette des jardins;Beccafico ;Garden Warbler
4570;77,99596438;NA;1990;Mönchsgrasmücke;Fauvette à tête noire ;Capinera;Eurasian Blackcap 
4570;72,29445939;5,452192265;1991;Mönchsgrasmücke;Fauvette à tête noire ;Capinera;Eurasian Blackcap 
4570;75,66388505;5,759906879;1992;Mönchsgrasmücke;Fauvette à tête noire ;Capinera;Eurasian Blackcap 
4570;86,9265023;6,737034109;1993;Mönchsgrasmücke;Fauvette à tête noire ;Capinera;Eurasian Blackcap 
4570;95,42026282;7,16095187;1994;Mönchsgrasmücke;Fauvette à tête noire ;Capinera;Eurasian Blackcap 
4570;81,0222078;6,356900865;1995;Mönchsgrasmücke;Fauvette à tête noire ;Capinera;Eurasian Blackcap 
4570;79,37649295;6,218034901;1996;Mönchsgrasmücke;Fauvette à tête noire ;Capinera;Eurasian Blackcap 
4570;85,03899997;6,803161559;1997;Mönchsgrasmücke;Fauvette à tête noire ;Capinera;Eurasian Blackcap 
4570;79,6112608;2,002709683;1998;Mönchsgrasmücke;Fauvette à tête noire ;Capinera;Eurasian Blackcap 
4570;77,76601178;1,790010536;1999;Mönchsgrasmücke;Fauvette à tête noire ;Capinera;Eurasian Blackcap 
4570;86,84621629;1,800426264;2000;Mönchsgrasmücke;Fauvette à tête noire ;Capinera;Eurasian Blackcap 
4570;78,29181172;1,707060821;2001;Mönchsgrasmücke;Fauvette à tête noire ;Capinera;Eurasian Blackcap 
4570;84,32328246;1,767711871;2002;Mönchsgrasmücke;Fauvette à tête noire ;Capinera;Eurasian Blackcap 
4570;82,81678407;1,738046699;2003;Mönchsgrasmücke;Fauvette à tête noire ;Capinera;Eurasian Blackcap 
4570;90,39540447;1,812284706;2004;Mönchsgrasmücke;Fauvette à tête noire ;Capinera;Eurasian Blackcap 
4570;93,95054975;1,84846559;2005;Mönchsgrasmücke;Fauvette à tête noire ;Capinera;Eurasian Blackcap 
4570;92,51990543;1,831395135;2006;Mönchsgrasmücke;Fauvette à tête noire ;Capinera;Eurasian Blackcap 
4570;99,91409621;1,903186673;2007;Mönchsgrasmücke;Fauvette à tête noire ;Capinera;Eurasian Blackcap 
4570;94,6184001;1,843054907;2008;Mönchsgrasmücke;Fauvette à tête noire ;Capinera;Eurasian Blackcap 
4570;101,2267497;1,902235157;2009;Mönchsgrasmücke;Fauvette à tête noire ;Capinera;Eurasian Blackcap 
4570;108,5693604;1,964644191;2010;Mönchsgrasmücke;Fauvette à tête noire ;Capinera;Eurasian Blackcap 
4570;116,4910324;2,035551199;2011;Mönchsgrasmücke;Fauvette à tête noire ;Capinera;Eurasian Blackcap 
4570;117,3301131;2,051530342;2012;Mönchsgrasmücke;Fauvette à tête noire ;Capinera;Eurasian Blackcap 
4570;104,9918098;1,942925899;2013;Mönchsgrasmücke;Fauvette à tête noire ;Capinera;Eurasian Blackcap 
4570;119,2262033;2,053495593;2014;Mönchsgrasmücke;Fauvette à tête noire ;Capinera;Eurasian Blackcap 
4570;115,8685159;2,021800598;2015;Mönchsgrasmücke;Fauvette à tête noire ;Capinera;Eurasian Blackcap 
4570;113,294442;2,005426668;2016;Mönchsgrasmücke;Fauvette à tête noire ;Capinera;Eurasian Blackcap 
4570;119,737202;2,055595574;2017;Mönchsgrasmücke;Fauvette à tête noire ;Capinera;Eurasian Blackcap 
4570;117,5639956;2,038037541;2018;Mönchsgrasmücke;Fauvette à tête noire ;Capinera;Eurasian Blackcap 
4570;131,1068544;2,145322372;2019;Mönchsgrasmücke;Fauvette à tête noire ;Capinera;Eurasian Blackcap 
4570;139,0827068;2,206161927;2020;Mönchsgrasmücke;Fauvette à tête noire ;Capinera;Eurasian Blackcap 
4570;138,8319421;2,222820581;2021;Mönchsgrasmücke;Fauvette à tête noire ;Capinera;Eurasian Blackcap 
4570;141,8865748;2,29757294;2022;Mönchsgrasmücke;Fauvette à tête noire ;Capinera;Eurasian Blackcap 
4740;74,23971855;12,59078788;1990;Berglaubsänger;Pouillot de Bonelli ;Luì bianco;Western Bonelli's Warbler 
4740;71,50899965;12,27652293;1991;Berglaubsänger;Pouillot de Bonelli ;Luì bianco;Western Bonelli's Warbler 
4740;70,36756125;10,70394645;1992;Berglaubsänger;Pouillot de Bonelli ;Luì bianco;Western Bonelli's Warbler 
4740;71,92987431;7,584377993;1993;Berglaubsänger;Pouillot de Bonelli ;Luì bianco;Western Bonelli's Warbler 
4740;73,34818565;6,645041502;1994;Berglaubsänger;Pouillot de Bonelli ;Luì bianco;Western Bonelli's Warbler 
4740;78,03655557;7,389695208;1995;Berglaubsänger;Pouillot de Bonelli ;Luì bianco;Western Bonelli's Warbler 
4740;77,38548618;9,396038619;1996;Berglaubsänger;Pouillot de Bonelli ;Luì bianco;Western Bonelli's Warbler 
4740;79,0406759;7,564277291;1997;Berglaubsänger;Pouillot de Bonelli ;Luì bianco;Western Bonelli's Warbler 
4740;77,32929295;5,627737202;1998;Berglaubsänger;Pouillot de Bonelli ;Luì bianco;Western Bonelli's Warbler 
4740;78,8238067;5,813338542;1999;Berglaubsänger;Pouillot de Bonelli ;Luì bianco;Western Bonelli's Warbler 
4740;89,20863316;6,077514524;2000;Berglaubsänger;Pouillot de Bonelli ;Luì bianco;Western Bonelli's Warbler 
4740;73,43407888;5,544840253;2001;Berglaubsänger;Pouillot de Bonelli ;Luì bianco;Western Bonelli's Warbler 
4740;74,43305742;5,573155177;2002;Berglaubsänger;Pouillot de Bonelli ;Luì bianco;Western Bonelli's Warbler 
4740;73,52299694;5,519623854;2003;Berglaubsänger;Pouillot de Bonelli ;Luì bianco;Western Bonelli's Warbler 
4740;92,48147957;6,166557935;2004;Berglaubsänger;Pouillot de Bonelli ;Luì bianco;Western Bonelli's Warbler 
4740;91,86901944;6,142751303;2005;Berglaubsänger;Pouillot de Bonelli ;Luì bianco;Western Bonelli's Warbler 
4740;87,8277919;6,171846346;2006;Berglaubsänger;Pouillot de Bonelli ;Luì bianco;Western Bonelli's Warbler 
4740;89,44068719;6,062659633;2007;Berglaubsänger;Pouillot de Bonelli ;Luì bianco;Western Bonelli's Warbler 
4740;90,64409918;6,096333834;2008;Berglaubsänger;Pouillot de Bonelli ;Luì bianco;Western Bonelli's Warbler 
4740;111,1615135;6,723438849;2009;Berglaubsänger;Pouillot de Bonelli ;Luì bianco;Western Bonelli's Warbler 
4740;105,3431423;6,544654353;2010;Berglaubsänger;Pouillot de Bonelli ;Luì bianco;Western Bonelli's Warbler 
4740;111,2024424;6,900121824;2011;Berglaubsänger;Pouillot de Bonelli ;Luì bianco;Western Bonelli's Warbler 
4740;127,4581488;7,162327477;2012;Berglaubsänger;Pouillot de Bonelli ;Luì bianco;Western Bonelli's Warbler 
4740;126,1032346;7,149975655;2013;Berglaubsänger;Pouillot de Bonelli ;Luì bianco;Western Bonelli's Warbler 
4740;123,7169462;7,053311069;2014;Berglaubsänger;Pouillot de Bonelli ;Luì bianco;Western Bonelli's Warbler 
4740;127,391707;7,151380761;2015;Berglaubsänger;Pouillot de Bonelli ;Luì bianco;Western Bonelli's Warbler 
4740;129,1331586;7,315229246;2016;Berglaubsänger;Pouillot de Bonelli ;Luì bianco;Western Bonelli's Warbler 
4740;139,5675071;7,479335704;2017;Berglaubsänger;Pouillot de Bonelli ;Luì bianco;Western Bonelli's Warbler 
4740;127,3819493;7,151454942;2018;Berglaubsänger;Pouillot de Bonelli ;Luì bianco;Western Bonelli's Warbler 
4740;130,7905291;7,233200328;2019;Berglaubsänger;Pouillot de Bonelli ;Luì bianco;Western Bonelli's Warbler 
4740;152,5515524;7,792058497;2020;Berglaubsänger;Pouillot de Bonelli ;Luì bianco;Western Bonelli's Warbler 
4740;141,9368625;7,543619427;2021;Berglaubsänger;Pouillot de Bonelli ;Luì bianco;Western Bonelli's Warbler 
4740;131,3893059;7,349725574;2022;Berglaubsänger;Pouillot de Bonelli ;Luì bianco;Western Bonelli's Warbler 
4750;206,4033402;NA;1990;Waldlaubsänger;Pouillot siffleur ;Luì verde ;Wood Warbler
4750;104,2130465;34,63352069;1991;Waldlaubsänger;Pouillot siffleur ;Luì verde ;Wood Warbler
4750;139,8589033;46,67181908;1992;Waldlaubsänger;Pouillot siffleur ;Luì verde ;Wood Warbler
4750;171,6037371;55,72576337;1993;Waldlaubsänger;Pouillot siffleur ;Luì verde ;Wood Warbler
4750;89,661611;33,10341499;1994;Waldlaubsänger;Pouillot siffleur ;Luì verde ;Wood Warbler
4750;168,2187223;56,07347346;1995;Waldlaubsänger;Pouillot siffleur ;Luì verde ;Wood Warbler
4750;132,9031108;47,95810153;1996;Waldlaubsänger;Pouillot siffleur ;Luì verde ;Wood Warbler
4750;158,7860896;57,14691956;1997;Waldlaubsänger;Pouillot siffleur ;Luì verde ;Wood Warbler
4750;149,5165156;27,65761505;1998;Waldlaubsänger;Pouillot siffleur ;Luì verde ;Wood Warbler
4750;150,7316366;17,79893693;1999;Waldlaubsänger;Pouillot siffleur ;Luì verde ;Wood Warbler
4750;123,6448657;15,59140714;2000;Waldlaubsänger;Pouillot siffleur ;Luì verde ;Wood Warbler
4750;117,7454433;15,25198572;2001;Waldlaubsänger;Pouillot siffleur ;Luì verde ;Wood Warbler
4750;120,2785016;15,27614421;2002;Waldlaubsänger;Pouillot siffleur ;Luì verde ;Wood Warbler
4750;115,2650729;14,94189605;2003;Waldlaubsänger;Pouillot siffleur ;Luì verde ;Wood Warbler
4750;89,81693993;13,27783725;2004;Waldlaubsänger;Pouillot siffleur ;Luì verde ;Wood Warbler
4750;86,82304193;13,06481776;2005;Waldlaubsänger;Pouillot siffleur ;Luì verde ;Wood Warbler
4750;111,1495893;14,7133442;2006;Waldlaubsänger;Pouillot siffleur ;Luì verde ;Wood Warbler
4750;94,62735306;13,63465046;2007;Waldlaubsänger;Pouillot siffleur ;Luì verde ;Wood Warbler
4750;106,2833789;14,38183848;2008;Waldlaubsänger;Pouillot siffleur ;Luì verde ;Wood Warbler
4750;73,35050094;12,05036863;2009;Waldlaubsänger;Pouillot siffleur ;Luì verde ;Wood Warbler
4750;61,37490895;11,05682045;2010;Waldlaubsänger;Pouillot siffleur ;Luì verde ;Wood Warbler
4750;79,40585107;12,64337646;2011;Waldlaubsänger;Pouillot siffleur ;Luì verde ;Wood Warbler
4750;78,94028116;12,57064831;2012;Waldlaubsänger;Pouillot siffleur ;Luì verde ;Wood Warbler
4750;71,86475408;12,05923887;2013;Waldlaubsänger;Pouillot siffleur ;Luì verde ;Wood Warbler
4750;110,7742259;14,66524271;2014;Waldlaubsänger;Pouillot siffleur ;Luì verde ;Wood Warbler
4750;71,85355194;11,93137143;2015;Waldlaubsänger;Pouillot siffleur ;Luì verde ;Wood Warbler
4750;63,55372;11,58490347;2016;Waldlaubsänger;Pouillot siffleur ;Luì verde ;Wood Warbler
4750;42,44835105;9,298258583;2017;Waldlaubsänger;Pouillot siffleur ;Luì verde ;Wood Warbler
4750;43,48975274;9,358317426;2018;Waldlaubsänger;Pouillot siffleur ;Luì verde ;Wood Warbler
4750;40,44886023;9,027567597;2019;Waldlaubsänger;Pouillot siffleur ;Luì verde ;Wood Warbler
4750;43,41152096;9,341703851;2020;Waldlaubsänger;Pouillot siffleur ;Luì verde ;Wood Warbler
4750;35,10903594;8,501137088;2021;Waldlaubsänger;Pouillot siffleur ;Luì verde ;Wood Warbler
4750;46,44378522;9,658998724;2022;Waldlaubsänger;Pouillot siffleur ;Luì verde ;Wood Warbler
4730;80,61387134;NA;1990;Zilpzalp;Pouillot véloce ;Luì piccolo ;Common Chiffchaff 
4730;61,73410268;4,887823997;1991;Zilpzalp;Pouillot véloce ;Luì piccolo ;Common Chiffchaff 
4730;71,54481082;5,744222078;1992;Zilpzalp;Pouillot véloce ;Luì piccolo ;Common Chiffchaff 
4730;79,15476027;6,102663393;1993;Zilpzalp;Pouillot véloce ;Luì piccolo ;Common Chiffchaff 
4730;78,49372653;5,998740981;1994;Zilpzalp;Pouillot véloce ;Luì piccolo ;Common Chiffchaff 
4730;78,04228885;5,963056317;1995;Zilpzalp;Pouillot véloce ;Luì piccolo ;Common Chiffchaff 
4730;84,30598665;6,346362104;1996;Zilpzalp;Pouillot véloce ;Luì piccolo ;Common Chiffchaff 
4730;91,40000733;7,067056741;1997;Zilpzalp;Pouillot véloce ;Luì piccolo ;Common Chiffchaff 
4730;91,3701802;3,095866426;1998;Zilpzalp;Pouillot véloce ;Luì piccolo ;Common Chiffchaff 
4730;101,0120973;2,756217117;1999;Zilpzalp;Pouillot véloce ;Luì piccolo ;Common Chiffchaff 
4730;87,29102747;2,457511206;2000;Zilpzalp;Pouillot véloce ;Luì piccolo ;Common Chiffchaff 
4730;91,23757235;2,506814692;2001;Zilpzalp;Pouillot véloce ;Luì piccolo ;Common Chiffchaff 
4730;86,85943522;2,448909076;2002;Zilpzalp;Pouillot véloce ;Luì piccolo ;Common Chiffchaff 
4730;105,7885127;2,676163241;2003;Zilpzalp;Pouillot véloce ;Luì piccolo ;Common Chiffchaff 
4730;116,3969729;2,800708574;2004;Zilpzalp;Pouillot véloce ;Luì piccolo ;Common Chiffchaff 
4730;87,14226013;2,4402649;2005;Zilpzalp;Pouillot véloce ;Luì piccolo ;Common Chiffchaff 
4730;70,97988045;2,221158127;2006;Zilpzalp;Pouillot véloce ;Luì piccolo ;Common Chiffchaff 
4730;102,664786;2,653823996;2007;Zilpzalp;Pouillot véloce ;Luì piccolo ;Common Chiffchaff 
4730;109,2279078;2,711929067;2008;Zilpzalp;Pouillot véloce ;Luì piccolo ;Common Chiffchaff 
4730;103,6912865;2,641626807;2009;Zilpzalp;Pouillot véloce ;Luì piccolo ;Common Chiffchaff 
4730;112,6582057;2,748681619;2010;Zilpzalp;Pouillot véloce ;Luì piccolo ;Common Chiffchaff 
4730;118,2267807;2,824053331;2011;Zilpzalp;Pouillot véloce ;Luì piccolo ;Common Chiffchaff 
4730;91,01916911;2,496946038;2012;Zilpzalp;Pouillot véloce ;Luì piccolo ;Common Chiffchaff 
4730;88,01281689;2,451163711;2013;Zilpzalp;Pouillot véloce ;Luì piccolo ;Common Chiffchaff 
4730;112,4907827;2,750607604;2014;Zilpzalp;Pouillot véloce ;Luì piccolo ;Common Chiffchaff 
4730;109,9666357;2,715653098;2015;Zilpzalp;Pouillot véloce ;Luì piccolo ;Common Chiffchaff 
4730;116,7870206;2,809967946;2016;Zilpzalp;Pouillot véloce ;Luì piccolo ;Common Chiffchaff 
4730;115,4936391;2,783314738;2017;Zilpzalp;Pouillot véloce ;Luì piccolo ;Common Chiffchaff 
4730;114,0781865;2,770072705;2018;Zilpzalp;Pouillot véloce ;Luì piccolo ;Common Chiffchaff 
4730;127,6139651;2,917727946;2019;Zilpzalp;Pouillot véloce ;Luì piccolo ;Common Chiffchaff 
4730;144,6672273;3,091259012;2020;Zilpzalp;Pouillot véloce ;Luì piccolo ;Common Chiffchaff 
4730;133,9107093;2,991970333;2021;Zilpzalp;Pouillot véloce ;Luì piccolo ;Common Chiffchaff 
4730;136,1233879;3,078256082;2022;Zilpzalp;Pouillot véloce ;Luì piccolo ;Common Chiffchaff 
4720;183,3053094;21,58870052;1990;Fitis;Pouillot fitis;Luì grosso;Willow Warbler
4720;165,5831315;19,78023267;1991;Fitis;Pouillot fitis;Luì grosso;Willow Warbler
4720;154,3669879;18,48362461;1992;Fitis;Pouillot fitis;Luì grosso;Willow Warbler
4720;200,7038636;20,65960571;1993;Fitis;Pouillot fitis;Luì grosso;Willow Warbler
4720;163,9132169;18,42536207;1994;Fitis;Pouillot fitis;Luì grosso;Willow Warbler
4720;137,5048872;16,16546062;1995;Fitis;Pouillot fitis;Luì grosso;Willow Warbler
4720;106,4857797;14,33925732;1996;Fitis;Pouillot fitis;Luì grosso;Willow Warbler
4720;119,1539829;14,99919561;1997;Fitis;Pouillot fitis;Luì grosso;Willow Warbler
4720;126,5450241;14,77531423;1998;Fitis;Pouillot fitis;Luì grosso;Willow Warbler
4720;135,0765337;14,01479608;1999;Fitis;Pouillot fitis;Luì grosso;Willow Warbler
4720;113,0131489;10,31694593;2000;Fitis;Pouillot fitis;Luì grosso;Willow Warbler
4720;111,9976587;9,183358107;2001;Fitis;Pouillot fitis;Luì grosso;Willow Warbler
4720;108,5057486;8,094598055;2002;Fitis;Pouillot fitis;Luì grosso;Willow Warbler
4720;108,0329659;8,365601067;2003;Fitis;Pouillot fitis;Luì grosso;Willow Warbler
4720;112,6690733;8,416328433;2004;Fitis;Pouillot fitis;Luì grosso;Willow Warbler
4720;110,5967906;8,045370883;2005;Fitis;Pouillot fitis;Luì grosso;Willow Warbler
4720;100,5777084;7,635143181;2006;Fitis;Pouillot fitis;Luì grosso;Willow Warbler
4720;86,74666913;7,00258536;2007;Fitis;Pouillot fitis;Luì grosso;Willow Warbler
4720;88,34984829;7,199144089;2008;Fitis;Pouillot fitis;Luì grosso;Willow Warbler
4720;81,10932022;6,828401056;2009;Fitis;Pouillot fitis;Luì grosso;Willow Warbler
4720;80,46716438;6,657338146;2010;Fitis;Pouillot fitis;Luì grosso;Willow Warbler
4720;75,80609349;6,420685471;2011;Fitis;Pouillot fitis;Luì grosso;Willow Warbler
4720;69,01751998;6,074527766;2012;Fitis;Pouillot fitis;Luì grosso;Willow Warbler
4720;69,27625217;6,122766021;2013;Fitis;Pouillot fitis;Luì grosso;Willow Warbler
4720;68,22106975;6,067445852;2014;Fitis;Pouillot fitis;Luì grosso;Willow Warbler
4720;56,43715949;5,461892604;2015;Fitis;Pouillot fitis;Luì grosso;Willow Warbler
4720;60,3548385;5,672677285;2016;Fitis;Pouillot fitis;Luì grosso;Willow Warbler
4720;60,64389994;5,710189176;2017;Fitis;Pouillot fitis;Luì grosso;Willow Warbler
4720;48,36642185;5,009309483;2018;Fitis;Pouillot fitis;Luì grosso;Willow Warbler
4720;61,53962767;5,771852173;2019;Fitis;Pouillot fitis;Luì grosso;Willow Warbler
4720;50,77991952;5,165152247;2020;Fitis;Pouillot fitis;Luì grosso;Willow Warbler
4720;49,48299582;5,136693751;2021;Fitis;Pouillot fitis;Luì grosso;Willow Warbler
4720;35,36938853;4,298956281;2022;Fitis;Pouillot fitis;Luì grosso;Willow Warbler
4820;73,1616674;NA;1990;Wintergoldhähnchen;Roitelet huppé;Regolo;Goldcrest 
4820;56,18816057;9,672086672;1991;Wintergoldhähnchen;Roitelet huppé;Regolo;Goldcrest 
4820;75,12240009;13,00193369;1992;Wintergoldhähnchen;Roitelet huppé;Regolo;Goldcrest 
4820;80,33151081;13,94264018;1993;Wintergoldhähnchen;Roitelet huppé;Regolo;Goldcrest 
4820;79,92180547;13,7122607;1994;Wintergoldhähnchen;Roitelet huppé;Regolo;Goldcrest 
4820;84,83095336;14,59975621;1995;Wintergoldhähnchen;Roitelet huppé;Regolo;Goldcrest 
4820;84,44319652;14,62274187;1996;Wintergoldhähnchen;Roitelet huppé;Regolo;Goldcrest 
4820;90,31807841;15,92403189;1997;Wintergoldhähnchen;Roitelet huppé;Regolo;Goldcrest 
4820;91,31746679;4,365945502;1998;Wintergoldhähnchen;Roitelet huppé;Regolo;Goldcrest 
4820;94,39102047;3,761664716;1999;Wintergoldhähnchen;Roitelet huppé;Regolo;Goldcrest 
4820;100,1359137;3,713830283;2000;Wintergoldhähnchen;Roitelet huppé;Regolo;Goldcrest 
4820;110,9902353;3,885478752;2001;Wintergoldhähnchen;Roitelet huppé;Regolo;Goldcrest 
4820;102,8327762;3,727654699;2002;Wintergoldhähnchen;Roitelet huppé;Regolo;Goldcrest 
4820;114,5089827;3,917458251;2003;Wintergoldhähnchen;Roitelet huppé;Regolo;Goldcrest 
4820;104,9643808;3,770243605;2004;Wintergoldhähnchen;Roitelet huppé;Regolo;Goldcrest 
4820;101,9494964;3,719207315;2005;Wintergoldhähnchen;Roitelet huppé;Regolo;Goldcrest 
4820;84,87357689;3,419861513;2006;Wintergoldhähnchen;Roitelet huppé;Regolo;Goldcrest 
4820;138,746522;4,331675672;2007;Wintergoldhähnchen;Roitelet huppé;Regolo;Goldcrest 
4820;121,8926195;4,031209673;2008;Wintergoldhähnchen;Roitelet huppé;Regolo;Goldcrest 
4820;72,5155224;3,13655328;2009;Wintergoldhähnchen;Roitelet huppé;Regolo;Goldcrest 
4820;117,5825207;3,963942863;2010;Wintergoldhähnchen;Roitelet huppé;Regolo;Goldcrest 
4820;123,0327023;4,050489293;2011;Wintergoldhähnchen;Roitelet huppé;Regolo;Goldcrest 
4820;121,0386943;4,022500476;2012;Wintergoldhähnchen;Roitelet huppé;Regolo;Goldcrest 
4820;70,09549936;3,09239593;2013;Wintergoldhähnchen;Roitelet huppé;Regolo;Goldcrest 
4820;109,6808984;3,834004;2014;Wintergoldhähnchen;Roitelet huppé;Regolo;Goldcrest 
4820;127,5921772;4,11468695;2015;Wintergoldhähnchen;Roitelet huppé;Regolo;Goldcrest 
4820;118,9071024;3,990511539;2016;Wintergoldhähnchen;Roitelet huppé;Regolo;Goldcrest 
4820;138,4358475;4,310813148;2017;Wintergoldhähnchen;Roitelet huppé;Regolo;Goldcrest 
4820;85,36318603;3,418003436;2018;Wintergoldhähnchen;Roitelet huppé;Regolo;Goldcrest 
4820;102,6266268;3,732772063;2019;Wintergoldhähnchen;Roitelet huppé;Regolo;Goldcrest 
4820;102,648828;3,742221498;2020;Wintergoldhähnchen;Roitelet huppé;Regolo;Goldcrest 
4820;108,1711503;3,844604456;2021;Wintergoldhähnchen;Roitelet huppé;Regolo;Goldcrest 
4820;111,3884808;3,947904538;2022;Wintergoldhähnchen;Roitelet huppé;Regolo;Goldcrest 
4830;145,1261453;NA;1990;Sommergoldhähnchen;Roitelet à triple bandeau ;Fiorrancino ;Common Firecrest
4830;104,8246147;14,78643283;1991;Sommergoldhähnchen;Roitelet à triple bandeau ;Fiorrancino ;Common Firecrest
4830;108,9752225;15,94715388;1992;Sommergoldhähnchen;Roitelet à triple bandeau ;Fiorrancino ;Common Firecrest
4830;102,2123441;14,83695562;1993;Sommergoldhähnchen;Roitelet à triple bandeau ;Fiorrancino ;Common Firecrest
4830;101,2690242;14,35773485;1994;Sommergoldhähnchen;Roitelet à triple bandeau ;Fiorrancino ;Common Firecrest
4830;91,5165472;13,48321507;1995;Sommergoldhähnchen;Roitelet à triple bandeau ;Fiorrancino ;Common Firecrest
4830;88,54146123;13,00997893;1996;Sommergoldhähnchen;Roitelet à triple bandeau ;Fiorrancino ;Common Firecrest
4830;90,03626052;14,0765891;1997;Sommergoldhähnchen;Roitelet à triple bandeau ;Fiorrancino ;Common Firecrest
4830;83,59120841;4,140052957;1998;Sommergoldhähnchen;Roitelet à triple bandeau ;Fiorrancino ;Common Firecrest
4830;79,92218065;3,458684166;1999;Sommergoldhähnchen;Roitelet à triple bandeau ;Fiorrancino ;Common Firecrest
4830;82,39211614;3,317613233;2000;Sommergoldhähnchen;Roitelet à triple bandeau ;Fiorrancino ;Common Firecrest
4830;84,58931176;3,343768369;2001;Sommergoldhähnchen;Roitelet à triple bandeau ;Fiorrancino ;Common Firecrest
4830;69,92458102;3,051465522;2002;Sommergoldhähnchen;Roitelet à triple bandeau ;Fiorrancino ;Common Firecrest
4830;80,89306364;3,253076176;2003;Sommergoldhähnchen;Roitelet à triple bandeau ;Fiorrancino ;Common Firecrest
4830;90,71495785;3,466311242;2004;Sommergoldhähnchen;Roitelet à triple bandeau ;Fiorrancino ;Common Firecrest
4830;82,33127068;3,309994685;2005;Sommergoldhähnchen;Roitelet à triple bandeau ;Fiorrancino ;Common Firecrest
4830;73,58342946;3,141954593;2006;Sommergoldhähnchen;Roitelet à triple bandeau ;Fiorrancino ;Common Firecrest
4830;97,05142548;3,592410089;2007;Sommergoldhähnchen;Roitelet à triple bandeau ;Fiorrancino ;Common Firecrest
4830;91,34654594;3,466414537;2008;Sommergoldhähnchen;Roitelet à triple bandeau ;Fiorrancino ;Common Firecrest
4830;61,1957961;2,843762784;2009;Sommergoldhähnchen;Roitelet à triple bandeau ;Fiorrancino ;Common Firecrest
4830;80,71054941;3,257684745;2010;Sommergoldhähnchen;Roitelet à triple bandeau ;Fiorrancino ;Common Firecrest
4830;75,90113757;3,1572054;2011;Sommergoldhähnchen;Roitelet à triple bandeau ;Fiorrancino ;Common Firecrest
4830;92,74526203;3,471864374;2012;Sommergoldhähnchen;Roitelet à triple bandeau ;Fiorrancino ;Common Firecrest
4830;78,94659847;3,202597687;2013;Sommergoldhähnchen;Roitelet à triple bandeau ;Fiorrancino ;Common Firecrest
4830;115,6419388;3,826940118;2014;Sommergoldhähnchen;Roitelet à triple bandeau ;Fiorrancino ;Common Firecrest
4830;124,6226876;3,94748021;2015;Sommergoldhähnchen;Roitelet à triple bandeau ;Fiorrancino ;Common Firecrest
4830;127,1456538;3,980576067;2016;Sommergoldhähnchen;Roitelet à triple bandeau ;Fiorrancino ;Common Firecrest
4830;151,6701121;4,332973263;2017;Sommergoldhähnchen;Roitelet à triple bandeau ;Fiorrancino ;Common Firecrest
4830;138,7076233;4,151635089;2018;Sommergoldhähnchen;Roitelet à triple bandeau ;Fiorrancino ;Common Firecrest
4830;145,47304;4,240939719;2019;Sommergoldhähnchen;Roitelet à triple bandeau ;Fiorrancino ;Common Firecrest
4830;127,7560504;4,008431355;2020;Sommergoldhähnchen;Roitelet à triple bandeau ;Fiorrancino ;Common Firecrest
4830;116,8654949;3,886983058;2021;Sommergoldhähnchen;Roitelet à triple bandeau ;Fiorrancino ;Common Firecrest
4830;113,7763448;3,91997309;2022;Sommergoldhähnchen;Roitelet à triple bandeau ;Fiorrancino ;Common Firecrest
4840;125,1744387;NA;1990;Grauschnäpper;Gobemouche gris ;Pigliamosche;Spotted Flycatcher
4840;113,2953845;15,96693282;1991;Grauschnäpper;Gobemouche gris ;Pigliamosche;Spotted Flycatcher
4840;124,5360491;17,3469299;1992;Grauschnäpper;Gobemouche gris ;Pigliamosche;Spotted Flycatcher
4840;127,6654101;18,07600126;1993;Grauschnäpper;Gobemouche gris ;Pigliamosche;Spotted Flycatcher
4840;122,1452173;17,09040944;1994;Grauschnäpper;Gobemouche gris ;Pigliamosche;Spotted Flycatcher
4840;119,3913797;16,78626548;1995;Grauschnäpper;Gobemouche gris ;Pigliamosche;Spotted Flycatcher
4840;117,6890073;16,84927771;1996;Grauschnäpper;Gobemouche gris ;Pigliamosche;Spotted Flycatcher
4840;118,5026412;17,90593847;1997;Grauschnäpper;Gobemouche gris ;Pigliamosche;Spotted Flycatcher
4840;114,2442068;9,340222423;1998;Grauschnäpper;Gobemouche gris ;Pigliamosche;Spotted Flycatcher
4840;105,5863361;7,013131411;1999;Grauschnäpper;Gobemouche gris ;Pigliamosche;Spotted Flycatcher
4840;120,8316363;7,094274277;2000;Grauschnäpper;Gobemouche gris ;Pigliamosche;Spotted Flycatcher
4840;101,1157803;6,493170326;2001;Grauschnäpper;Gobemouche gris ;Pigliamosche;Spotted Flycatcher
4840;92,00367651;6,245369014;2002;Grauschnäpper;Gobemouche gris ;Pigliamosche;Spotted Flycatcher
4840;102,6942028;6,538025252;2003;Grauschnäpper;Gobemouche gris ;Pigliamosche;Spotted Flycatcher
4840;100,428324;6,459919826;2004;Grauschnäpper;Gobemouche gris ;Pigliamosche;Spotted Flycatcher
4840;100,6419783;6,482783736;2005;Grauschnäpper;Gobemouche gris ;Pigliamosche;Spotted Flycatcher
4840;110,1816957;6,757581997;2006;Grauschnäpper;Gobemouche gris ;Pigliamosche;Spotted Flycatcher
4840;104,4155871;6,583746429;2007;Grauschnäpper;Gobemouche gris ;Pigliamosche;Spotted Flycatcher
4840;97,68874274;6,378081776;2008;Grauschnäpper;Gobemouche gris ;Pigliamosche;Spotted Flycatcher
4840;85,81169195;5,992851673;2009;Grauschnäpper;Gobemouche gris ;Pigliamosche;Spotted Flycatcher
4840;106,0026783;6,638343529;2010;Grauschnäpper;Gobemouche gris ;Pigliamosche;Spotted Flycatcher
4840;91,19781364;6,182125992;2011;Grauschnäpper;Gobemouche gris ;Pigliamosche;Spotted Flycatcher
4840;82,76608355;5,96381076;2012;Grauschnäpper;Gobemouche gris ;Pigliamosche;Spotted Flycatcher
4840;74,49363803;5,675992899;2013;Grauschnäpper;Gobemouche gris ;Pigliamosche;Spotted Flycatcher
4840;93,97439035;6,277666023;2014;Grauschnäpper;Gobemouche gris ;Pigliamosche;Spotted Flycatcher
4840;95,01640631;6,304064286;2015;Grauschnäpper;Gobemouche gris ;Pigliamosche;Spotted Flycatcher
4840;83,89702539;5,95954625;2016;Grauschnäpper;Gobemouche gris ;Pigliamosche;Spotted Flycatcher
4840;76,1446383;5,679424176;2017;Grauschnäpper;Gobemouche gris ;Pigliamosche;Spotted Flycatcher
4840;71,73068262;5,533083397;2018;Grauschnäpper;Gobemouche gris ;Pigliamosche;Spotted Flycatcher
4840;79,05372267;5,806902395;2019;Grauschnäpper;Gobemouche gris ;Pigliamosche;Spotted Flycatcher
4840;85,1434775;5,997597018;2020;Grauschnäpper;Gobemouche gris ;Pigliamosche;Spotted Flycatcher
4840;73,68635683;5,596807098;2021;Grauschnäpper;Gobemouche gris ;Pigliamosche;Spotted Flycatcher
4840;82,84970005;5,999812474;2022;Grauschnäpper;Gobemouche gris ;Pigliamosche;Spotted Flycatcher
4860;67,89143008;7,871608362;1999;Trauerschnäpper;Gobemouche noir ;Balia nera;European Pied Flycatcher
4860;77,76938048;7,940827797;2000;Trauerschnäpper;Gobemouche noir ;Balia nera;European Pied Flycatcher
4860;77,81711354;7,945615622;2001;Trauerschnäpper;Gobemouche noir ;Balia nera;European Pied Flycatcher
4860;78,21821448;8,057255402;2002;Trauerschnäpper;Gobemouche noir ;Balia nera;European Pied Flycatcher
4860;80,1823199;8,041966188;2003;Trauerschnäpper;Gobemouche noir ;Balia nera;European Pied Flycatcher
4860;96,11620207;8,782647705;2004;Trauerschnäpper;Gobemouche noir ;Balia nera;European Pied Flycatcher
4860;111,7404582;9,430738169;2005;Trauerschnäpper;Gobemouche noir ;Balia nera;European Pied Flycatcher
4860;106,2080246;9,26296393;2006;Trauerschnäpper;Gobemouche noir ;Balia nera;European Pied Flycatcher
4860;92,29669096;8,659668507;2007;Trauerschnäpper;Gobemouche noir ;Balia nera;European Pied Flycatcher
4860;108,2803978;9,289141523;2008;Trauerschnäpper;Gobemouche noir ;Balia nera;European Pied Flycatcher
4860;104,8538029;9,147749043;2009;Trauerschnäpper;Gobemouche noir ;Balia nera;European Pied Flycatcher
4860;101,4272081;9,003687211;2010;Trauerschnäpper;Gobemouche noir ;Balia nera;European Pied Flycatcher
4860;97,31529424;8,827105279;2011;Trauerschnäpper;Gobemouche noir ;Balia nera;European Pied Flycatcher
4860;107,5485215;9,28666816;2012;Trauerschnäpper;Gobemouche noir ;Balia nera;European Pied Flycatcher
4860;110,4024457;9,37822094;2013;Trauerschnäpper;Gobemouche noir ;Balia nera;European Pied Flycatcher
4860;93,25879365;8,651278621;2014;Trauerschnäpper;Gobemouche noir ;Balia nera;European Pied Flycatcher
4860;98,00061321;8,85682577;2015;Trauerschnäpper;Gobemouche noir ;Balia nera;European Pied Flycatcher
4860;101,8829441;9,04322277;2016;Trauerschnäpper;Gobemouche noir ;Balia nera;European Pied Flycatcher
4860;93,3176427;8,656616627;2017;Trauerschnäpper;Gobemouche noir ;Balia nera;European Pied Flycatcher
4860;95,99098713;8,802790978;2018;Trauerschnäpper;Gobemouche noir ;Balia nera;European Pied Flycatcher
4860;125,322521;9,980127912;2019;Trauerschnäpper;Gobemouche noir ;Balia nera;European Pied Flycatcher
4860;128,154648;10,06221866;2020;Trauerschnäpper;Gobemouche noir ;Balia nera;European Pied Flycatcher
4860;134,2037982;10,30497932;2021;Trauerschnäpper;Gobemouche noir ;Balia nera;European Pied Flycatcher
4860;111,8005473;9,523380792;2022;Trauerschnäpper;Gobemouche noir ;Balia nera;European Pied Flycatcher
3900;99,25304095;25,51076175;1990;Bartmeise;Panure à moustaches ;Basettino ;Bearded Reedling
3900;121,8112032;27,90373863;1991;Bartmeise;Panure à moustaches ;Basettino ;Bearded Reedling
3900;117,3017074;27,33236074;1992;Bartmeise;Panure à moustaches ;Basettino ;Bearded Reedling
3900;76,7025513;22,23934086;1993;Bartmeise;Panure à moustaches ;Basettino ;Bearded Reedling
3900;58,66813519;19,53474619;1994;Bartmeise;Panure à moustaches ;Basettino ;Bearded Reedling
3900;81,27222537;22,98518689;1995;Bartmeise;Panure à moustaches ;Basettino ;Bearded Reedling
3900;45,25944035;17,25218386;1996;Bartmeise;Panure à moustaches ;Basettino ;Bearded Reedling
3900;45,54460173;17,34411749;1997;Bartmeise;Panure à moustaches ;Basettino ;Bearded Reedling
3900;55,54829147;19,14883425;1998;Bartmeise;Panure à moustaches ;Basettino ;Bearded Reedling
3900;67,83096599;20,80176572;1999;Bartmeise;Panure à moustaches ;Basettino ;Bearded Reedling
3900;88,11353489;15,07233872;2000;Bartmeise;Panure à moustaches ;Basettino ;Bearded Reedling
3900;79,30218134;14,27038621;2001;Bartmeise;Panure à moustaches ;Basettino ;Bearded Reedling
3900;98,68715881;15,91044799;2002;Bartmeise;Panure à moustaches ;Basettino ;Bearded Reedling
3900;93,40034613;15,45463253;2003;Bartmeise;Panure à moustaches ;Basettino ;Bearded Reedling
3900;116,3098631;17,26267224;2004;Bartmeise;Panure à moustaches ;Basettino ;Bearded Reedling
3900;96,92488044;15,77266082;2005;Bartmeise;Panure à moustaches ;Basettino ;Bearded Reedling
3900;52,86810352;11,65293975;2006;Bartmeise;Panure à moustaches ;Basettino ;Bearded Reedling
3900;102,2116288;16,20535182;2007;Bartmeise;Panure à moustaches ;Basettino ;Bearded Reedling
3900;128,6455231;18,21952715;2008;Bartmeise;Panure à moustaches ;Basettino ;Bearded Reedling
3900;47,58088108;11,07024355;2009;Bartmeise;Panure à moustaches ;Basettino ;Bearded Reedling
3900;58,09011757;12,23051348;2010;Bartmeise;Panure à moustaches ;Basettino ;Bearded Reedling
3900;98,57718644;15,90985124;2011;Bartmeise;Panure à moustaches ;Basettino ;Bearded Reedling
3900;121,4612393;17,65408343;2012;Bartmeise;Panure à moustaches ;Basettino ;Bearded Reedling
3900;72,1727909;13,58421084;2013;Bartmeise;Panure à moustaches ;Basettino ;Bearded Reedling
3900;89,77638434;15,14563279;2014;Bartmeise;Panure à moustaches ;Basettino ;Bearded Reedling
3900;95,05885808;15,52774847;2015;Bartmeise;Panure à moustaches ;Basettino ;Bearded Reedling
3900;162,4972249;20,15045393;2016;Bartmeise;Panure à moustaches ;Basettino ;Bearded Reedling
3900;214,3636919;23,19179093;2017;Bartmeise;Panure à moustaches ;Basettino ;Bearded Reedling
3900;130,0247787;18,0029379;2018;Bartmeise;Panure à moustaches ;Basettino ;Bearded Reedling
3900;162,1991975;20,10231123;2019;Bartmeise;Panure à moustaches ;Basettino ;Bearded Reedling
3900;149,9906557;19,3642405;2020;Bartmeise;Panure à moustaches ;Basettino ;Bearded Reedling
3900;146,9780382;19,36581814;2021;Bartmeise;Panure à moustaches ;Basettino ;Bearded Reedling
3900;125,5735722;18,07534922;2022;Bartmeise;Panure à moustaches ;Basettino ;Bearded Reedling
3880;65,58133163;NA;1990;Schwanzmeise;Mésange à longue queue;Codibugnolo ;"	Long-tailed Tit"
3880;59,60687232;13,84002078;1991;Schwanzmeise;Mésange à longue queue;Codibugnolo ;"	Long-tailed Tit"
3880;62,47933464;14,1970295;1992;Schwanzmeise;Mésange à longue queue;Codibugnolo ;"	Long-tailed Tit"
3880;63,94179834;14,89864809;1993;Schwanzmeise;Mésange à longue queue;Codibugnolo ;"	Long-tailed Tit"
3880;62,81379944;14,58481587;1994;Schwanzmeise;Mésange à longue queue;Codibugnolo ;"	Long-tailed Tit"
3880;61,60710293;14,1435554;1995;Schwanzmeise;Mésange à longue queue;Codibugnolo ;"	Long-tailed Tit"
3880;61,66612613;14,07433794;1996;Schwanzmeise;Mésange à longue queue;Codibugnolo ;"	Long-tailed Tit"
3880;60,90538269;14,25890023;1997;Schwanzmeise;Mésange à longue queue;Codibugnolo ;"	Long-tailed Tit"
3880;60,02069052;9,514442601;1998;Schwanzmeise;Mésange à longue queue;Codibugnolo ;"	Long-tailed Tit"
3880;69,73421317;8,482004062;1999;Schwanzmeise;Mésange à longue queue;Codibugnolo ;"	Long-tailed Tit"
3880;84,58194312;8,944337171;2000;Schwanzmeise;Mésange à longue queue;Codibugnolo ;"	Long-tailed Tit"
3880;109,3870197;10,13717337;2001;Schwanzmeise;Mésange à longue queue;Codibugnolo ;"	Long-tailed Tit"
3880;117,830984;10,50280427;2002;Schwanzmeise;Mésange à longue queue;Codibugnolo ;"	Long-tailed Tit"
3880;120,6431399;10,59647537;2003;Schwanzmeise;Mésange à longue queue;Codibugnolo ;"	Long-tailed Tit"
3880;128,112458;10,89888096;2004;Schwanzmeise;Mésange à longue queue;Codibugnolo ;"	Long-tailed Tit"
3880;117,2919862;10,49369074;2005;Schwanzmeise;Mésange à longue queue;Codibugnolo ;"	Long-tailed Tit"
3880;93,74482219;9,393155027;2006;Schwanzmeise;Mésange à longue queue;Codibugnolo ;"	Long-tailed Tit"
3880;124,9930962;10,78258101;2007;Schwanzmeise;Mésange à longue queue;Codibugnolo ;"	Long-tailed Tit"
3880;167,6721;12,37260353;2008;Schwanzmeise;Mésange à longue queue;Codibugnolo ;"	Long-tailed Tit"
3880;104,4790975;9,884858764;2009;Schwanzmeise;Mésange à longue queue;Codibugnolo ;"	Long-tailed Tit"
3880;133,126592;11,0977526;2010;Schwanzmeise;Mésange à longue queue;Codibugnolo ;"	Long-tailed Tit"
3880;101,3007866;9,789220506;2011;Schwanzmeise;Mésange à longue queue;Codibugnolo ;"	Long-tailed Tit"
3880;129,1153721;11,12880621;2012;Schwanzmeise;Mésange à longue queue;Codibugnolo ;"	Long-tailed Tit"
3880;85,23676873;9,103637842;2013;Schwanzmeise;Mésange à longue queue;Codibugnolo ;"	Long-tailed Tit"
3880;107,849391;10,03665721;2014;Schwanzmeise;Mésange à longue queue;Codibugnolo ;"	Long-tailed Tit"
3880;117,9602714;10,47657832;2015;Schwanzmeise;Mésange à longue queue;Codibugnolo ;"	Long-tailed Tit"
3880;120,9546942;10,62318951;2016;Schwanzmeise;Mésange à longue queue;Codibugnolo ;"	Long-tailed Tit"
3880;127,1451789;10,89034648;2017;Schwanzmeise;Mésange à longue queue;Codibugnolo ;"	Long-tailed Tit"
3880;78,62206417;8,630885736;2018;Schwanzmeise;Mésange à longue queue;Codibugnolo ;"	Long-tailed Tit"
3880;112,9048312;10,25941437;2019;Schwanzmeise;Mésange à longue queue;Codibugnolo ;"	Long-tailed Tit"
3880;109,7518676;10,13117388;2020;Schwanzmeise;Mésange à longue queue;Codibugnolo ;"	Long-tailed Tit"
3880;134,8588376;11,16797877;2021;Schwanzmeise;Mésange à longue queue;Codibugnolo ;"	Long-tailed Tit"
3880;144,0800458;11,52120867;2022;Schwanzmeise;Mésange à longue queue;Codibugnolo ;"	Long-tailed Tit"
3800;64,89021502;NA;1990;Blaumeise;Mésange bleue ;Cinciarella ;Eurasian Blue Tit
3800;70,29556993;6,454932417;1991;Blaumeise;Mésange bleue ;Cinciarella ;Eurasian Blue Tit
3800;71,35976945;6,800391032;1992;Blaumeise;Mésange bleue ;Cinciarella ;Eurasian Blue Tit
3800;78,65991864;7,729552816;1993;Blaumeise;Mésange bleue ;Cinciarella ;Eurasian Blue Tit
3800;78,51067115;7,576079866;1994;Blaumeise;Mésange bleue ;Cinciarella ;Eurasian Blue Tit
3800;73,05989309;7,154923026;1995;Blaumeise;Mésange bleue ;Cinciarella ;Eurasian Blue Tit
3800;77,82932389;7,552418437;1996;Blaumeise;Mésange bleue ;Cinciarella ;Eurasian Blue Tit
3800;68,18014892;6,855381697;1997;Blaumeise;Mésange bleue ;Cinciarella ;Eurasian Blue Tit
3800;68,75572513;3,489512517;1998;Blaumeise;Mésange bleue ;Cinciarella ;Eurasian Blue Tit
3800;65,79157813;2,882785529;1999;Blaumeise;Mésange bleue ;Cinciarella ;Eurasian Blue Tit
3800;84,4626608;3,073871061;2000;Blaumeise;Mésange bleue ;Cinciarella ;Eurasian Blue Tit
3800;76,12435852;2,921369253;2001;Blaumeise;Mésange bleue ;Cinciarella ;Eurasian Blue Tit
3800;84,2661478;3,084425882;2002;Blaumeise;Mésange bleue ;Cinciarella ;Eurasian Blue Tit
3800;82,32483775;3,017178245;2003;Blaumeise;Mésange bleue ;Cinciarella ;Eurasian Blue Tit
3800;96,0166424;3,249712574;2004;Blaumeise;Mésange bleue ;Cinciarella ;Eurasian Blue Tit
3800;113,3271739;3,526289456;2005;Blaumeise;Mésange bleue ;Cinciarella ;Eurasian Blue Tit
3800;97,71667354;3,272640222;2006;Blaumeise;Mésange bleue ;Cinciarella ;Eurasian Blue Tit
3800;115,5907072;3,550786671;2007;Blaumeise;Mésange bleue ;Cinciarella ;Eurasian Blue Tit
3800;106,2738558;3,396879061;2008;Blaumeise;Mésange bleue ;Cinciarella ;Eurasian Blue Tit
3800;98,29578721;3,269834822;2009;Blaumeise;Mésange bleue ;Cinciarella ;Eurasian Blue Tit
3800;127,1564577;3,690026299;2010;Blaumeise;Mésange bleue ;Cinciarella ;Eurasian Blue Tit
3800;103,2431098;3,334039182;2011;Blaumeise;Mésange bleue ;Cinciarella ;Eurasian Blue Tit
3800;136,5175163;3,863761212;2012;Blaumeise;Mésange bleue ;Cinciarella ;Eurasian Blue Tit
3800;112,100943;3,495563671;2013;Blaumeise;Mésange bleue ;Cinciarella ;Eurasian Blue Tit
3800;118,60348;3,567400274;2014;Blaumeise;Mésange bleue ;Cinciarella ;Eurasian Blue Tit
3800;126,0916033;3,667734142;2015;Blaumeise;Mésange bleue ;Cinciarella ;Eurasian Blue Tit
3800;117,3568851;3,550952636;2016;Blaumeise;Mésange bleue ;Cinciarella ;Eurasian Blue Tit
3800;131,0720986;3,737177546;2017;Blaumeise;Mésange bleue ;Cinciarella ;Eurasian Blue Tit
3800;117,7867501;3,560603513;2018;Blaumeise;Mésange bleue ;Cinciarella ;Eurasian Blue Tit
3800;133,1402458;3,775179446;2019;Blaumeise;Mésange bleue ;Cinciarella ;Eurasian Blue Tit
3800;124,5790972;3,642669436;2020;Blaumeise;Mésange bleue ;Cinciarella ;Eurasian Blue Tit
3800;154,1599498;4,050574343;2021;Blaumeise;Mésange bleue ;Cinciarella ;Eurasian Blue Tit
3800;126,4602051;3,740401923;2022;Blaumeise;Mésange bleue ;Cinciarella ;Eurasian Blue Tit
3790;83,65034022;NA;1990;Kohlmeise;Mésange charbonnière;Cinciallegra;Great Tit 
3790;88,83666131;6,450691277;1991;Kohlmeise;Mésange charbonnière;Cinciallegra;Great Tit 
3790;87,96669777;6,853626773;1992;Kohlmeise;Mésange charbonnière;Cinciallegra;Great Tit 
3790;108,9378381;8,587904313;1993;Kohlmeise;Mésange charbonnière;Cinciallegra;Great Tit 
3790;92,40853084;7,306802515;1994;Kohlmeise;Mésange charbonnière;Cinciallegra;Great Tit 
3790;87,74920689;6,990119194;1995;Kohlmeise;Mésange charbonnière;Cinciallegra;Great Tit 
3790;95,32792771;7,657628803;1996;Kohlmeise;Mésange charbonnière;Cinciallegra;Great Tit 
3790;89,68152975;7,368854677;1997;Kohlmeise;Mésange charbonnière;Cinciallegra;Great Tit 
3790;84,14304072;2,546136774;1998;Kohlmeise;Mésange charbonnière;Cinciallegra;Great Tit 
3790;82,56159374;2,145156239;1999;Kohlmeise;Mésange charbonnière;Cinciallegra;Great Tit 
3790;91,82825818;2,128140124;2000;Kohlmeise;Mésange charbonnière;Cinciallegra;Great Tit 
3790;85,49251481;2,056270974;2001;Kohlmeise;Mésange charbonnière;Cinciallegra;Great Tit 
3790;86,12733095;2,065703142;2002;Kohlmeise;Mésange charbonnière;Cinciallegra;Great Tit 
3790;90,46317447;2,095407185;2003;Kohlmeise;Mésange charbonnière;Cinciallegra;Great Tit 
3790;101,6459032;2,214829483;2004;Kohlmeise;Mésange charbonnière;Cinciallegra;Great Tit 
3790;108,8182446;2,290481609;2005;Kohlmeise;Mésange charbonnière;Cinciallegra;Great Tit 
3790;103,0420866;2,228592831;2006;Kohlmeise;Mésange charbonnière;Cinciallegra;Great Tit 
3790;108,0076389;2,281345824;2007;Kohlmeise;Mésange charbonnière;Cinciallegra;Great Tit 
3790;102,3125573;2,213744698;2008;Kohlmeise;Mésange charbonnière;Cinciallegra;Great Tit 
3790;100,0868352;2,189687286;2009;Kohlmeise;Mésange charbonnière;Cinciallegra;Great Tit 
3790;111,1094588;2,301842465;2010;Kohlmeise;Mésange charbonnière;Cinciallegra;Great Tit 
3790;109,6023621;2,287579684;2011;Kohlmeise;Mésange charbonnière;Cinciallegra;Great Tit 
3790;120,0504528;2,414495546;2012;Kohlmeise;Mésange charbonnière;Cinciallegra;Great Tit 
3790;102,6059168;2,2340546;2013;Kohlmeise;Mésange charbonnière;Cinciallegra;Great Tit 
3790;102,3510397;2,214786057;2014;Kohlmeise;Mésange charbonnière;Cinciallegra;Great Tit 
3790;111,7186446;2,308979506;2015;Kohlmeise;Mésange charbonnière;Cinciallegra;Great Tit 
3790;103,8894349;2,237704544;2016;Kohlmeise;Mésange charbonnière;Cinciallegra;Great Tit 
3790;102,2192562;2,215214933;2017;Kohlmeise;Mésange charbonnière;Cinciallegra;Great Tit 
3790;106,2909163;2,262558817;2018;Kohlmeise;Mésange charbonnière;Cinciallegra;Great Tit 
3790;112,1933743;2,319421694;2019;Kohlmeise;Mésange charbonnière;Cinciallegra;Great Tit 
3790;107,6501675;2,271450186;2020;Kohlmeise;Mésange charbonnière;Cinciallegra;Great Tit 
3790;118,8945348;2,394687043;2021;Kohlmeise;Mésange charbonnière;Cinciallegra;Great Tit 
3790;112,3365298;2,36938205;2022;Kohlmeise;Mésange charbonnière;Cinciallegra;Great Tit 
3820;97,21516362;2,520300043;1999;Tannenmeise;Mésange noire ;Cincia mora ;Coal Tit
3820;104,9342024;2,504432023;2000;Tannenmeise;Mésange noire ;Cincia mora ;Coal Tit
3820;82,99010731;2,227594918;2001;Tannenmeise;Mésange noire ;Cincia mora ;Coal Tit
3820;87,45959599;2,278325286;2002;Tannenmeise;Mésange noire ;Cincia mora ;Coal Tit
3820;103,0841352;2,453829353;2003;Tannenmeise;Mésange noire ;Cincia mora ;Coal Tit
3820;106,9958993;2,494403165;2004;Tannenmeise;Mésange noire ;Cincia mora ;Coal Tit
3820;121,2372028;2,65095147;2005;Tannenmeise;Mésange noire ;Cincia mora ;Coal Tit
3820;82,86675373;2,22383407;2006;Tannenmeise;Mésange noire ;Cincia mora ;Coal Tit
3820;90,9902825;2,32124174;2007;Tannenmeise;Mésange noire ;Cincia mora ;Coal Tit
3820;94,25768761;2,351600702;2008;Tannenmeise;Mésange noire ;Cincia mora ;Coal Tit
3820;95,8155274;2,371278869;2009;Tannenmeise;Mésange noire ;Cincia mora ;Coal Tit
3820;95,1857633;2,358914888;2010;Tannenmeise;Mésange noire ;Cincia mora ;Coal Tit
3820;113,8794011;2,583703502;2011;Tannenmeise;Mésange noire ;Cincia mora ;Coal Tit
3820;100,5184404;2,425150806;2012;Tannenmeise;Mésange noire ;Cincia mora ;Coal Tit
3820;82,29688532;2,206613561;2013;Tannenmeise;Mésange noire ;Cincia mora ;Coal Tit
3820;90,64576185;2,305588596;2014;Tannenmeise;Mésange noire ;Cincia mora ;Coal Tit
3820;110,9946534;2,539017977;2015;Tannenmeise;Mésange noire ;Cincia mora ;Coal Tit
3820;109,7413781;2,532750185;2016;Tannenmeise;Mésange noire ;Cincia mora ;Coal Tit
3820;114,4320607;2,588341371;2017;Tannenmeise;Mésange noire ;Cincia mora ;Coal Tit
3820;100,3364615;2,433927457;2018;Tannenmeise;Mésange noire ;Cincia mora ;Coal Tit
3820;96,13260947;2,371731676;2019;Tannenmeise;Mésange noire ;Cincia mora ;Coal Tit
3820;105,7635419;2,502460215;2020;Tannenmeise;Mésange noire ;Cincia mora ;Coal Tit
3820;94,97166478;2,378110676;2021;Tannenmeise;Mésange noire ;Cincia mora ;Coal Tit
3820;117,2548204;2,685950657;2022;Tannenmeise;Mésange noire ;Cincia mora ;Coal Tit
3830;71,13190883;NA;1990;Haubenmeise;Mésange huppée;Cincia dal ciuffo ;European Crested Tit
3830;66,22380712;14,70418053;1991;Haubenmeise;Mésange huppée;Cincia dal ciuffo ;European Crested Tit
3830;56,85573473;12,8284361;1992;Haubenmeise;Mésange huppée;Cincia dal ciuffo ;European Crested Tit
3830;78,55096692;16,65581316;1993;Haubenmeise;Mésange huppée;Cincia dal ciuffo ;European Crested Tit
3830;61,73538367;13,73507672;1994;Haubenmeise;Mésange huppée;Cincia dal ciuffo ;European Crested Tit
3830;91,21955988;19,53637823;1995;Haubenmeise;Mésange huppée;Cincia dal ciuffo ;European Crested Tit
3830;82,56280658;17,90421744;1996;Haubenmeise;Mésange huppée;Cincia dal ciuffo ;European Crested Tit
3830;71,29551222;17,68461899;1997;Haubenmeise;Mésange huppée;Cincia dal ciuffo ;European Crested Tit
3830;78,96779991;4,685367107;1998;Haubenmeise;Mésange huppée;Cincia dal ciuffo ;European Crested Tit
3830;89,13484155;4,20243891;1999;Haubenmeise;Mésange huppée;Cincia dal ciuffo ;European Crested Tit
3830;92,19433036;4,104172728;2000;Haubenmeise;Mésange huppée;Cincia dal ciuffo ;European Crested Tit
3830;83,2722713;3,911466229;2001;Haubenmeise;Mésange huppée;Cincia dal ciuffo ;European Crested Tit
3830;98,27873747;4,215153696;2002;Haubenmeise;Mésange huppée;Cincia dal ciuffo ;European Crested Tit
3830;112,2758926;4,474872228;2003;Haubenmeise;Mésange huppée;Cincia dal ciuffo ;European Crested Tit
3830;112,4951276;4,475319018;2004;Haubenmeise;Mésange huppée;Cincia dal ciuffo ;European Crested Tit
3830;120,5094982;4,62632022;2005;Haubenmeise;Mésange huppée;Cincia dal ciuffo ;European Crested Tit
3830;108,4510461;4,418831141;2006;Haubenmeise;Mésange huppée;Cincia dal ciuffo ;European Crested Tit
3830;114,9631141;4,537409374;2007;Haubenmeise;Mésange huppée;Cincia dal ciuffo ;European Crested Tit
3830;118,5327848;4,586128707;2008;Haubenmeise;Mésange huppée;Cincia dal ciuffo ;European Crested Tit
3830;110,9242615;4,440838904;2009;Haubenmeise;Mésange huppée;Cincia dal ciuffo ;European Crested Tit
3830;116,7975076;4,550740139;2010;Haubenmeise;Mésange huppée;Cincia dal ciuffo ;European Crested Tit
3830;130,7156949;4,82591519;2011;Haubenmeise;Mésange huppée;Cincia dal ciuffo ;European Crested Tit
3830;108,9161899;4,402670138;2012;Haubenmeise;Mésange huppée;Cincia dal ciuffo ;European Crested Tit
3830;116,8890977;4,566878952;2013;Haubenmeise;Mésange huppée;Cincia dal ciuffo ;European Crested Tit
3830;124,8064795;4,699166357;2014;Haubenmeise;Mésange huppée;Cincia dal ciuffo ;European Crested Tit
3830;112,2889059;4,46731922;2015;Haubenmeise;Mésange huppée;Cincia dal ciuffo ;European Crested Tit
3830;117,2053008;4,581276803;2016;Haubenmeise;Mésange huppée;Cincia dal ciuffo ;European Crested Tit
3830;109,6073727;4,454787478;2017;Haubenmeise;Mésange huppée;Cincia dal ciuffo ;European Crested Tit
3830;98,12136346;4,218399326;2018;Haubenmeise;Mésange huppée;Cincia dal ciuffo ;European Crested Tit
3830;103,4409547;4,303608832;2019;Haubenmeise;Mésange huppée;Cincia dal ciuffo ;European Crested Tit
3830;115,5456374;4,564723538;2020;Haubenmeise;Mésange huppée;Cincia dal ciuffo ;European Crested Tit
3830;105,5439617;4,364684543;2021;Haubenmeise;Mésange huppée;Cincia dal ciuffo ;European Crested Tit
3830;120,5461483;4,728100692;2022;Haubenmeise;Mésange huppée;Cincia dal ciuffo ;European Crested Tit
3860;76,13701241;NA;1990;Sumpfmeise;Mésange nonnette;Cincia bigia;Marsh Tit 
3860;83,16445865;10,94943049;1991;Sumpfmeise;Mésange nonnette;Cincia bigia;Marsh Tit 
3860;79,96670413;10,85418954;1992;Sumpfmeise;Mésange nonnette;Cincia bigia;Marsh Tit 
3860;87,88495342;12,00583129;1993;Sumpfmeise;Mésange nonnette;Cincia bigia;Marsh Tit 
3860;89,5751951;12,24690111;1994;Sumpfmeise;Mésange nonnette;Cincia bigia;Marsh Tit 
3860;79,19010661;11,22741124;1995;Sumpfmeise;Mésange nonnette;Cincia bigia;Marsh Tit 
3860;83,88014657;11,79365912;1996;Sumpfmeise;Mésange nonnette;Cincia bigia;Marsh Tit 
3860;87,81643011;12,9158808;1997;Sumpfmeise;Mésange nonnette;Cincia bigia;Marsh Tit 
3860;83,91973782;6,260316371;1998;Sumpfmeise;Mésange nonnette;Cincia bigia;Marsh Tit 
3860;86,17444281;5,10858822;1999;Sumpfmeise;Mésange nonnette;Cincia bigia;Marsh Tit 
3860;92,93549658;4,9881582;2000;Sumpfmeise;Mésange nonnette;Cincia bigia;Marsh Tit 
3860;90,34240079;4,909080025;2001;Sumpfmeise;Mésange nonnette;Cincia bigia;Marsh Tit 
3860;100,8491342;5,194298904;2002;Sumpfmeise;Mésange nonnette;Cincia bigia;Marsh Tit 
3860;100,8661273;5,152838389;2003;Sumpfmeise;Mésange nonnette;Cincia bigia;Marsh Tit 
3860;114,2357645;5,477384534;2004;Sumpfmeise;Mésange nonnette;Cincia bigia;Marsh Tit 
3860;115,1822266;5,492581936;2005;Sumpfmeise;Mésange nonnette;Cincia bigia;Marsh Tit 
3860;110,112542;5,403241975;2006;Sumpfmeise;Mésange nonnette;Cincia bigia;Marsh Tit 
3860;106,4055609;5,317923987;2007;Sumpfmeise;Mésange nonnette;Cincia bigia;Marsh Tit 
3860;111,0388107;5,388670835;2008;Sumpfmeise;Mésange nonnette;Cincia bigia;Marsh Tit 
3860;113,4658885;5,443498399;2009;Sumpfmeise;Mésange nonnette;Cincia bigia;Marsh Tit 
3860;114,072658;5,45739584;2010;Sumpfmeise;Mésange nonnette;Cincia bigia;Marsh Tit 
3860;106,4126596;5,275179874;2011;Sumpfmeise;Mésange nonnette;Cincia bigia;Marsh Tit 
3860;128,2568406;5,79141794;2012;Sumpfmeise;Mésange nonnette;Cincia bigia;Marsh Tit 
3860;122,4300053;5,662148047;2013;Sumpfmeise;Mésange nonnette;Cincia bigia;Marsh Tit 
3860;101,2904819;5,158506363;2014;Sumpfmeise;Mésange nonnette;Cincia bigia;Marsh Tit 
3860;111,4433236;5,401744127;2015;Sumpfmeise;Mésange nonnette;Cincia bigia;Marsh Tit 
3860;105,27365;5,283284791;2016;Sumpfmeise;Mésange nonnette;Cincia bigia;Marsh Tit 
3860;97,91655842;5,080566609;2017;Sumpfmeise;Mésange nonnette;Cincia bigia;Marsh Tit 
3860;93,4817342;4,975945843;2018;Sumpfmeise;Mésange nonnette;Cincia bigia;Marsh Tit 
3860;103,0258117;5,207949021;2019;Sumpfmeise;Mésange nonnette;Cincia bigia;Marsh Tit 
3860;106,7914245;5,294798832;2020;Sumpfmeise;Mésange nonnette;Cincia bigia;Marsh Tit 
3860;116,2117649;5,533998046;2021;Sumpfmeise;Mésange nonnette;Cincia bigia;Marsh Tit 
3860;100,2499477;5,214665214;2022;Sumpfmeise;Mésange nonnette;Cincia bigia;Marsh Tit 
3870;66,89137783;3,983272719;1999;Mönchsmeise (Alpen- oder Weidenmeise);Mésange boréale (alpestre ou des saules);Cincia alpestre o C. dei salici;Alpine or Willow Tit
3870;59,38985938;3,666263268;2000;Mönchsmeise (Alpen- oder Weidenmeise);Mésange boréale (alpestre ou des saules);Cincia alpestre o C. dei salici;Alpine or Willow Tit
3870;71,00936948;4,006585618;2001;Mönchsmeise (Alpen- oder Weidenmeise);Mésange boréale (alpestre ou des saules);Cincia alpestre o C. dei salici;Alpine or Willow Tit
3870;81,52836397;4,269011319;2002;Mönchsmeise (Alpen- oder Weidenmeise);Mésange boréale (alpestre ou des saules);Cincia alpestre o C. dei salici;Alpine or Willow Tit
3870;85,61089888;4,350001299;2003;Mönchsmeise (Alpen- oder Weidenmeise);Mésange boréale (alpestre ou des saules);Cincia alpestre o C. dei salici;Alpine or Willow Tit
3870;95,73834211;4,668628628;2004;Mönchsmeise (Alpen- oder Weidenmeise);Mésange boréale (alpestre ou des saules);Cincia alpestre o C. dei salici;Alpine or Willow Tit
3870;89,32955479;4,461059359;2005;Mönchsmeise (Alpen- oder Weidenmeise);Mésange boréale (alpestre ou des saules);Cincia alpestre o C. dei salici;Alpine or Willow Tit
3870;95,58793976;4,660580116;2006;Mönchsmeise (Alpen- oder Weidenmeise);Mésange boréale (alpestre ou des saules);Cincia alpestre o C. dei salici;Alpine or Willow Tit
3870;109,3798554;4,951440086;2007;Mönchsmeise (Alpen- oder Weidenmeise);Mésange boréale (alpestre ou des saules);Cincia alpestre o C. dei salici;Alpine or Willow Tit
3870;95,90793501;4,611257216;2008;Mönchsmeise (Alpen- oder Weidenmeise);Mésange boréale (alpestre ou des saules);Cincia alpestre o C. dei salici;Alpine or Willow Tit
3870;107,0750878;4,864744863;2009;Mönchsmeise (Alpen- oder Weidenmeise);Mésange boréale (alpestre ou des saules);Cincia alpestre o C. dei salici;Alpine or Willow Tit
3870;99,01677943;4,649661643;2010;Mönchsmeise (Alpen- oder Weidenmeise);Mésange boréale (alpestre ou des saules);Cincia alpestre o C. dei salici;Alpine or Willow Tit
3870;118,2012553;5,083831506;2011;Mönchsmeise (Alpen- oder Weidenmeise);Mésange boréale (alpestre ou des saules);Cincia alpestre o C. dei salici;Alpine or Willow Tit
3870;91,17407036;4,470268779;2012;Mönchsmeise (Alpen- oder Weidenmeise);Mésange boréale (alpestre ou des saules);Cincia alpestre o C. dei salici;Alpine or Willow Tit
3870;101,0107572;4,722451493;2013;Mönchsmeise (Alpen- oder Weidenmeise);Mésange boréale (alpestre ou des saules);Cincia alpestre o C. dei salici;Alpine or Willow Tit
3870;109,5825943;4,881743703;2014;Mönchsmeise (Alpen- oder Weidenmeise);Mésange boréale (alpestre ou des saules);Cincia alpestre o C. dei salici;Alpine or Willow Tit
3870;111,6957573;4,9244964;2015;Mönchsmeise (Alpen- oder Weidenmeise);Mésange boréale (alpestre ou des saules);Cincia alpestre o C. dei salici;Alpine or Willow Tit
3870;112,0493989;4,937869678;2016;Mönchsmeise (Alpen- oder Weidenmeise);Mésange boréale (alpestre ou des saules);Cincia alpestre o C. dei salici;Alpine or Willow Tit
3870;93,91855137;4,548472731;2017;Mönchsmeise (Alpen- oder Weidenmeise);Mésange boréale (alpestre ou des saules);Cincia alpestre o C. dei salici;Alpine or Willow Tit
3870;109,7524115;4,937866749;2018;Mönchsmeise (Alpen- oder Weidenmeise);Mésange boréale (alpestre ou des saules);Cincia alpestre o C. dei salici;Alpine or Willow Tit
3870;109,8429519;4,892814763;2019;Mönchsmeise (Alpen- oder Weidenmeise);Mésange boréale (alpestre ou des saules);Cincia alpestre o C. dei salici;Alpine or Willow Tit
3870;131,6133342;5,379731536;2020;Mönchsmeise (Alpen- oder Weidenmeise);Mésange boréale (alpestre ou des saules);Cincia alpestre o C. dei salici;Alpine or Willow Tit
3870;122,2642253;5,156350461;2021;Mönchsmeise (Alpen- oder Weidenmeise);Mésange boréale (alpestre ou des saules);Cincia alpestre o C. dei salici;Alpine or Willow Tit
3870;132,4293286;5,453909218;2022;Mönchsmeise (Alpen- oder Weidenmeise);Mésange boréale (alpestre ou des saules);Cincia alpestre o C. dei salici;Alpine or Willow Tit
3910;115,6361132;NA;1990;Kleiber;Sittelle torchepot;Picchio muratore;Eurasian Nuthatch 
3910;113,0458643;10,21177254;1991;Kleiber;Sittelle torchepot;Picchio muratore;Eurasian Nuthatch 
3910;125,846782;11,86962949;1992;Kleiber;Sittelle torchepot;Picchio muratore;Eurasian Nuthatch 
3910;134,6582539;13,35458556;1993;Kleiber;Sittelle torchepot;Picchio muratore;Eurasian Nuthatch 
3910;122,0886084;12,12147224;1994;Kleiber;Sittelle torchepot;Picchio muratore;Eurasian Nuthatch 
3910;100,6149821;10,31879224;1995;Kleiber;Sittelle torchepot;Picchio muratore;Eurasian Nuthatch 
3910;104,7431914;10,90401801;1996;Kleiber;Sittelle torchepot;Picchio muratore;Eurasian Nuthatch 
3910;97,00713539;10,31514306;1997;Kleiber;Sittelle torchepot;Picchio muratore;Eurasian Nuthatch 
3910;84,02813804;4,168643318;1998;Kleiber;Sittelle torchepot;Picchio muratore;Eurasian Nuthatch 
3910;82,01815495;3,39197773;1999;Kleiber;Sittelle torchepot;Picchio muratore;Eurasian Nuthatch 
3910;98,82434606;3,548882477;2000;Kleiber;Sittelle torchepot;Picchio muratore;Eurasian Nuthatch 
3910;89,30888196;3,377383749;2001;Kleiber;Sittelle torchepot;Picchio muratore;Eurasian Nuthatch 
3910;87,51348656;3,355829819;2002;Kleiber;Sittelle torchepot;Picchio muratore;Eurasian Nuthatch 
3910;100,3594395;3,558193812;2003;Kleiber;Sittelle torchepot;Picchio muratore;Eurasian Nuthatch 
3910;114,2246171;3,789598789;2004;Kleiber;Sittelle torchepot;Picchio muratore;Eurasian Nuthatch 
3910;127,2105828;3,984947523;2005;Kleiber;Sittelle torchepot;Picchio muratore;Eurasian Nuthatch 
3910;102,8859889;3,620507158;2006;Kleiber;Sittelle torchepot;Picchio muratore;Eurasian Nuthatch 
3910;110,5439879;3,741744765;2007;Kleiber;Sittelle torchepot;Picchio muratore;Eurasian Nuthatch 
3910;109,7726118;3,710916701;2008;Kleiber;Sittelle torchepot;Picchio muratore;Eurasian Nuthatch 
3910;90,67239194;3,387154177;2009;Kleiber;Sittelle torchepot;Picchio muratore;Eurasian Nuthatch 
3910;100,0078926;3,549816375;2010;Kleiber;Sittelle torchepot;Picchio muratore;Eurasian Nuthatch 
3910;102,0204633;3,590823561;2011;Kleiber;Sittelle torchepot;Picchio muratore;Eurasian Nuthatch 
3910;111,6136776;3,773314082;2012;Kleiber;Sittelle torchepot;Picchio muratore;Eurasian Nuthatch 
3910;90,83358571;3,405116305;2013;Kleiber;Sittelle torchepot;Picchio muratore;Eurasian Nuthatch 
3910;86,15841455;3,307017553;2014;Kleiber;Sittelle torchepot;Picchio muratore;Eurasian Nuthatch 
3910;99,47136962;3,540708107;2015;Kleiber;Sittelle torchepot;Picchio muratore;Eurasian Nuthatch 
3910;93,9806634;3,465316311;2016;Kleiber;Sittelle torchepot;Picchio muratore;Eurasian Nuthatch 
3910;83,0654881;3,253995048;2017;Kleiber;Sittelle torchepot;Picchio muratore;Eurasian Nuthatch 
3910;81,02757339;3,224018877;2018;Kleiber;Sittelle torchepot;Picchio muratore;Eurasian Nuthatch 
3910;82,21230961;3,238025806;2019;Kleiber;Sittelle torchepot;Picchio muratore;Eurasian Nuthatch 
3910;82,26132921;3,237806922;2020;Kleiber;Sittelle torchepot;Picchio muratore;Eurasian Nuthatch 
3910;87,89543883;3,345337227;2021;Kleiber;Sittelle torchepot;Picchio muratore;Eurasian Nuthatch 
3910;88,4482359;3,357739392;2022;Kleiber;Sittelle torchepot;Picchio muratore;Eurasian Nuthatch 
3960;143,5019752;7,654240728;1990;Mauerläufer;Tichodrome échelette;Picchio muraiolo;Wallcreeper 
3960;139,5901203;8,081097791;1991;Mauerläufer;Tichodrome échelette;Picchio muraiolo;Wallcreeper 
3960;131,346321;8,303544217;1992;Mauerläufer;Tichodrome échelette;Picchio muraiolo;Wallcreeper 
3960;120,8118648;9,662900822;1993;Mauerläufer;Tichodrome échelette;Picchio muraiolo;Wallcreeper 
3960;134,2309547;7,322427822;1994;Mauerläufer;Tichodrome échelette;Picchio muraiolo;Wallcreeper 
3960;135,8277979;8,40795044;1995;Mauerläufer;Tichodrome échelette;Picchio muraiolo;Wallcreeper 
3960;132,0416465;7,772048514;1996;Mauerläufer;Tichodrome échelette;Picchio muraiolo;Wallcreeper 
3960;124,2663643;8,171909416;1997;Mauerläufer;Tichodrome échelette;Picchio muraiolo;Wallcreeper 
3960;99,66281467;10,51659205;1998;Mauerläufer;Tichodrome échelette;Picchio muraiolo;Wallcreeper 
3960;88,24250724;8,648992669;1999;Mauerläufer;Tichodrome échelette;Picchio muraiolo;Wallcreeper 
3960;78,98169069;7,887522809;2000;Mauerläufer;Tichodrome échelette;Picchio muraiolo;Wallcreeper 
3960;75,60225043;8,052360583;2001;Mauerläufer;Tichodrome échelette;Picchio muraiolo;Wallcreeper 
3960;82,70410731;8,458993583;2002;Mauerläufer;Tichodrome échelette;Picchio muraiolo;Wallcreeper 
3960;75,70144965;7,961541533;2003;Mauerläufer;Tichodrome échelette;Picchio muraiolo;Wallcreeper 
3960;58,27586693;7,253700587;2004;Mauerläufer;Tichodrome échelette;Picchio muraiolo;Wallcreeper 
3960;66,09773224;7,247583647;2005;Mauerläufer;Tichodrome échelette;Picchio muraiolo;Wallcreeper 
3960;68,20008959;7,232332085;2006;Mauerläufer;Tichodrome échelette;Picchio muraiolo;Wallcreeper 
3960;84,06195917;7,2201423;2007;Mauerläufer;Tichodrome échelette;Picchio muraiolo;Wallcreeper 
3960;94,24173456;7,065281805;2008;Mauerläufer;Tichodrome échelette;Picchio muraiolo;Wallcreeper 
3960;77,0083204;7,579550062;2009;Mauerläufer;Tichodrome échelette;Picchio muraiolo;Wallcreeper 
3960;71,51603838;6,540906264;2010;Mauerläufer;Tichodrome échelette;Picchio muraiolo;Wallcreeper 
3960;84,79597537;6,944358617;2011;Mauerläufer;Tichodrome échelette;Picchio muraiolo;Wallcreeper 
3960;87,63814161;6,928447285;2012;Mauerläufer;Tichodrome échelette;Picchio muraiolo;Wallcreeper 
3960;88,96890491;6,344692736;2013;Mauerläufer;Tichodrome échelette;Picchio muraiolo;Wallcreeper 
3960;114,9445109;6,205431933;2014;Mauerläufer;Tichodrome échelette;Picchio muraiolo;Wallcreeper 
3960;111,8187621;5,642254978;2015;Mauerläufer;Tichodrome échelette;Picchio muraiolo;Wallcreeper 
3960;111,7245729;5,731782734;2016;Mauerläufer;Tichodrome échelette;Picchio muraiolo;Wallcreeper 
3960;82,65303854;6,010237121;2017;Mauerläufer;Tichodrome échelette;Picchio muraiolo;Wallcreeper 
3960;97,52842314;7,529246752;2018;Mauerläufer;Tichodrome échelette;Picchio muraiolo;Wallcreeper 
3960;100,113782;6,79931684;2019;Mauerläufer;Tichodrome échelette;Picchio muraiolo;Wallcreeper 
3960;119,6965629;6,739768724;2020;Mauerläufer;Tichodrome échelette;Picchio muraiolo;Wallcreeper 
3960;112,5942992;6,787820442;2021;Mauerläufer;Tichodrome échelette;Picchio muraiolo;Wallcreeper 
3960;105,6094203;7,262072626;2022;Mauerläufer;Tichodrome échelette;Picchio muraiolo;Wallcreeper 
3940;63,04079184;NA;1990;Waldbaumläufer;Grimpereau des bois ;Rampichino alpestre ;Eurasian Treecreeper
3940;61,60346179;12,61597351;1991;Waldbaumläufer;Grimpereau des bois ;Rampichino alpestre ;Eurasian Treecreeper
3940;74,03510594;15,51612863;1992;Waldbaumläufer;Grimpereau des bois ;Rampichino alpestre ;Eurasian Treecreeper
3940;66,40086605;14,15351077;1993;Waldbaumläufer;Grimpereau des bois ;Rampichino alpestre ;Eurasian Treecreeper
3940;84,44944475;17,35248787;1994;Waldbaumläufer;Grimpereau des bois ;Rampichino alpestre ;Eurasian Treecreeper
3940;63,19839382;14,18192517;1995;Waldbaumläufer;Grimpereau des bois ;Rampichino alpestre ;Eurasian Treecreeper
3940;56,88801056;13,04156743;1996;Waldbaumläufer;Grimpereau des bois ;Rampichino alpestre ;Eurasian Treecreeper
3940;69,62855459;17,55061561;1997;Waldbaumläufer;Grimpereau des bois ;Rampichino alpestre ;Eurasian Treecreeper
3940;61,78123682;4,825099921;1998;Waldbaumläufer;Grimpereau des bois ;Rampichino alpestre ;Eurasian Treecreeper
3940;63,9679263;4,128240012;1999;Waldbaumläufer;Grimpereau des bois ;Rampichino alpestre ;Eurasian Treecreeper
3940;67,54377923;4,078238083;2000;Waldbaumläufer;Grimpereau des bois ;Rampichino alpestre ;Eurasian Treecreeper
3940;78,40873167;4,387759572;2001;Waldbaumläufer;Grimpereau des bois ;Rampichino alpestre ;Eurasian Treecreeper
3940;74,14552599;4,253649751;2002;Waldbaumläufer;Grimpereau des bois ;Rampichino alpestre ;Eurasian Treecreeper
3940;79,16733945;4,37452105;2003;Waldbaumläufer;Grimpereau des bois ;Rampichino alpestre ;Eurasian Treecreeper
3940;92,36160037;4,706996401;2004;Waldbaumläufer;Grimpereau des bois ;Rampichino alpestre ;Eurasian Treecreeper
3940;98,08469489;4,836548233;2005;Waldbaumläufer;Grimpereau des bois ;Rampichino alpestre ;Eurasian Treecreeper
3940;112,3852546;5,190058574;2006;Waldbaumläufer;Grimpereau des bois ;Rampichino alpestre ;Eurasian Treecreeper
3940;120,0775166;5,333928114;2007;Waldbaumläufer;Grimpereau des bois ;Rampichino alpestre ;Eurasian Treecreeper
3940;127,652859;5,466172194;2008;Waldbaumläufer;Grimpereau des bois ;Rampichino alpestre ;Eurasian Treecreeper
3940;116,6043425;5,226750508;2009;Waldbaumläufer;Grimpereau des bois ;Rampichino alpestre ;Eurasian Treecreeper
3940;140,9110787;5,722658087;2010;Waldbaumläufer;Grimpereau des bois ;Rampichino alpestre ;Eurasian Treecreeper
3940;129,4853657;5,50448515;2011;Waldbaumläufer;Grimpereau des bois ;Rampichino alpestre ;Eurasian Treecreeper
3940;138,1797175;5,694955036;2012;Waldbaumläufer;Grimpereau des bois ;Rampichino alpestre ;Eurasian Treecreeper
3940;114,501755;5,203784618;2013;Waldbaumläufer;Grimpereau des bois ;Rampichino alpestre ;Eurasian Treecreeper
3940;127,652859;5,459319611;2014;Waldbaumläufer;Grimpereau des bois ;Rampichino alpestre ;Eurasian Treecreeper
3940;139,2113069;5,691727588;2015;Waldbaumläufer;Grimpereau des bois ;Rampichino alpestre ;Eurasian Treecreeper
3940;119,15295;5,309222767;2016;Waldbaumläufer;Grimpereau des bois ;Rampichino alpestre ;Eurasian Treecreeper
3940;126,8210641;5,489163253;2017;Waldbaumläufer;Grimpereau des bois ;Rampichino alpestre ;Eurasian Treecreeper
3940;99,8997141;4,895890068;2018;Waldbaumläufer;Grimpereau des bois ;Rampichino alpestre ;Eurasian Treecreeper
3940;136,6418632;5,652487183;2019;Waldbaumläufer;Grimpereau des bois ;Rampichino alpestre ;Eurasian Treecreeper
3940;129,171099;5,524271707;2020;Waldbaumläufer;Grimpereau des bois ;Rampichino alpestre ;Eurasian Treecreeper
3940;132,669149;5,603659536;2021;Waldbaumläufer;Grimpereau des bois ;Rampichino alpestre ;Eurasian Treecreeper
3940;134,276641;5,73918949;2022;Waldbaumläufer;Grimpereau des bois ;Rampichino alpestre ;Eurasian Treecreeper
3950;67,49804092;NA;1990;Gartenbaumläufer;Grimpereau des jardins;Rampichino comune ;Short-toed Treecreeper
3950;78,93220906;10,55536671;1991;Gartenbaumläufer;Grimpereau des jardins;Rampichino comune ;Short-toed Treecreeper
3950;82,50960522;10,96045208;1992;Gartenbaumläufer;Grimpereau des jardins;Rampichino comune ;Short-toed Treecreeper
3950;80,67365851;11,2675135;1993;Gartenbaumläufer;Grimpereau des jardins;Rampichino comune ;Short-toed Treecreeper
3950;79,76243496;10,96898079;1994;Gartenbaumläufer;Grimpereau des jardins;Rampichino comune ;Short-toed Treecreeper
3950;89,62389874;12,11427161;1995;Gartenbaumläufer;Grimpereau des jardins;Rampichino comune ;Short-toed Treecreeper
3950;91,14260466;12,26278562;1996;Gartenbaumläufer;Grimpereau des jardins;Rampichino comune ;Short-toed Treecreeper
3950;81,99662011;11,47475988;1997;Gartenbaumläufer;Grimpereau des jardins;Rampichino comune ;Short-toed Treecreeper
3950;88,84767127;7,489377791;1998;Gartenbaumläufer;Grimpereau des jardins;Rampichino comune ;Short-toed Treecreeper
3950;89,55844729;6,022734052;1999;Gartenbaumläufer;Grimpereau des jardins;Rampichino comune ;Short-toed Treecreeper
3950;99,76463531;6,014810253;2000;Gartenbaumläufer;Grimpereau des jardins;Rampichino comune ;Short-toed Treecreeper
3950;96,00908456;5,864632129;2001;Gartenbaumläufer;Grimpereau des jardins;Rampichino comune ;Short-toed Treecreeper
3950;96,64343463;5,923346107;2002;Gartenbaumläufer;Grimpereau des jardins;Rampichino comune ;Short-toed Treecreeper
3950;104,5272967;6,107564692;2003;Gartenbaumläufer;Grimpereau des jardins;Rampichino comune ;Short-toed Treecreeper
3950;101,4113661;6,022850347;2004;Gartenbaumläufer;Grimpereau des jardins;Rampichino comune ;Short-toed Treecreeper
3950;114,7512272;6,39962459;2005;Gartenbaumläufer;Grimpereau des jardins;Rampichino comune ;Short-toed Treecreeper
3950;88,02527095;5,651411541;2006;Gartenbaumläufer;Grimpereau des jardins;Rampichino comune ;Short-toed Treecreeper
3950;105,9335599;6,182229593;2007;Gartenbaumläufer;Grimpereau des jardins;Rampichino comune ;Short-toed Treecreeper
3950;108,5922742;6,210996202;2008;Gartenbaumläufer;Grimpereau des jardins;Rampichino comune ;Short-toed Treecreeper
3950;87,11248372;5,582242556;2009;Gartenbaumläufer;Grimpereau des jardins;Rampichino comune ;Short-toed Treecreeper
3950;110,6805872;6,272186928;2010;Gartenbaumläufer;Grimpereau des jardins;Rampichino comune ;Short-toed Treecreeper
3950;88,90246627;5,638919391;2011;Gartenbaumläufer;Grimpereau des jardins;Rampichino comune ;Short-toed Treecreeper
3950;108,0376455;6,268689019;2012;Gartenbaumläufer;Grimpereau des jardins;Rampichino comune ;Short-toed Treecreeper
3950;74,90310791;5,217024309;2013;Gartenbaumläufer;Grimpereau des jardins;Rampichino comune ;Short-toed Treecreeper
3950;101,1452455;6,013496019;2014;Gartenbaumläufer;Grimpereau des jardins;Rampichino comune ;Short-toed Treecreeper
3950;106,5039613;6,149720282;2015;Gartenbaumläufer;Grimpereau des jardins;Rampichino comune ;Short-toed Treecreeper
3950;104,1810877;6,087249955;2016;Gartenbaumläufer;Grimpereau des jardins;Rampichino comune ;Short-toed Treecreeper
3950;121,122152;6,531075355;2017;Gartenbaumläufer;Grimpereau des jardins;Rampichino comune ;Short-toed Treecreeper
3950;111,9939615;6,333297198;2018;Gartenbaumläufer;Grimpereau des jardins;Rampichino comune ;Short-toed Treecreeper
3950;130,9053551;6,775632658;2019;Gartenbaumläufer;Grimpereau des jardins;Rampichino comune ;Short-toed Treecreeper
3950;130,967056;6,76160555;2020;Gartenbaumläufer;Grimpereau des jardins;Rampichino comune ;Short-toed Treecreeper
3950;146,1819076;7,146024178;2021;Gartenbaumläufer;Grimpereau des jardins;Rampichino comune ;Short-toed Treecreeper
3950;131,1596424;6,876386769;2022;Gartenbaumläufer;Grimpereau des jardins;Rampichino comune ;Short-toed Treecreeper
3660;78,62372603;4,845145599;1990;Pirol;Loriot d'Europe ;Rigogolo;Eurasian Golden Oriole
3660;78,81452912;4,504874326;1991;Pirol;Loriot d'Europe ;Rigogolo;Eurasian Golden Oriole
3660;77,26698564;4,235691685;1992;Pirol;Loriot d'Europe ;Rigogolo;Eurasian Golden Oriole
3660;77,52060038;4,177108063;1993;Pirol;Loriot d'Europe ;Rigogolo;Eurasian Golden Oriole
3660;79,29760103;4,17745347;1994;Pirol;Loriot d'Europe ;Rigogolo;Eurasian Golden Oriole
3660;83,50414071;4,077689273;1995;Pirol;Loriot d'Europe ;Rigogolo;Eurasian Golden Oriole
3660;84,67167853;3,766785988;1996;Pirol;Loriot d'Europe ;Rigogolo;Eurasian Golden Oriole
3660;84,55104195;4,004586498;1997;Pirol;Loriot d'Europe ;Rigogolo;Eurasian Golden Oriole
3660;84,0105777;3,540063518;1998;Pirol;Loriot d'Europe ;Rigogolo;Eurasian Golden Oriole
3660;84,09138498;3,829642595;1999;Pirol;Loriot d'Europe ;Rigogolo;Eurasian Golden Oriole
3660;87,34011236;3,655199043;2000;Pirol;Loriot d'Europe ;Rigogolo;Eurasian Golden Oriole
3660;89,19934778;3,257511491;2001;Pirol;Loriot d'Europe ;Rigogolo;Eurasian Golden Oriole
3660;92,56061804;3,35168964;2002;Pirol;Loriot d'Europe ;Rigogolo;Eurasian Golden Oriole
3660;94,58448277;3,669030407;2003;Pirol;Loriot d'Europe ;Rigogolo;Eurasian Golden Oriole
3660;100,5827166;3,900826206;2004;Pirol;Loriot d'Europe ;Rigogolo;Eurasian Golden Oriole
3660;105,6816646;3,750601089;2005;Pirol;Loriot d'Europe ;Rigogolo;Eurasian Golden Oriole
3660;107,7985134;3,984932741;2006;Pirol;Loriot d'Europe ;Rigogolo;Eurasian Golden Oriole
3660;110,3996797;3,812680789;2007;Pirol;Loriot d'Europe ;Rigogolo;Eurasian Golden Oriole
3660;111,1796413;3,905638027;2008;Pirol;Loriot d'Europe ;Rigogolo;Eurasian Golden Oriole
3660;109,4122573;4,005318204;2009;Pirol;Loriot d'Europe ;Rigogolo;Eurasian Golden Oriole
3660;111,4809362;4,193242136;2010;Pirol;Loriot d'Europe ;Rigogolo;Eurasian Golden Oriole
3660;107,5642599;3,825830372;2011;Pirol;Loriot d'Europe ;Rigogolo;Eurasian Golden Oriole
3660;109,4070097;3,721364563;2012;Pirol;Loriot d'Europe ;Rigogolo;Eurasian Golden Oriole
3660;107,8330148;3,935689755;2013;Pirol;Loriot d'Europe ;Rigogolo;Eurasian Golden Oriole
3660;107,1484454;3,559096213;2014;Pirol;Loriot d'Europe ;Rigogolo;Eurasian Golden Oriole
3660;110,684431;3,885365384;2015;Pirol;Loriot d'Europe ;Rigogolo;Eurasian Golden Oriole
3660;108,6183791;3,720301486;2016;Pirol;Loriot d'Europe ;Rigogolo;Eurasian Golden Oriole
3660;109,3228161;3,784746974;2017;Pirol;Loriot d'Europe ;Rigogolo;Eurasian Golden Oriole
3660;111,8534641;3,921460174;2018;Pirol;Loriot d'Europe ;Rigogolo;Eurasian Golden Oriole
3660;115,4939785;3,689776425;2019;Pirol;Loriot d'Europe ;Rigogolo;Eurasian Golden Oriole
3660;123,7913087;4,333813887;2020;Pirol;Loriot d'Europe ;Rigogolo;Eurasian Golden Oriole
3660;127,3576992;4,388612264;2021;Pirol;Loriot d'Europe ;Rigogolo;Eurasian Golden Oriole
3660;128,3529575;5,722226519;2022;Pirol;Loriot d'Europe ;Rigogolo;Eurasian Golden Oriole
5160;121,4333538;14,22262084;1990;Neuntöter;Pie-grièche écorcheur ;Averla piccola;Red-backed Shrike 
5160;111,2467709;12,03003214;1991;Neuntöter;Pie-grièche écorcheur ;Averla piccola;Red-backed Shrike 
5160;116,9261899;13,38404923;1992;Neuntöter;Pie-grièche écorcheur ;Averla piccola;Red-backed Shrike 
5160;120,4711366;12,39048335;1993;Neuntöter;Pie-grièche écorcheur ;Averla piccola;Red-backed Shrike 
5160;135,4918319;13,98088184;1994;Neuntöter;Pie-grièche écorcheur ;Averla piccola;Red-backed Shrike 
5160;138,5463456;15,51756628;1995;Neuntöter;Pie-grièche écorcheur ;Averla piccola;Red-backed Shrike 
5160;148,4594094;15,76820421;1996;Neuntöter;Pie-grièche écorcheur ;Averla piccola;Red-backed Shrike 
5160;119,4421328;9,329006182;1997;Neuntöter;Pie-grièche écorcheur ;Averla piccola;Red-backed Shrike 
5160;108,5012373;8,120090009;1998;Neuntöter;Pie-grièche écorcheur ;Averla piccola;Red-backed Shrike 
5160;103,5405032;8,800452793;1999;Neuntöter;Pie-grièche écorcheur ;Averla piccola;Red-backed Shrike 
5160;110,6789242;8,793301491;2000;Neuntöter;Pie-grièche écorcheur ;Averla piccola;Red-backed Shrike 
5160;112,6324893;8,915135206;2001;Neuntöter;Pie-grièche écorcheur ;Averla piccola;Red-backed Shrike 
5160;90,97978377;8,028757907;2002;Neuntöter;Pie-grièche écorcheur ;Averla piccola;Red-backed Shrike 
5160;92,15909691;8,035655435;2003;Neuntöter;Pie-grièche écorcheur ;Averla piccola;Red-backed Shrike 
5160;105,7705444;8,582248558;2004;Neuntöter;Pie-grièche écorcheur ;Averla piccola;Red-backed Shrike 
5160;104,1259024;8,509841071;2005;Neuntöter;Pie-grièche écorcheur ;Averla piccola;Red-backed Shrike 
5160;116,2903498;8,968535892;2006;Neuntöter;Pie-grièche écorcheur ;Averla piccola;Red-backed Shrike 
5160;103,4127113;8,482094163;2007;Neuntöter;Pie-grièche écorcheur ;Averla piccola;Red-backed Shrike 
5160;94,14122681;8,110854883;2008;Neuntöter;Pie-grièche écorcheur ;Averla piccola;Red-backed Shrike 
5160;86,29612457;7,780040203;2009;Neuntöter;Pie-grièche écorcheur ;Averla piccola;Red-backed Shrike 
5160;84,86974235;7,718083861;2010;Neuntöter;Pie-grièche écorcheur ;Averla piccola;Red-backed Shrike 
5160;79,3528477;7,481653555;2011;Neuntöter;Pie-grièche écorcheur ;Averla piccola;Red-backed Shrike 
5160;73,07733411;7,198151098;2012;Neuntöter;Pie-grièche écorcheur ;Averla piccola;Red-backed Shrike 
5160;64,65522785;6,793301029;2013;Neuntöter;Pie-grièche écorcheur ;Averla piccola;Red-backed Shrike 
5160;73,58328445;7,211885544;2014;Neuntöter;Pie-grièche écorcheur ;Averla piccola;Red-backed Shrike 
5160;61,35509443;6,599913524;2015;Neuntöter;Pie-grièche écorcheur ;Averla piccola;Red-backed Shrike 
5160;68,53581203;6,966048771;2016;Neuntöter;Pie-grièche écorcheur ;Averla piccola;Red-backed Shrike 
5160;74,17187566;7,233541055;2017;Neuntöter;Pie-grièche écorcheur ;Averla piccola;Red-backed Shrike 
5160;77,1085475;7,374238305;2018;Neuntöter;Pie-grièche écorcheur ;Averla piccola;Red-backed Shrike 
5160;87,00931568;7,810801588;2019;Neuntöter;Pie-grièche écorcheur ;Averla piccola;Red-backed Shrike 
5160;105,6277402;8,570960976;2020;Neuntöter;Pie-grièche écorcheur ;Averla piccola;Red-backed Shrike 
5160;110,9735488;8,787642372;2021;Neuntöter;Pie-grièche écorcheur ;Averla piccola;Red-backed Shrike 
5160;99,13356459;8,31324079;2022;Neuntöter;Pie-grièche écorcheur ;Averla piccola;Red-backed Shrike 
5140;289,9305479;67,00042583;1990;Rotkopfwürger;Pie-grièche à tête rousse ;Averla capirossa;Woodchat Shrike 
5140;278,6127851;64,86074472;1991;Rotkopfwürger;Pie-grièche à tête rousse ;Averla capirossa;Woodchat Shrike 
5140;442,8031529;79,21056687;1992;Rotkopfwürger;Pie-grièche à tête rousse ;Averla capirossa;Woodchat Shrike 
5140;393,60282;75,3307469;1993;Rotkopfwürger;Pie-grièche à tête rousse ;Averla capirossa;Woodchat Shrike 
5140;489,290636;81,79419836;1994;Rotkopfwürger;Pie-grièche à tête rousse ;Averla capirossa;Woodchat Shrike 
5140;311,6022129;67,97942086;1995;Rotkopfwürger;Pie-grièche à tête rousse ;Averla capirossa;Woodchat Shrike 
5140;293,2838854;67,01927834;1996;Rotkopfwürger;Pie-grièche à tête rousse ;Averla capirossa;Woodchat Shrike 
5140;102,3284287;41,0904814;1997;Rotkopfwürger;Pie-grièche à tête rousse ;Averla capirossa;Woodchat Shrike 
5140;187,6021192;54,85197438;1998;Rotkopfwürger;Pie-grièche à tête rousse ;Averla capirossa;Woodchat Shrike 
5140;209,0165522;57,23212971;1999;Rotkopfwürger;Pie-grièche à tête rousse ;Averla capirossa;Woodchat Shrike 
5140;72,23183971;35,69834989;2000;Rotkopfwürger;Pie-grièche à tête rousse ;Averla capirossa;Woodchat Shrike 
5140;71,77969372;32,09822783;2001;Rotkopfwürger;Pie-grièche à tête rousse ;Averla capirossa;Woodchat Shrike 
5140;28,71187749;0;2002;Rotkopfwürger;Pie-grièche à tête rousse ;Averla capirossa;Woodchat Shrike 
5140;28,71187749;0;2003;Rotkopfwürger;Pie-grièche à tête rousse ;Averla capirossa;Woodchat Shrike 
5140;43,06781623;0;2004;Rotkopfwürger;Pie-grièche à tête rousse ;Averla capirossa;Woodchat Shrike 
5140;14,35593874;0;2005;Rotkopfwürger;Pie-grièche à tête rousse ;Averla capirossa;Woodchat Shrike 
5140;0;0;2006;Rotkopfwürger;Pie-grièche à tête rousse ;Averla capirossa;Woodchat Shrike 
5140;28,71187749;0;2007;Rotkopfwürger;Pie-grièche à tête rousse ;Averla capirossa;Woodchat Shrike 
5140;0;0;2008;Rotkopfwürger;Pie-grièche à tête rousse ;Averla capirossa;Woodchat Shrike 
5140;14,35593874;0;2009;Rotkopfwürger;Pie-grièche à tête rousse ;Averla capirossa;Woodchat Shrike 
5140;0;0;2010;Rotkopfwürger;Pie-grièche à tête rousse ;Averla capirossa;Woodchat Shrike 
5140;0;0;2011;Rotkopfwürger;Pie-grièche à tête rousse ;Averla capirossa;Woodchat Shrike 
5140;0;0;2012;Rotkopfwürger;Pie-grièche à tête rousse ;Averla capirossa;Woodchat Shrike 
5140;0;0;2013;Rotkopfwürger;Pie-grièche à tête rousse ;Averla capirossa;Woodchat Shrike 
5140;0;0;2014;Rotkopfwürger;Pie-grièche à tête rousse ;Averla capirossa;Woodchat Shrike 
5140;0;0;2015;Rotkopfwürger;Pie-grièche à tête rousse ;Averla capirossa;Woodchat Shrike 
5140;0;0;2016;Rotkopfwürger;Pie-grièche à tête rousse ;Averla capirossa;Woodchat Shrike 
5140;0;0;2017;Rotkopfwürger;Pie-grièche à tête rousse ;Averla capirossa;Woodchat Shrike 
5140;0;0;2018;Rotkopfwürger;Pie-grièche à tête rousse ;Averla capirossa;Woodchat Shrike 
5140;0;0;2019;Rotkopfwürger;Pie-grièche à tête rousse ;Averla capirossa;Woodchat Shrike 
5140;0;0;2020;Rotkopfwürger;Pie-grièche à tête rousse ;Averla capirossa;Woodchat Shrike 
5140;0;0;2021;Rotkopfwürger;Pie-grièche à tête rousse ;Averla capirossa;Woodchat Shrike 
5140;0;0;2022;Rotkopfwürger;Pie-grièche à tête rousse ;Averla capirossa;Woodchat Shrike 
3750;83,49257651;NA;1990;Eichelhäher;Geai des chênes ;Ghiandaia ;Eurasian Jay
3750;81,11303808;11,01464187;1991;Eichelhäher;Geai des chênes ;Ghiandaia ;Eurasian Jay
3750;78,59991152;11,77091795;1992;Eichelhäher;Geai des chênes ;Ghiandaia ;Eurasian Jay
3750;82,53241188;12,57268916;1993;Eichelhäher;Geai des chênes ;Ghiandaia ;Eurasian Jay
3750;83,72635572;12,66639101;1994;Eichelhäher;Geai des chênes ;Ghiandaia ;Eurasian Jay
3750;66,78571195;10,39287129;1995;Eichelhäher;Geai des chênes ;Ghiandaia ;Eurasian Jay
3750;96,34208403;14,10098747;1996;Eichelhäher;Geai des chênes ;Ghiandaia ;Eurasian Jay
3750;94,29651591;14,36270579;1997;Eichelhäher;Geai des chênes ;Ghiandaia ;Eurasian Jay
3750;95,57979681;5,238735766;1998;Eichelhäher;Geai des chênes ;Ghiandaia ;Eurasian Jay
3750;98,30401891;3,832461663;1999;Eichelhäher;Geai des chênes ;Ghiandaia ;Eurasian Jay
3750;95,0727335;3,63326592;2000;Eichelhäher;Geai des chênes ;Ghiandaia ;Eurasian Jay
3750;104,5298788;3,820435447;2001;Eichelhäher;Geai des chênes ;Ghiandaia ;Eurasian Jay
3750;93,62380554;3,626906639;2002;Eichelhäher;Geai des chênes ;Ghiandaia ;Eurasian Jay
3750;104,9287643;3,792772157;2003;Eichelhäher;Geai des chênes ;Ghiandaia ;Eurasian Jay
3750;110,7142936;3,895793692;2004;Eichelhäher;Geai des chênes ;Ghiandaia ;Eurasian Jay
3750;123,6029056;4,097284732;2005;Eichelhäher;Geai des chênes ;Ghiandaia ;Eurasian Jay
3750;118,8251538;4,046872432;2006;Eichelhäher;Geai des chênes ;Ghiandaia ;Eurasian Jay
3750;112,8093292;3,94732245;2007;Eichelhäher;Geai des chênes ;Ghiandaia ;Eurasian Jay
3750;119,0039069;4,023645295;2008;Eichelhäher;Geai des chênes ;Ghiandaia ;Eurasian Jay
3750;96,72637551;3,644011979;2009;Eichelhäher;Geai des chênes ;Ghiandaia ;Eurasian Jay
3750;105,4850631;3,798665944;2010;Eichelhäher;Geai des chênes ;Ghiandaia ;Eurasian Jay
3750;118,0474226;4,024381252;2011;Eichelhäher;Geai des chênes ;Ghiandaia ;Eurasian Jay
3750;108,6710919;3,879396082;2012;Eichelhäher;Geai des chênes ;Ghiandaia ;Eurasian Jay
3750;105,972662;3,822705092;2013;Eichelhäher;Geai des chênes ;Ghiandaia ;Eurasian Jay
3750;86,70220361;3,458365583;2014;Eichelhäher;Geai des chênes ;Ghiandaia ;Eurasian Jay
3750;99,22490205;3,689339588;2015;Eichelhäher;Geai des chênes ;Ghiandaia ;Eurasian Jay
3750;104,982178;3,805037635;2016;Eichelhäher;Geai des chênes ;Ghiandaia ;Eurasian Jay
3750;87,98617165;3,489530464;2017;Eichelhäher;Geai des chênes ;Ghiandaia ;Eurasian Jay
3750;114,1593204;3,966424238;2018;Eichelhäher;Geai des chênes ;Ghiandaia ;Eurasian Jay
3750;107,7160962;3,846103725;2019;Eichelhäher;Geai des chênes ;Ghiandaia ;Eurasian Jay
3750;118,8116328;4,030177068;2020;Eichelhäher;Geai des chênes ;Ghiandaia ;Eurasian Jay
3750;96,56358218;3,652352332;2021;Eichelhäher;Geai des chênes ;Ghiandaia ;Eurasian Jay
3750;105,0681055;3,804581428;2022;Eichelhäher;Geai des chênes ;Ghiandaia ;Eurasian Jay
3720;52,69649158;NA;1990;Elster;Pie bavarde ;Gazza ;Eurasian Magpie 
3720;49,7929149;7,336610921;1991;Elster;Pie bavarde ;Gazza ;Eurasian Magpie 
3720;53,39735492;7,647187236;1992;Elster;Pie bavarde ;Gazza ;Eurasian Magpie 
3720;57,75535478;8,157566614;1993;Elster;Pie bavarde ;Gazza ;Eurasian Magpie 
3720;66,88238712;9,409306312;1994;Elster;Pie bavarde ;Gazza ;Eurasian Magpie 
3720;69,29588643;9,777707986;1995;Elster;Pie bavarde ;Gazza ;Eurasian Magpie 
3720;68,72676432;9,705038728;1996;Elster;Pie bavarde ;Gazza ;Eurasian Magpie 
3720;64,30025903;9,474625484;1997;Elster;Pie bavarde ;Gazza ;Eurasian Magpie 
3720;69,87238605;6,819489539;1998;Elster;Pie bavarde ;Gazza ;Eurasian Magpie 
3720;67,38377659;5,251709294;1999;Elster;Pie bavarde ;Gazza ;Eurasian Magpie 
3720;82,40463806;5,415450134;2000;Elster;Pie bavarde ;Gazza ;Eurasian Magpie 
3720;83,25259919;5,492140168;2001;Elster;Pie bavarde ;Gazza ;Eurasian Magpie 
3720;72,55028293;5,166086178;2002;Elster;Pie bavarde ;Gazza ;Eurasian Magpie 
3720;87,34047163;5,581256666;2003;Elster;Pie bavarde ;Gazza ;Eurasian Magpie 
3720;88,70218939;5,59746506;2004;Elster;Pie bavarde ;Gazza ;Eurasian Magpie 
3720;103,1840727;6,097367767;2005;Elster;Pie bavarde ;Gazza ;Eurasian Magpie 
3720;107,0753902;6,11067745;2006;Elster;Pie bavarde ;Gazza ;Eurasian Magpie 
3720;110,3545838;6,192724915;2007;Elster;Pie bavarde ;Gazza ;Eurasian Magpie 
3720;116,7692424;6,357500814;2008;Elster;Pie bavarde ;Gazza ;Eurasian Magpie 
3720;109,6779929;6,166738812;2009;Elster;Pie bavarde ;Gazza ;Eurasian Magpie 
3720;112,5144927;6,242499913;2010;Elster;Pie bavarde ;Gazza ;Eurasian Magpie 
3720;114,0112656;6,278459084;2011;Elster;Pie bavarde ;Gazza ;Eurasian Magpie 
3720;128,6721201;6,716103151;2012;Elster;Pie bavarde ;Gazza ;Eurasian Magpie 
3720;131,7324046;6,773376966;2013;Elster;Pie bavarde ;Gazza ;Eurasian Magpie 
3720;125,7992729;6,5778811;2014;Elster;Pie bavarde ;Gazza ;Eurasian Magpie 
3720;119,1329922;6,407407805;2015;Elster;Pie bavarde ;Gazza ;Eurasian Magpie 
3720;117,3919001;6,384331697;2016;Elster;Pie bavarde ;Gazza ;Eurasian Magpie 
3720;124,8908591;6,550364847;2017;Elster;Pie bavarde ;Gazza ;Eurasian Magpie 
3720;144,6739529;7,035167145;2018;Elster;Pie bavarde ;Gazza ;Eurasian Magpie 
3720;147,5954242;7,096265593;2019;Elster;Pie bavarde ;Gazza ;Eurasian Magpie 
3720;154,6933598;7,24251916;2020;Elster;Pie bavarde ;Gazza ;Eurasian Magpie 
3720;146,0797405;7,06340559;2021;Elster;Pie bavarde ;Gazza ;Eurasian Magpie 
3720;151,3971764;7,311618106;2022;Elster;Pie bavarde ;Gazza ;Eurasian Magpie 
3740;110,9459241;NA;1990;Tannenhäher;Cassenoix moucheté;Nocciolaia;Spotted Nutcracker
3740;94,61468409;30,78137079;1991;Tannenhäher;Cassenoix moucheté;Nocciolaia;Spotted Nutcracker
3740;81,22351105;23,23570454;1992;Tannenhäher;Cassenoix moucheté;Nocciolaia;Spotted Nutcracker
3740;97,85430507;31,34154645;1993;Tannenhäher;Cassenoix moucheté;Nocciolaia;Spotted Nutcracker
3740;89,75525261;27,95368765;1994;Tannenhäher;Cassenoix moucheté;Nocciolaia;Spotted Nutcracker
3740;93,18348167;28,42709267;1995;Tannenhäher;Cassenoix moucheté;Nocciolaia;Spotted Nutcracker
3740;81,66729474;23,72029933;1996;Tannenhäher;Cassenoix moucheté;Nocciolaia;Spotted Nutcracker
3740;109,2040731;33,4868991;1997;Tannenhäher;Cassenoix moucheté;Nocciolaia;Spotted Nutcracker
3740;98,7163549;9,585080574;1998;Tannenhäher;Cassenoix moucheté;Nocciolaia;Spotted Nutcracker
3740;100,3917648;6,905063611;1999;Tannenhäher;Cassenoix moucheté;Nocciolaia;Spotted Nutcracker
3740;109,9003439;6,963081458;2000;Tannenhäher;Cassenoix moucheté;Nocciolaia;Spotted Nutcracker
3740;97,84764142;6,609491955;2001;Tannenhäher;Cassenoix moucheté;Nocciolaia;Spotted Nutcracker
3740;105,1890508;6,814777985;2002;Tannenhäher;Cassenoix moucheté;Nocciolaia;Spotted Nutcracker
3740;115,7289146;7,128011487;2003;Tannenhäher;Cassenoix moucheté;Nocciolaia;Spotted Nutcracker
3740;101,5165917;6,696184802;2004;Tannenhäher;Cassenoix moucheté;Nocciolaia;Spotted Nutcracker
3740;117,2516634;7,172424283;2005;Tannenhäher;Cassenoix moucheté;Nocciolaia;Spotted Nutcracker
3740;101,131516;6,73893589;2006;Tannenhäher;Cassenoix moucheté;Nocciolaia;Spotted Nutcracker
3740;103,3092595;6,761269566;2007;Tannenhäher;Cassenoix moucheté;Nocciolaia;Spotted Nutcracker
3740;104,0545065;6,77572472;2008;Tannenhäher;Cassenoix moucheté;Nocciolaia;Spotted Nutcracker
3740;90,85734958;6,349176145;2009;Tannenhäher;Cassenoix moucheté;Nocciolaia;Spotted Nutcracker
3740;101,5165917;6,696184802;2010;Tannenhäher;Cassenoix moucheté;Nocciolaia;Spotted Nutcracker
3740;102,0921896;6,733301403;2011;Tannenhäher;Cassenoix moucheté;Nocciolaia;Spotted Nutcracker
3740;96,94834509;6,550115869;2012;Tannenhäher;Cassenoix moucheté;Nocciolaia;Spotted Nutcracker
3740;95,0888515;6,51278915;2013;Tannenhäher;Cassenoix moucheté;Nocciolaia;Spotted Nutcracker
3740;96,94834509;6,550115869;2014;Tannenhäher;Cassenoix moucheté;Nocciolaia;Spotted Nutcracker
3740;104,1223011;6,780038277;2015;Tannenhäher;Cassenoix moucheté;Nocciolaia;Spotted Nutcracker
3740;83,29736191;6,09093965;2016;Tannenhäher;Cassenoix moucheté;Nocciolaia;Spotted Nutcracker
3740;106,617947;6,905067692;2017;Tannenhäher;Cassenoix moucheté;Nocciolaia;Spotted Nutcracker
3740;96,85522812;6,59578512;2018;Tannenhäher;Cassenoix moucheté;Nocciolaia;Spotted Nutcracker
3740;90,62354538;6,350903564;2019;Tannenhäher;Cassenoix moucheté;Nocciolaia;Spotted Nutcracker
3740;110,7652875;7,032732948;2020;Tannenhäher;Cassenoix moucheté;Nocciolaia;Spotted Nutcracker
3740;109,391546;6,947696158;2021;Tannenhäher;Cassenoix moucheté;Nocciolaia;Spotted Nutcracker
3740;101,3889763;6,704665501;2022;Tannenhäher;Cassenoix moucheté;Nocciolaia;Spotted Nutcracker
3780;83,09478533;9,715324517;1999;Alpendohle;Chocard à bec jaune ;Gracchio alpino ;Alpine Chough 
3780;76,75151356;7,790628802;2000;Alpendohle;Chocard à bec jaune ;Gracchio alpino ;Alpine Chough 
3780;81,18082051;6,530050868;2001;Alpendohle;Chocard à bec jaune ;Gracchio alpino ;Alpine Chough 
3780;81,57745833;6,454377602;2002;Alpendohle;Chocard à bec jaune ;Gracchio alpino ;Alpine Chough 
3780;72,91118129;6,690433574;2003;Alpendohle;Chocard à bec jaune ;Gracchio alpino ;Alpine Chough 
3780;95,46877752;7,180059115;2004;Alpendohle;Chocard à bec jaune ;Gracchio alpino ;Alpine Chough 
3780;95,50012739;5,148082324;2005;Alpendohle;Chocard à bec jaune ;Gracchio alpino ;Alpine Chough 
3780;94,54164773;8,54232351;2006;Alpendohle;Chocard à bec jaune ;Gracchio alpino ;Alpine Chough 
3780;98,76743864;6,387902563;2007;Alpendohle;Chocard à bec jaune ;Gracchio alpino ;Alpine Chough 
3780;101,1358586;7,084858642;2008;Alpendohle;Chocard à bec jaune ;Gracchio alpino ;Alpine Chough 
3780;97,50137121;7,279478087;2009;Alpendohle;Chocard à bec jaune ;Gracchio alpino ;Alpine Chough 
3780;110,0908478;6,095235786;2010;Alpendohle;Chocard à bec jaune ;Gracchio alpino ;Alpine Chough 
3780;102,3574953;6,572912394;2011;Alpendohle;Chocard à bec jaune ;Gracchio alpino ;Alpine Chough 
3780;111,7439443;6,262436405;2012;Alpendohle;Chocard à bec jaune ;Gracchio alpino ;Alpine Chough 
3780;110,3838749;7,470406227;2013;Alpendohle;Chocard à bec jaune ;Gracchio alpino ;Alpine Chough 
3780;111,9461053;6,871540948;2014;Alpendohle;Chocard à bec jaune ;Gracchio alpino ;Alpine Chough 
3780;111,8593562;6,410908863;2015;Alpendohle;Chocard à bec jaune ;Gracchio alpino ;Alpine Chough 
3780;110,818319;6,035483357;2016;Alpendohle;Chocard à bec jaune ;Gracchio alpino ;Alpine Chough 
3780;110,6042558;6,68423148;2017;Alpendohle;Chocard à bec jaune ;Gracchio alpino ;Alpine Chough 
3780;96,59603358;7,236187311;2018;Alpendohle;Chocard à bec jaune ;Gracchio alpino ;Alpine Chough 
3780;98,79235427;6,235775627;2019;Alpendohle;Chocard à bec jaune ;Gracchio alpino ;Alpine Chough 
3780;117,6313083;6,312450839;2020;Alpendohle;Chocard à bec jaune ;Gracchio alpino ;Alpine Chough 
3780;109,9714377;7,225431348;2021;Alpendohle;Chocard à bec jaune ;Gracchio alpino ;Alpine Chough 
3780;118,7736876;7,232873819;2022;Alpendohle;Chocard à bec jaune ;Gracchio alpino ;Alpine Chough 
3770;67,94557917;21,61042536;1990;Alpenkrähe;Crave à bec rouge ;Gracchio corallino;Red-billed Chough 
3770;62,48769971;17,78338331;1991;Alpenkrähe;Crave à bec rouge ;Gracchio corallino;Red-billed Chough 
3770;58,82667395;17,44564506;1992;Alpenkrähe;Crave à bec rouge ;Gracchio corallino;Red-billed Chough 
3770;59,18021385;16,01360884;1993;Alpenkrähe;Crave à bec rouge ;Gracchio corallino;Red-billed Chough 
3770;73,77013928;16,13540491;1994;Alpenkrähe;Crave à bec rouge ;Gracchio corallino;Red-billed Chough 
3770;77,23277539;15,31449898;1995;Alpenkrähe;Crave à bec rouge ;Gracchio corallino;Red-billed Chough 
3770;82,21626234;14,45616639;1996;Alpenkrähe;Crave à bec rouge ;Gracchio corallino;Red-billed Chough 
3770;73,28178694;15,97247015;1997;Alpenkrähe;Crave à bec rouge ;Gracchio corallino;Red-billed Chough 
3770;66,27860278;16,68524471;1998;Alpenkrähe;Crave à bec rouge ;Gracchio corallino;Red-billed Chough 
3770;53,62883471;14,72221829;1999;Alpenkrähe;Crave à bec rouge ;Gracchio corallino;Red-billed Chough 
3770;60,6241645;12,94169323;2000;Alpenkrähe;Crave à bec rouge ;Gracchio corallino;Red-billed Chough 
3770;63,52065973;14,21416312;2001;Alpenkrähe;Crave à bec rouge ;Gracchio corallino;Red-billed Chough 
3770;80,16971335;14,71084072;2002;Alpenkrähe;Crave à bec rouge ;Gracchio corallino;Red-billed Chough 
3770;70,94861936;11,81065151;2003;Alpenkrähe;Crave à bec rouge ;Gracchio corallino;Red-billed Chough 
3770;80,34004471;13,1965021;2004;Alpenkrähe;Crave à bec rouge ;Gracchio corallino;Red-billed Chough 
3770;97,39947762;13,00377351;2005;Alpenkrähe;Crave à bec rouge ;Gracchio corallino;Red-billed Chough 
3770;96,09631869;12,84887874;2006;Alpenkrähe;Crave à bec rouge ;Gracchio corallino;Red-billed Chough 
3770;121,2287628;10,24219723;2007;Alpenkrähe;Crave à bec rouge ;Gracchio corallino;Red-billed Chough 
3770;105,8719039;11,92183439;2008;Alpenkrähe;Crave à bec rouge ;Gracchio corallino;Red-billed Chough 
3770;105,1140321;11,97012282;2009;Alpenkrähe;Crave à bec rouge ;Gracchio corallino;Red-billed Chough 
3770;109,4291047;11,73680449;2010;Alpenkrähe;Crave à bec rouge ;Gracchio corallino;Red-billed Chough 
3770;117,4205049;11,52133175;2011;Alpenkrähe;Crave à bec rouge ;Gracchio corallino;Red-billed Chough 
3770;114,4232599;11,61715299;2012;Alpenkrähe;Crave à bec rouge ;Gracchio corallino;Red-billed Chough 
3770;120,8742654;11,7188396;2013;Alpenkrähe;Crave à bec rouge ;Gracchio corallino;Red-billed Chough 
3770;123,5366913;10,21505936;2014;Alpenkrähe;Crave à bec rouge ;Gracchio corallino;Red-billed Chough 
3770;104,0350474;8,218975439;2015;Alpenkrähe;Crave à bec rouge ;Gracchio corallino;Red-billed Chough 
3770;105,4376134;9,428301529;2016;Alpenkrähe;Crave à bec rouge ;Gracchio corallino;Red-billed Chough 
3770;148,4720706;9,660854013;2017;Alpenkrähe;Crave à bec rouge ;Gracchio corallino;Red-billed Chough 
3770;135,5910195;10,81122765;2018;Alpenkrähe;Crave à bec rouge ;Gracchio corallino;Red-billed Chough 
3770;146,3587267;8,80283619;2019;Alpenkrähe;Crave à bec rouge ;Gracchio corallino;Red-billed Chough 
3770;153,7873498;9,564898717;2020;Alpenkrähe;Crave à bec rouge ;Gracchio corallino;Red-billed Chough 
3770;187,3330284;10,4646606;2021;Alpenkrähe;Crave à bec rouge ;Gracchio corallino;Red-billed Chough 
3770;177,1390529;9,72015574;2022;Alpenkrähe;Crave à bec rouge ;Gracchio corallino;Red-billed Chough 
3710;66,94835985;6,088384651;1990;Dohle;Choucas des tours ;Taccola ;Western Jackdaw 
3710;67,24951114;6,460491656;1991;Dohle;Choucas des tours ;Taccola ;Western Jackdaw 
3710;84,66162905;5,79653196;1992;Dohle;Choucas des tours ;Taccola ;Western Jackdaw 
3710;86,03324611;5,76372753;1993;Dohle;Choucas des tours ;Taccola ;Western Jackdaw 
3710;85,90738793;5,683676876;1994;Dohle;Choucas des tours ;Taccola ;Western Jackdaw 
3710;83,71709131;5,506223027;1995;Dohle;Choucas des tours ;Taccola ;Western Jackdaw 
3710;83,49838542;5,415450023;1996;Dohle;Choucas des tours ;Taccola ;Western Jackdaw 
3710;82,43286176;5,498511618;1997;Dohle;Choucas des tours ;Taccola ;Western Jackdaw 
3710;86,84552793;5,575364358;1998;Dohle;Choucas des tours ;Taccola ;Western Jackdaw 
3710;85,39017775;5,670300908;1999;Dohle;Choucas des tours ;Taccola ;Western Jackdaw 
3710;85,56189818;5,469328714;2000;Dohle;Choucas des tours ;Taccola ;Western Jackdaw 
3710;89,69575784;5,605208288;2001;Dohle;Choucas des tours ;Taccola ;Western Jackdaw 
3710;93,16294519;5,599615063;2002;Dohle;Choucas des tours ;Taccola ;Western Jackdaw 
3710;93,39435163;5,652083989;2003;Dohle;Choucas des tours ;Taccola ;Western Jackdaw 
3710;95,07300358;5,696945592;2004;Dohle;Choucas des tours ;Taccola ;Western Jackdaw 
3710;98,13575541;5,656694247;2005;Dohle;Choucas des tours ;Taccola ;Western Jackdaw 
3710;98,93097402;5,689529629;2006;Dohle;Choucas des tours ;Taccola ;Western Jackdaw 
3710;92,0670825;5,543240395;2007;Dohle;Choucas des tours ;Taccola ;Western Jackdaw 
3710;90,37732187;5,393573386;2008;Dohle;Choucas des tours ;Taccola ;Western Jackdaw 
3710;92,36953056;5,402910017;2009;Dohle;Choucas des tours ;Taccola ;Western Jackdaw 
3710;106,6460245;5,658734323;2010;Dohle;Choucas des tours ;Taccola ;Western Jackdaw 
3710;112,6755417;5,796293721;2011;Dohle;Choucas des tours ;Taccola ;Western Jackdaw 
3710;118,7566869;5,915795794;2012;Dohle;Choucas des tours ;Taccola ;Western Jackdaw 
3710;110,920738;5,733268355;2013;Dohle;Choucas des tours ;Taccola ;Western Jackdaw 
3710;123,8746202;6,041749922;2014;Dohle;Choucas des tours ;Taccola ;Western Jackdaw 
3710;120,7519485;5,992804662;2015;Dohle;Choucas des tours ;Taccola ;Western Jackdaw 
3710;117,0617455;5,921864767;2016;Dohle;Choucas des tours ;Taccola ;Western Jackdaw 
3710;119,5502582;6,112832192;2017;Dohle;Choucas des tours ;Taccola ;Western Jackdaw 
3710;123,3987985;6,263785981;2018;Dohle;Choucas des tours ;Taccola ;Western Jackdaw 
3710;132,5791075;6,736796306;2019;Dohle;Choucas des tours ;Taccola ;Western Jackdaw 
3710;120,0310172;6,418230971;2020;Dohle;Choucas des tours ;Taccola ;Western Jackdaw 
3710;121,8807528;6,782379236;2021;Dohle;Choucas des tours ;Taccola ;Western Jackdaw 
3710;130,4199614;7,32625224;2022;Dohle;Choucas des tours ;Taccola ;Western Jackdaw 
3700;10,6024277;0,515896626;1990;Saatkrähe;Corbeau freux ;Corvo comune;Rook
3700;12,60623581;0,560488676;1991;Saatkrähe;Corbeau freux ;Corvo comune;Rook
3700;11,994002;0,633827281;1992;Saatkrähe;Corbeau freux ;Corvo comune;Rook
3700;15,61074778;0,625675639;1993;Saatkrähe;Corbeau freux ;Corvo comune;Rook
3700;15,22836393;0,614843708;1994;Saatkrähe;Corbeau freux ;Corvo comune;Rook
3700;16,60477236;0,63895489;1995;Saatkrähe;Corbeau freux ;Corvo comune;Rook
3700;20,66515449;0,714645048;1996;Saatkrähe;Corbeau freux ;Corvo comune;Rook
3700;23,62957422;0,760754272;1997;Saatkrähe;Corbeau freux ;Corvo comune;Rook
3700;26,54520386;0,79552462;1998;Saatkrähe;Corbeau freux ;Corvo comune;Rook
3700;30,46295615;0,845578685;1999;Saatkrähe;Corbeau freux ;Corvo comune;Rook
3700;36,34755717;0,917999241;2000;Saatkrähe;Corbeau freux ;Corvo comune;Rook
3700;44,26133095;1,006298714;2001;Saatkrähe;Corbeau freux ;Corvo comune;Rook
3700;43,11992127;0,987732853;2002;Saatkrähe;Corbeau freux ;Corvo comune;Rook
3700;44,94617676;1,001910893;2003;Saatkrähe;Corbeau freux ;Corvo comune;Rook
3700;54,39398604;1,119191468;2004;Saatkrähe;Corbeau freux ;Corvo comune;Rook
3700;65,55967486;1,205709368;2005;Saatkrähe;Corbeau freux ;Corvo comune;Rook
3700;74,04419768;1,250762945;2006;Saatkrähe;Corbeau freux ;Corvo comune;Rook
3700;76,36802178;1,446518035;2007;Saatkrähe;Corbeau freux ;Corvo comune;Rook
3700;86,10091226;1,333849022;2008;Saatkrähe;Corbeau freux ;Corvo comune;Rook
3700;98,69749216;1,390350683;2009;Saatkrähe;Corbeau freux ;Corvo comune;Rook
3700;115,2823778;1,480171014;2010;Saatkrähe;Corbeau freux ;Corvo comune;Rook
3700;101,0020744;1,373067368;2011;Saatkrähe;Corbeau freux ;Corvo comune;Rook
3700;140,1397441;1,586659435;2012;Saatkrähe;Corbeau freux ;Corvo comune;Rook
3700;147,0135669;1,605670395;2013;Saatkrähe;Corbeau freux ;Corvo comune;Rook
3700;171,3636401;1,719696977;2014;Saatkrähe;Corbeau freux ;Corvo comune;Rook
3700;155,5614572;1,640104862;2015;Saatkrähe;Corbeau freux ;Corvo comune;Rook
3700;191,5031798;1,836339313;2016;Saatkrähe;Corbeau freux ;Corvo comune;Rook
3700;191,6210856;2,332557896;2017;Saatkrähe;Corbeau freux ;Corvo comune;Rook
3700;210,3552971;2,720605616;2018;Saatkrähe;Corbeau freux ;Corvo comune;Rook
3700;237,7742573;2,749172982;2019;Saatkrähe;Corbeau freux ;Corvo comune;Rook
3700;263,4179732;12,99436393;2020;Saatkrähe;Corbeau freux ;Corvo comune;Rook
3700;312,5200076;15,46718132;2021;Saatkrähe;Corbeau freux ;Corvo comune;Rook
3700;254,6566298;12,87225203;2022;Saatkrähe;Corbeau freux ;Corvo comune;Rook
3681;48,73984703;NA;1990;Rabenkrähe;Corneille noire/mantelée;Cornacchia nera/grigia;Carrion/Hooded Crow 
3681;51,7129777;5,010331307;1991;Rabenkrähe;Corneille noire/mantelée;Cornacchia nera/grigia;Carrion/Hooded Crow 
3681;56,22141355;5,737611593;1992;Rabenkrähe;Corneille noire/mantelée;Cornacchia nera/grigia;Carrion/Hooded Crow 
3681;62,14330497;6,506623996;1993;Rabenkrähe;Corneille noire/mantelée;Cornacchia nera/grigia;Carrion/Hooded Crow 
3681;65,24803322;6,898845246;1994;Rabenkrähe;Corneille noire/mantelée;Cornacchia nera/grigia;Carrion/Hooded Crow 
3681;71,73530686;7,514673317;1995;Rabenkrähe;Corneille noire/mantelée;Cornacchia nera/grigia;Carrion/Hooded Crow 
3681;81,42966244;8,385796237;1996;Rabenkrähe;Corneille noire/mantelée;Cornacchia nera/grigia;Carrion/Hooded Crow 
3681;74,25028297;7,885863936;1997;Rabenkrähe;Corneille noire/mantelée;Cornacchia nera/grigia;Carrion/Hooded Crow 
3681;83,07999366;3,903648722;1998;Rabenkrähe;Corneille noire/mantelée;Cornacchia nera/grigia;Carrion/Hooded Crow 
3681;86,21893328;3,246160127;1999;Rabenkrähe;Corneille noire/mantelée;Cornacchia nera/grigia;Carrion/Hooded Crow 
3681;93,82498357;3,190898783;2000;Rabenkrähe;Corneille noire/mantelée;Cornacchia nera/grigia;Carrion/Hooded Crow 
3681;90,9694637;3,141741882;2001;Rabenkrähe;Corneille noire/mantelée;Cornacchia nera/grigia;Carrion/Hooded Crow 
3681;99,77323263;3,295031907;2002;Rabenkrähe;Corneille noire/mantelée;Cornacchia nera/grigia;Carrion/Hooded Crow 
3681;101,9470561;3,30111912;2003;Rabenkrähe;Corneille noire/mantelée;Cornacchia nera/grigia;Carrion/Hooded Crow 
3681;117,3126282;3,532899321;2004;Rabenkrähe;Corneille noire/mantelée;Cornacchia nera/grigia;Carrion/Hooded Crow 
3681;115,9427432;3,51788092;2005;Rabenkrähe;Corneille noire/mantelée;Cornacchia nera/grigia;Carrion/Hooded Crow 
3681;112,4460415;3,453605304;2006;Rabenkrähe;Corneille noire/mantelée;Cornacchia nera/grigia;Carrion/Hooded Crow 
3681;119,8686226;3,557237084;2007;Rabenkrähe;Corneille noire/mantelée;Cornacchia nera/grigia;Carrion/Hooded Crow 
3681;120,3324853;3,555479024;2008;Rabenkrähe;Corneille noire/mantelée;Cornacchia nera/grigia;Carrion/Hooded Crow 
3681;120,0404601;3,569116661;2009;Rabenkrähe;Corneille noire/mantelée;Cornacchia nera/grigia;Carrion/Hooded Crow 
3681;128,0314832;3,662668439;2010;Rabenkrähe;Corneille noire/mantelée;Cornacchia nera/grigia;Carrion/Hooded Crow 
3681;112,965626;3,448517953;2011;Rabenkrähe;Corneille noire/mantelée;Cornacchia nera/grigia;Carrion/Hooded Crow 
3681;125,629151;3,676410877;2012;Rabenkrähe;Corneille noire/mantelée;Cornacchia nera/grigia;Carrion/Hooded Crow 
3681;120,9919059;3,586379493;2013;Rabenkrähe;Corneille noire/mantelée;Cornacchia nera/grigia;Carrion/Hooded Crow 
3681;117,7490737;3,534497221;2014;Rabenkrähe;Corneille noire/mantelée;Cornacchia nera/grigia;Carrion/Hooded Crow 
3681;117,977115;3,525503486;2015;Rabenkrähe;Corneille noire/mantelée;Cornacchia nera/grigia;Carrion/Hooded Crow 
3681;109,7013613;3,424051429;2016;Rabenkrähe;Corneille noire/mantelée;Cornacchia nera/grigia;Carrion/Hooded Crow 
3681;106,2159191;3,360436151;2017;Rabenkrähe;Corneille noire/mantelée;Cornacchia nera/grigia;Carrion/Hooded Crow 
3681;111,0720157;3,436124546;2018;Rabenkrähe;Corneille noire/mantelée;Cornacchia nera/grigia;Carrion/Hooded Crow 
3681;120,9474296;3,586666214;2019;Rabenkrähe;Corneille noire/mantelée;Cornacchia nera/grigia;Carrion/Hooded Crow 
3681;119,7976874;3,553349681;2020;Rabenkrähe;Corneille noire/mantelée;Cornacchia nera/grigia;Carrion/Hooded Crow 
3681;117,8349093;3,541497496;2021;Rabenkrähe;Corneille noire/mantelée;Cornacchia nera/grigia;Carrion/Hooded Crow 
3681;117,8488503;3,596053091;2022;Rabenkrähe;Corneille noire/mantelée;Cornacchia nera/grigia;Carrion/Hooded Crow 
3670;82,50385031;NA;1990;Kolkrabe;Grand Corbeau ;Corvo imperiale ;Northern Raven
3670;78,86543051;15,48748777;1991;Kolkrabe;Grand Corbeau ;Corvo imperiale ;Northern Raven
3670;76,02729806;15,19334144;1992;Kolkrabe;Grand Corbeau ;Corvo imperiale ;Northern Raven
3670;63,00819048;13,44784713;1993;Kolkrabe;Grand Corbeau ;Corvo imperiale ;Northern Raven
3670;81,34054602;16,25705047;1994;Kolkrabe;Grand Corbeau ;Corvo imperiale ;Northern Raven
3670;81,66231104;16,44430622;1995;Kolkrabe;Grand Corbeau ;Corvo imperiale ;Northern Raven
3670;71,23382436;14,53231939;1996;Kolkrabe;Grand Corbeau ;Corvo imperiale ;Northern Raven
3670;71,61334207;15,05183745;1997;Kolkrabe;Grand Corbeau ;Corvo imperiale ;Northern Raven
3670;75,90271725;12,00892124;1998;Kolkrabe;Grand Corbeau ;Corvo imperiale ;Northern Raven
3670;79,66699623;8,914970114;1999;Kolkrabe;Grand Corbeau ;Corvo imperiale ;Northern Raven
3670;87,49933631;9,063330696;2000;Kolkrabe;Grand Corbeau ;Corvo imperiale ;Northern Raven
3670;80,00600287;8,717952961;2001;Kolkrabe;Grand Corbeau ;Corvo imperiale ;Northern Raven
3670;97,75719656;9,594265718;2002;Kolkrabe;Grand Corbeau ;Corvo imperiale ;Northern Raven
3670;93,17489268;9,352728959;2003;Kolkrabe;Grand Corbeau ;Corvo imperiale ;Northern Raven
3670;89,70371004;9,145964554;2004;Kolkrabe;Grand Corbeau ;Corvo imperiale ;Northern Raven
3670;96,13765518;9,438618508;2005;Kolkrabe;Grand Corbeau ;Corvo imperiale ;Northern Raven
3670;93,42583279;9,377344375;2006;Kolkrabe;Grand Corbeau ;Corvo imperiale ;Northern Raven
3670;111,9901085;10,19890626;2007;Kolkrabe;Grand Corbeau ;Corvo imperiale ;Northern Raven
3670;100,1998096;9,628277383;2008;Kolkrabe;Grand Corbeau ;Corvo imperiale ;Northern Raven
3670;86,65929481;8,977918531;2009;Kolkrabe;Grand Corbeau ;Corvo imperiale ;Northern Raven
3670;93,42955221;9,309674869;2010;Kolkrabe;Grand Corbeau ;Corvo imperiale ;Northern Raven
3670;109,8061867;10,12869034;2011;Kolkrabe;Grand Corbeau ;Corvo imperiale ;Northern Raven
3670;108,2370383;10,04997769;2012;Kolkrabe;Grand Corbeau ;Corvo imperiale ;Northern Raven
3670;132,5278462;11,05182003;2013;Kolkrabe;Grand Corbeau ;Corvo imperiale ;Northern Raven
3670;122,3959383;10,6178903;2014;Kolkrabe;Grand Corbeau ;Corvo imperiale ;Northern Raven
3670;120,6414121;10,52801047;2015;Kolkrabe;Grand Corbeau ;Corvo imperiale ;Northern Raven
3670;114,1142821;10,32528137;2016;Kolkrabe;Grand Corbeau ;Corvo imperiale ;Northern Raven
3670;113,5274771;10,27333288;2017;Kolkrabe;Grand Corbeau ;Corvo imperiale ;Northern Raven
3670;121,5754628;10,60728785;2018;Kolkrabe;Grand Corbeau ;Corvo imperiale ;Northern Raven
3670;151,915507;11,74431477;2019;Kolkrabe;Grand Corbeau ;Corvo imperiale ;Northern Raven
3670;139,9260762;11,30726069;2020;Kolkrabe;Grand Corbeau ;Corvo imperiale ;Northern Raven
3670;137,5645946;11,23107363;2021;Kolkrabe;Grand Corbeau ;Corvo imperiale ;Northern Raven
3670;135,9602809;11,15910028;2022;Kolkrabe;Grand Corbeau ;Corvo imperiale ;Northern Raven
5180;82,5917596;NA;1990;Star;Etourneau sansonnet ;Storno;Common Starling 
5180;99,00274223;11,07333553;1991;Star;Etourneau sansonnet ;Storno;Common Starling 
5180;97,18572352;10,82139377;1992;Star;Etourneau sansonnet ;Storno;Common Starling 
5180;100,3242104;11,56782784;1993;Star;Etourneau sansonnet ;Storno;Common Starling 
5180;96,55802615;11,05207222;1994;Star;Etourneau sansonnet ;Storno;Common Starling 
5180;100,3159512;11,31062484;1995;Star;Etourneau sansonnet ;Storno;Common Starling 
5180;92,15588536;10,42546879;1996;Star;Etourneau sansonnet ;Storno;Common Starling 
5180;99,95254747;11,64339632;1997;Star;Etourneau sansonnet ;Storno;Common Starling 
5180;96,31768413;5,524787687;1998;Star;Etourneau sansonnet ;Storno;Common Starling 
5180;91,69144711;4,160335185;1999;Star;Etourneau sansonnet ;Storno;Common Starling 
5180;105,8078238;4,161070884;2000;Star;Etourneau sansonnet ;Storno;Common Starling 
5180;107,496074;4,174393883;2001;Star;Etourneau sansonnet ;Storno;Common Starling 
5180;104,8914666;4,160793696;2002;Star;Etourneau sansonnet ;Storno;Common Starling 
5180;102,0710285;4,064166942;2003;Star;Etourneau sansonnet ;Storno;Common Starling 
5180;97,20209541;3,96856381;2004;Star;Etourneau sansonnet ;Storno;Common Starling 
5180;103,7949179;4,132228834;2005;Star;Etourneau sansonnet ;Storno;Common Starling 
5180;100,9167433;4,039220043;2006;Star;Etourneau sansonnet ;Storno;Common Starling 
5180;97,8584082;3,979200217;2007;Star;Etourneau sansonnet ;Storno;Common Starling 
5180;105,1129258;4,114275209;2008;Star;Etourneau sansonnet ;Storno;Common Starling 
5180;84,83390476;3,710659097;2009;Star;Etourneau sansonnet ;Storno;Common Starling 
5180;90,01632125;3,821905611;2010;Star;Etourneau sansonnet ;Storno;Common Starling 
5180;87,87575792;3,776313296;2011;Star;Etourneau sansonnet ;Storno;Common Starling 
5180;96,26969528;4,01535145;2012;Star;Etourneau sansonnet ;Storno;Common Starling 
5180;91,88938235;3,863481579;2013;Star;Etourneau sansonnet ;Storno;Common Starling 
5180;91,04175807;3,853397416;2014;Star;Etourneau sansonnet ;Storno;Common Starling 
5180;94,18478669;3,899042915;2015;Star;Etourneau sansonnet ;Storno;Common Starling 
5180;110,5423664;4,213940191;2016;Star;Etourneau sansonnet ;Storno;Common Starling 
5180;102,8597013;4,061891846;2017;Star;Etourneau sansonnet ;Storno;Common Starling 
5180;106,0382674;4,149398671;2018;Star;Etourneau sansonnet ;Storno;Common Starling 
5180;111,2069514;4,251393184;2019;Star;Etourneau sansonnet ;Storno;Common Starling 
5180;119,6462242;4,365690106;2020;Star;Etourneau sansonnet ;Storno;Common Starling 
5180;118,4069507;4,360118016;2021;Star;Etourneau sansonnet ;Storno;Common Starling 
5180;113,9404716;4,350005715;2022;Star;Etourneau sansonnet ;Storno;Common Starling 
5250;92,97162988;NA;1990;Haussperling;Moineau domestique;Passera europea ;House Sparrow 
5250;95,13786885;11,63830182;1991;Haussperling;Moineau domestique;Passera europea ;House Sparrow 
5250;86,45431862;11,37728808;1992;Haussperling;Moineau domestique;Passera europea ;House Sparrow 
5250;108,7117268;14,30699394;1993;Haussperling;Moineau domestique;Passera europea ;House Sparrow 
5250;112,8489643;15,04851104;1994;Haussperling;Moineau domestique;Passera europea ;House Sparrow 
5250;104,5280035;14,25631415;1995;Haussperling;Moineau domestique;Passera europea ;House Sparrow 
5250;99,51683262;13,42400471;1996;Haussperling;Moineau domestique;Passera europea ;House Sparrow 
5250;87,91397321;13,35466047;1997;Haussperling;Moineau domestique;Passera europea ;House Sparrow 
5250;86,22560841;3,473300882;1998;Haussperling;Moineau domestique;Passera europea ;House Sparrow 
5250;81,82932331;2,991567729;1999;Haussperling;Moineau domestique;Passera europea ;House Sparrow 
5250;96,19311879;3,031411134;2000;Haussperling;Moineau domestique;Passera europea ;House Sparrow 
5250;92,83656699;2,995649906;2001;Haussperling;Moineau domestique;Passera europea ;House Sparrow 
5250;93,22932569;3,020278534;2002;Haussperling;Moineau domestique;Passera europea ;House Sparrow 
5250;92,46457442;2,962944907;2003;Haussperling;Moineau domestique;Passera europea ;House Sparrow 
5250;94,14326943;2,936481832;2004;Haussperling;Moineau domestique;Passera europea ;House Sparrow 
5250;102,3390579;3,108944448;2005;Haussperling;Moineau domestique;Passera europea ;House Sparrow 
5250;99,43835596;3,033647302;2006;Haussperling;Moineau domestique;Passera europea ;House Sparrow 
5250;95,05806623;2,950455579;2007;Haussperling;Moineau domestique;Passera europea ;House Sparrow 
5250;88,78032283;2,8559232;2008;Haussperling;Moineau domestique;Passera europea ;House Sparrow 
5250;89,43145436;2,882278374;2009;Haussperling;Moineau domestique;Passera europea ;House Sparrow 
5250;93,43388265;2,921139038;2010;Haussperling;Moineau domestique;Passera europea ;House Sparrow 
5250;106,4606809;3,109177504;2011;Haussperling;Moineau domestique;Passera europea ;House Sparrow 
5250;103,3909564;3,229597129;2012;Haussperling;Moineau domestique;Passera europea ;House Sparrow 
5250;103,8302311;3,085866654;2013;Haussperling;Moineau domestique;Passera europea ;House Sparrow 
5250;96,76249878;2,966121195;2014;Haussperling;Moineau domestique;Passera europea ;House Sparrow 
5250;104,7865048;3,078678117;2015;Haussperling;Moineau domestique;Passera europea ;House Sparrow 
5250;111,3718695;3,191997815;2016;Haussperling;Moineau domestique;Passera europea ;House Sparrow 
5250;102,2036331;3,038455862;2017;Haussperling;Moineau domestique;Passera europea ;House Sparrow 
5250;109,2061876;3,14333544;2018;Haussperling;Moineau domestique;Passera europea ;House Sparrow 
5250;111,1499457;3,183128762;2019;Haussperling;Moineau domestique;Passera europea ;House Sparrow 
5250;114,4272237;3,217128328;2020;Haussperling;Moineau domestique;Passera europea ;House Sparrow 
5250;122,265939;3,349151139;2021;Haussperling;Moineau domestique;Passera europea ;House Sparrow 
5250;120,6580845;3,399146875;2022;Haussperling;Moineau domestique;Passera europea ;House Sparrow 
5280;67,98221119;NA;1990;Feldsperling;Moineau friquet ;Passera mattugia;Eurasian Tree Sparrow 
5280;72,38745848;12,4030323;1991;Feldsperling;Moineau friquet ;Passera mattugia;Eurasian Tree Sparrow 
5280;70,93943738;12,20179188;1992;Feldsperling;Moineau friquet ;Passera mattugia;Eurasian Tree Sparrow 
5280;88,60801407;14,79082436;1993;Feldsperling;Moineau friquet ;Passera mattugia;Eurasian Tree Sparrow 
5280;86,269426;14,64704667;1994;Feldsperling;Moineau friquet ;Passera mattugia;Eurasian Tree Sparrow 
5280;86,82008191;14,7584228;1995;Feldsperling;Moineau friquet ;Passera mattugia;Eurasian Tree Sparrow 
5280;86,80648547;14,76379245;1996;Feldsperling;Moineau friquet ;Passera mattugia;Eurasian Tree Sparrow 
5280;79,36923157;13,94068005;1997;Feldsperling;Moineau friquet ;Passera mattugia;Eurasian Tree Sparrow 
5280;80,19249614;6,684536386;1998;Feldsperling;Moineau friquet ;Passera mattugia;Eurasian Tree Sparrow 
5280;82,6093801;6,100634267;1999;Feldsperling;Moineau friquet ;Passera mattugia;Eurasian Tree Sparrow 
5280;89,48581069;5,971794936;2000;Feldsperling;Moineau friquet ;Passera mattugia;Eurasian Tree Sparrow 
5280;96,21856287;6,201833775;2001;Feldsperling;Moineau friquet ;Passera mattugia;Eurasian Tree Sparrow 
5280;100,2874959;6,30525851;2002;Feldsperling;Moineau friquet ;Passera mattugia;Eurasian Tree Sparrow 
5280;97,12410374;6,182403171;2003;Feldsperling;Moineau friquet ;Passera mattugia;Eurasian Tree Sparrow 
5280;107,2300054;6,429933062;2004;Feldsperling;Moineau friquet ;Passera mattugia;Eurasian Tree Sparrow 
5280;116,6813005;6,697738334;2005;Feldsperling;Moineau friquet ;Passera mattugia;Eurasian Tree Sparrow 
5280;110,4263761;6,497155172;2006;Feldsperling;Moineau friquet ;Passera mattugia;Eurasian Tree Sparrow 
5280;112,125;6,546748846;2007;Feldsperling;Moineau friquet ;Passera mattugia;Eurasian Tree Sparrow 
5280;101,3572418;6,347974838;2008;Feldsperling;Moineau friquet ;Passera mattugia;Eurasian Tree Sparrow 
5280;103,5609568;6,285404836;2009;Feldsperling;Moineau friquet ;Passera mattugia;Eurasian Tree Sparrow 
5280;119,8681014;6,737916141;2010;Feldsperling;Moineau friquet ;Passera mattugia;Eurasian Tree Sparrow 
5280;116,903166;6,645307574;2011;Feldsperling;Moineau friquet ;Passera mattugia;Eurasian Tree Sparrow 
5280;132,6299063;7,127644733;2012;Feldsperling;Moineau friquet ;Passera mattugia;Eurasian Tree Sparrow 
5280;123,3929061;6,82785008;2013;Feldsperling;Moineau friquet ;Passera mattugia;Eurasian Tree Sparrow 
5280;100,9667728;6,245952129;2014;Feldsperling;Moineau friquet ;Passera mattugia;Eurasian Tree Sparrow 
5280;110,5497331;6,488664127;2015;Feldsperling;Moineau friquet ;Passera mattugia;Eurasian Tree Sparrow 
5280;113,9601141;6,604014422;2016;Feldsperling;Moineau friquet ;Passera mattugia;Eurasian Tree Sparrow 
5280;101,0195837;6,218375004;2017;Feldsperling;Moineau friquet ;Passera mattugia;Eurasian Tree Sparrow 
5280;98,75046974;6,161765537;2018;Feldsperling;Moineau friquet ;Passera mattugia;Eurasian Tree Sparrow 
5280;117,217469;6,74814905;2019;Feldsperling;Moineau friquet ;Passera mattugia;Eurasian Tree Sparrow 
5280;109,0672654;6,465959633;2020;Feldsperling;Moineau friquet ;Passera mattugia;Eurasian Tree Sparrow 
5280;113,3028873;6,629235687;2021;Feldsperling;Moineau friquet ;Passera mattugia;Eurasian Tree Sparrow 
5280;105,8905489;6,517267043;2022;Feldsperling;Moineau friquet ;Passera mattugia;Eurasian Tree Sparrow 
5290;111,4415624;5,739293975;1990;Schneesperling;Niverolle alpine;Fringuello alpino ;White-winged Snowfinch
5290;109,8013158;4,768821609;1991;Schneesperling;Niverolle alpine;Fringuello alpino ;White-winged Snowfinch
5290;111,1591591;3,890558695;1992;Schneesperling;Niverolle alpine;Fringuello alpino ;White-winged Snowfinch
5290;112,8886273;3,58665156;1993;Schneesperling;Niverolle alpine;Fringuello alpino ;White-winged Snowfinch
5290;116,0408103;3,112237792;1994;Schneesperling;Niverolle alpine;Fringuello alpino ;White-winged Snowfinch
5290;113,9644356;3,195735453;1995;Schneesperling;Niverolle alpine;Fringuello alpino ;White-winged Snowfinch
5290;110,6067224;3,692379176;1996;Schneesperling;Niverolle alpine;Fringuello alpino ;White-winged Snowfinch
5290;109,0010255;4,139246081;1997;Schneesperling;Niverolle alpine;Fringuello alpino ;White-winged Snowfinch
5290;105,4044948;3,725605005;1998;Schneesperling;Niverolle alpine;Fringuello alpino ;White-winged Snowfinch
5290;101,2503736;3,628403497;1999;Schneesperling;Niverolle alpine;Fringuello alpino ;White-winged Snowfinch
5290;98,26438233;3,876911602;2000;Schneesperling;Niverolle alpine;Fringuello alpino ;White-winged Snowfinch
5290;96,43300854;3,985919377;2001;Schneesperling;Niverolle alpine;Fringuello alpino ;White-winged Snowfinch
5290;96,79326888;3,778969472;2002;Schneesperling;Niverolle alpine;Fringuello alpino ;White-winged Snowfinch
5290;96,56901391;3,459819965;2003;Schneesperling;Niverolle alpine;Fringuello alpino ;White-winged Snowfinch
5290;92,0596441;3,998590243;2004;Schneesperling;Niverolle alpine;Fringuello alpino ;White-winged Snowfinch
5290;100,8807617;3,455240219;2005;Schneesperling;Niverolle alpine;Fringuello alpino ;White-winged Snowfinch
5290;99,20295142;3,281898069;2006;Schneesperling;Niverolle alpine;Fringuello alpino ;White-winged Snowfinch
5290;103,5067958;2,944779061;2007;Schneesperling;Niverolle alpine;Fringuello alpino ;White-winged Snowfinch
5290;98,07747189;3,231467344;2008;Schneesperling;Niverolle alpine;Fringuello alpino ;White-winged Snowfinch
5290;97,1371543;2,438303356;2009;Schneesperling;Niverolle alpine;Fringuello alpino ;White-winged Snowfinch
5290;90,18535396;3,118404582;2010;Schneesperling;Niverolle alpine;Fringuello alpino ;White-winged Snowfinch
5290;92,77962227;2,95616137;2011;Schneesperling;Niverolle alpine;Fringuello alpino ;White-winged Snowfinch
5290;93,10561798;2,924632342;2012;Schneesperling;Niverolle alpine;Fringuello alpino ;White-winged Snowfinch
5290;97,9133307;2,632109973;2013;Schneesperling;Niverolle alpine;Fringuello alpino ;White-winged Snowfinch
5290;104,4528756;2,423366307;2014;Schneesperling;Niverolle alpine;Fringuello alpino ;White-winged Snowfinch
5290;105,8762055;2,613201788;2015;Schneesperling;Niverolle alpine;Fringuello alpino ;White-winged Snowfinch
5290;101,8971069;2,701787579;2016;Schneesperling;Niverolle alpine;Fringuello alpino ;White-winged Snowfinch
5290;93,453942;2,549285661;2017;Schneesperling;Niverolle alpine;Fringuello alpino ;White-winged Snowfinch
5290;80,92327186;3,587603069;2018;Schneesperling;Niverolle alpine;Fringuello alpino ;White-winged Snowfinch
5290;81,99556837;3,480466238;2019;Schneesperling;Niverolle alpine;Fringuello alpino ;White-winged Snowfinch
5290;91,13547963;2,843147932;2020;Schneesperling;Niverolle alpine;Fringuello alpino ;White-winged Snowfinch
5290;91,08494304;2,910731427;2021;Schneesperling;Niverolle alpine;Fringuello alpino ;White-winged Snowfinch
5290;94,71370266;3,293629447;2022;Schneesperling;Niverolle alpine;Fringuello alpino ;White-winged Snowfinch
5550;82,97509057;NA;1990;Buchfink;Pinson des arbres;Fringuello;Common Chaffinch
5550;83,21571833;3,919490274;1991;Buchfink;Pinson des arbres;Fringuello;Common Chaffinch
5550;85,44774827;4,957881866;1992;Buchfink;Pinson des arbres;Fringuello;Common Chaffinch
5550;91,98618541;5,618576896;1993;Buchfink;Pinson des arbres;Fringuello;Common Chaffinch
5550;92,09405302;5,563896305;1994;Buchfink;Pinson des arbres;Fringuello;Common Chaffinch
5550;95,27199899;5,716308615;1995;Buchfink;Pinson des arbres;Fringuello;Common Chaffinch
5550;98,51632503;5,940125883;1996;Buchfink;Pinson des arbres;Fringuello;Common Chaffinch
5550;89,48863518;5,771236006;1997;Buchfink;Pinson des arbres;Fringuello;Common Chaffinch
5550;93,89959099;1,746030518;1998;Buchfink;Pinson des arbres;Fringuello;Common Chaffinch
5550;90,79372424;1,580918737;1999;Buchfink;Pinson des arbres;Fringuello;Common Chaffinch
5550;97,50250389;1,552171199;2000;Buchfink;Pinson des arbres;Fringuello;Common Chaffinch
5550;94,28827278;1,517581671;2001;Buchfink;Pinson des arbres;Fringuello;Common Chaffinch
5550;91,94268651;1,491304016;2002;Buchfink;Pinson des arbres;Fringuello;Common Chaffinch
5550;93,56429587;1,493627256;2003;Buchfink;Pinson des arbres;Fringuello;Common Chaffinch
5550;100,5429097;1,543423591;2004;Buchfink;Pinson des arbres;Fringuello;Common Chaffinch
5550;103,5756637;1,565783238;2005;Buchfink;Pinson des arbres;Fringuello;Common Chaffinch
5550;99,19847357;1,537224004;2006;Buchfink;Pinson des arbres;Fringuello;Common Chaffinch
5550;107,4112738;1,596217235;2007;Buchfink;Pinson des arbres;Fringuello;Common Chaffinch
5550;103,81819;1,561729893;2008;Buchfink;Pinson des arbres;Fringuello;Common Chaffinch
5550;98,54270067;1,52242767;2009;Buchfink;Pinson des arbres;Fringuello;Common Chaffinch
5550;105,0367134;1,569688322;2010;Buchfink;Pinson des arbres;Fringuello;Common Chaffinch
5550;103,9376331;1,563373452;2011;Buchfink;Pinson des arbres;Fringuello;Common Chaffinch
5550;115,6050467;1,649912825;2012;Buchfink;Pinson des arbres;Fringuello;Common Chaffinch
5550;103,5814609;1,564844424;2013;Buchfink;Pinson des arbres;Fringuello;Common Chaffinch
5550;107,8422967;1,588596394;2014;Buchfink;Pinson des arbres;Fringuello;Common Chaffinch
5550;108,9567034;1,595978369;2015;Buchfink;Pinson des arbres;Fringuello;Common Chaffinch
5550;104,2130298;1,568395986;2016;Buchfink;Pinson des arbres;Fringuello;Common Chaffinch
5550;113,031097;1,631513669;2017;Buchfink;Pinson des arbres;Fringuello;Common Chaffinch
5550;104,7929491;1,573493809;2018;Buchfink;Pinson des arbres;Fringuello;Common Chaffinch
5550;114,535522;1,643886377;2019;Buchfink;Pinson des arbres;Fringuello;Common Chaffinch
5550;103,5272221;1,571940956;2020;Buchfink;Pinson des arbres;Fringuello;Common Chaffinch
5550;114,6594436;1,670273231;2021;Buchfink;Pinson des arbres;Fringuello;Common Chaffinch
5550;106,2048416;1,644828875;2022;Buchfink;Pinson des arbres;Fringuello;Common Chaffinch
5460;99,42584131;NA;1990;Girlitz;Serin cini;Verzellino;European Serin
5460;92,43620467;13,84212574;1991;Girlitz;Serin cini;Verzellino;European Serin
5460;94,6732861;13,80170603;1992;Girlitz;Serin cini;Verzellino;European Serin
5460;93,56965926;13,91755141;1993;Girlitz;Serin cini;Verzellino;European Serin
5460;93,51000376;13,64978977;1994;Girlitz;Serin cini;Verzellino;European Serin
5460;99,72411884;14,6089564;1995;Girlitz;Serin cini;Verzellino;European Serin
5460;96,88053978;14,3399289;1996;Girlitz;Serin cini;Verzellino;European Serin
5460;106,3160521;16,57336625;1997;Girlitz;Serin cini;Verzellino;European Serin
5460;106,6590713;8,691927323;1998;Girlitz;Serin cini;Verzellino;European Serin
5460;102,9948321;6,531533796;1999;Girlitz;Serin cini;Verzellino;European Serin
5460;110,1416151;6,361961505;2000;Girlitz;Serin cini;Verzellino;European Serin
5460;118,2061039;6,658706587;2001;Girlitz;Serin cini;Verzellino;European Serin
5460;121,1216204;6,733093374;2002;Girlitz;Serin cini;Verzellino;European Serin
5460;107,5658471;6,254062036;2003;Girlitz;Serin cini;Verzellino;European Serin
5460;122,503291;6,658230636;2004;Girlitz;Serin cini;Verzellino;European Serin
5460;120,2215591;6,791360964;2005;Girlitz;Serin cini;Verzellino;European Serin
5460;94,15375053;5,881024183;2006;Girlitz;Serin cini;Verzellino;European Serin
5460;111,762919;6,391214088;2007;Girlitz;Serin cini;Verzellino;European Serin
5460;97,47817912;5,979855125;2008;Girlitz;Serin cini;Verzellino;European Serin
5460;97,18457015;5,97514726;2009;Girlitz;Serin cini;Verzellino;European Serin
5460;96,89096118;5,968637429;2010;Girlitz;Serin cini;Verzellino;European Serin
5460;95,27360629;5,951299131;2011;Girlitz;Serin cini;Verzellino;European Serin
5460;88,20382595;5,842933225;2012;Girlitz;Serin cini;Verzellino;European Serin
5460;80,89260897;5,631888139;2013;Girlitz;Serin cini;Verzellino;European Serin
5460;78,04115228;5,393032794;2014;Girlitz;Serin cini;Verzellino;European Serin
5460;88,08269198;5,708896989;2015;Girlitz;Serin cini;Verzellino;European Serin
5460;94,84780939;5,944118695;2016;Girlitz;Serin cini;Verzellino;European Serin
5460;100,4564001;6,077286019;2017;Girlitz;Serin cini;Verzellino;European Serin
5460;85,02619778;5,621240212;2018;Girlitz;Serin cini;Verzellino;European Serin
5460;106,4490553;6,277432481;2019;Girlitz;Serin cini;Verzellino;European Serin
5460;100,7581002;6,080893755;2020;Girlitz;Serin cini;Verzellino;European Serin
5460;106,3401183;6,262786881;2021;Girlitz;Serin cini;Verzellino;European Serin
5460;92,20840768;5,901815178;2022;Girlitz;Serin cini;Verzellino;European Serin
5450;156,7209503;28,77689895;1990;Zitronenzeisig;Venturon montagnard ;Venturone alpino;Citril Finch
5450;124,7470027;23,09539755;1991;Zitronenzeisig;Venturon montagnard ;Venturone alpino;Citril Finch
5450;122,438413;22,19610898;1992;Zitronenzeisig;Venturon montagnard ;Venturone alpino;Citril Finch
5450;132,538505;24,64105379;1993;Zitronenzeisig;Venturon montagnard ;Venturone alpino;Citril Finch
5450;128,8715884;22,02529108;1994;Zitronenzeisig;Venturon montagnard ;Venturone alpino;Citril Finch
5450;131,0545423;22,68824673;1995;Zitronenzeisig;Venturon montagnard ;Venturone alpino;Citril Finch
5450;104,9014943;16,22322906;1996;Zitronenzeisig;Venturon montagnard ;Venturone alpino;Citril Finch
5450;118,0960962;20,45901964;1997;Zitronenzeisig;Venturon montagnard ;Venturone alpino;Citril Finch
5450;110,7447335;17,51360923;1998;Zitronenzeisig;Venturon montagnard ;Venturone alpino;Citril Finch
5450;92,19803903;10,39265639;1999;Zitronenzeisig;Venturon montagnard ;Venturone alpino;Citril Finch
5450;108,613658;10,96460179;2000;Zitronenzeisig;Venturon montagnard ;Venturone alpino;Citril Finch
5450;83,4913166;9,683988353;2001;Zitronenzeisig;Venturon montagnard ;Venturone alpino;Citril Finch
5450;119,0242001;11,42780837;2002;Zitronenzeisig;Venturon montagnard ;Venturone alpino;Citril Finch
5450;106,4004213;10,83771712;2003;Zitronenzeisig;Venturon montagnard ;Venturone alpino;Citril Finch
5450;142,4683607;12,43168644;2004;Zitronenzeisig;Venturon montagnard ;Venturone alpino;Citril Finch
5450;119,0242001;11,42780837;2005;Zitronenzeisig;Venturon montagnard ;Venturone alpino;Citril Finch
5450;100,1424257;10,7273434;2006;Zitronenzeisig;Venturon montagnard ;Venturone alpino;Citril Finch
5450;111,4872553;11,10884673;2007;Zitronenzeisig;Venturon montagnard ;Venturone alpino;Citril Finch
5450;96,48173793;10,34477096;2008;Zitronenzeisig;Venturon montagnard ;Venturone alpino;Citril Finch
5450;90,16984853;10,01574569;2009;Zitronenzeisig;Venturon montagnard ;Venturone alpino;Citril Finch
5450;58,61040154;8,135461795;2010;Zitronenzeisig;Venturon montagnard ;Venturone alpino;Citril Finch
5450;75,74267276;9,211091774;2011;Zitronenzeisig;Venturon montagnard ;Venturone alpino;Citril Finch
5450;93,77664247;10,20531267;2012;Zitronenzeisig;Venturon montagnard ;Venturone alpino;Citril Finch
5450;78,87253157;9,472411875;2013;Zitronenzeisig;Venturon montagnard ;Venturone alpino;Citril Finch
5450;76,64437125;9,263779651;2014;Zitronenzeisig;Venturon montagnard ;Venturone alpino;Citril Finch
5450;92,41446914;10,15845662;2015;Zitronenzeisig;Venturon montagnard ;Venturone alpino;Citril Finch
5450;93,26921003;10,25024172;2016;Zitronenzeisig;Venturon montagnard ;Venturone alpino;Citril Finch
5450;96,83398804;10,38158657;2017;Zitronenzeisig;Venturon montagnard ;Venturone alpino;Citril Finch
5450;64,28527745;8,586976521;2018;Zitronenzeisig;Venturon montagnard ;Venturone alpino;Citril Finch
5450;89,61775569;10,00585717;2019;Zitronenzeisig;Venturon montagnard ;Venturone alpino;Citril Finch
5450;68,01815969;8,828851688;2020;Zitronenzeisig;Venturon montagnard ;Venturone alpino;Citril Finch
5450;66,07330863;8,638995343;2021;Zitronenzeisig;Venturon montagnard ;Venturone alpino;Citril Finch
5450;46,22642292;7,26482859;2022;Zitronenzeisig;Venturon montagnard ;Venturone alpino;Citril Finch
5330;107,7579042;NA;1990;Grünfink;Verdier d'Europe;Verdone ;European Greenfinch 
5330;99,26658132;11,72696712;1991;Grünfink;Verdier d'Europe;Verdone ;European Greenfinch 
5330;103,2859511;11,93296338;1992;Grünfink;Verdier d'Europe;Verdone ;European Greenfinch 
5330;115,9690565;13,64967027;1993;Grünfink;Verdier d'Europe;Verdone ;European Greenfinch 
5330;114,6651858;13,22800918;1994;Grünfink;Verdier d'Europe;Verdone ;European Greenfinch 
5330;110,6996949;12,99502344;1995;Grünfink;Verdier d'Europe;Verdone ;European Greenfinch 
5330;98,65236126;11,7384501;1996;Grünfink;Verdier d'Europe;Verdone ;European Greenfinch 
5330;104,4389607;13,1604478;1997;Grünfink;Verdier d'Europe;Verdone ;European Greenfinch 
5330;97,16314703;5,542404866;1998;Grünfink;Verdier d'Europe;Verdone ;European Greenfinch 
5330;96,6614645;4,529230923;1999;Grünfink;Verdier d'Europe;Verdone ;European Greenfinch 
5330;110,0958115;4,505047225;2000;Grünfink;Verdier d'Europe;Verdone ;European Greenfinch 
5330;106,818144;4,462118011;2001;Grünfink;Verdier d'Europe;Verdone ;European Greenfinch 
5330;105,7805281;4,450247119;2002;Grünfink;Verdier d'Europe;Verdone ;European Greenfinch 
5330;115,3491406;4,581249112;2003;Grünfink;Verdier d'Europe;Verdone ;European Greenfinch 
5330;115,2305768;4,564686724;2004;Grünfink;Verdier d'Europe;Verdone ;European Greenfinch 
5330;128,915699;4,901471922;2005;Grünfink;Verdier d'Europe;Verdone ;European Greenfinch 
5330;120,9650458;4,676506765;2006;Grünfink;Verdier d'Europe;Verdone ;European Greenfinch 
5330;114,3888655;4,553502708;2007;Grünfink;Verdier d'Europe;Verdone ;European Greenfinch 
5330;113,7417348;4,537382609;2008;Grünfink;Verdier d'Europe;Verdone ;European Greenfinch 
5330;111,9494407;4,504279713;2009;Grünfink;Verdier d'Europe;Verdone ;European Greenfinch 
5330;111,1222281;4,489103548;2010;Grünfink;Verdier d'Europe;Verdone ;European Greenfinch 
5330;109,8880448;4,464496214;2011;Grünfink;Verdier d'Europe;Verdone ;European Greenfinch 
5330;120,4799163;4,738688317;2012;Grünfink;Verdier d'Europe;Verdone ;European Greenfinch 
5330;106,2342288;4,446776448;2013;Grünfink;Verdier d'Europe;Verdone ;European Greenfinch 
5330;85,43112699;3,977652509;2014;Grünfink;Verdier d'Europe;Verdone ;European Greenfinch 
5330;77,62453242;3,797710735;2015;Grünfink;Verdier d'Europe;Verdone ;European Greenfinch 
5330;79,49650985;3,857339899;2016;Grünfink;Verdier d'Europe;Verdone ;European Greenfinch 
5330;74,29518719;3,725169478;2017;Grünfink;Verdier d'Europe;Verdone ;European Greenfinch 
5330;77,81562039;3,821553266;2018;Grünfink;Verdier d'Europe;Verdone ;European Greenfinch 
5330;71,26432542;3,662385256;2019;Grünfink;Verdier d'Europe;Verdone ;European Greenfinch 
5330;70,05754418;3,631177393;2020;Grünfink;Verdier d'Europe;Verdone ;European Greenfinch 
5330;60,3927271;3,380136003;2021;Grünfink;Verdier d'Europe;Verdone ;European Greenfinch 
5330;64,10271436;3,513341625;2022;Grünfink;Verdier d'Europe;Verdone ;European Greenfinch 
5350;134,7084908;NA;1990;Stieglitz;Chardonneret élégant;Cardellino;European Goldfinch
5350;122,0593635;16,8137843;1991;Stieglitz;Chardonneret élégant;Cardellino;European Goldfinch
5350;116,5767279;16,47782258;1992;Stieglitz;Chardonneret élégant;Cardellino;European Goldfinch
5350;158,9425483;21,92306494;1993;Stieglitz;Chardonneret élégant;Cardellino;European Goldfinch
5350;137,1601853;19,08013875;1994;Stieglitz;Chardonneret élégant;Cardellino;European Goldfinch
5350;132,809101;18,65288703;1995;Stieglitz;Chardonneret élégant;Cardellino;European Goldfinch
5350;113,0743072;16,42303116;1996;Stieglitz;Chardonneret élégant;Cardellino;European Goldfinch
5350;101,3007851;15,86646772;1997;Stieglitz;Chardonneret élégant;Cardellino;European Goldfinch
5350;86,846564;5,930486652;1998;Stieglitz;Chardonneret élégant;Cardellino;European Goldfinch
5350;79,5524841;4,406624851;1999;Stieglitz;Chardonneret élégant;Cardellino;European Goldfinch
5350;101,3662897;4,777819249;2000;Stieglitz;Chardonneret élégant;Cardellino;European Goldfinch
5350;86,96176187;4,470175853;2001;Stieglitz;Chardonneret élégant;Cardellino;European Goldfinch
5350;90,88862641;4,566189803;2002;Stieglitz;Chardonneret élégant;Cardellino;European Goldfinch
5350;89,43758738;4,480207714;2003;Stieglitz;Chardonneret élégant;Cardellino;European Goldfinch
5350;94,85460971;4,588587262;2004;Stieglitz;Chardonneret élégant;Cardellino;European Goldfinch
5350;100,9743286;4,816132699;2005;Stieglitz;Chardonneret élégant;Cardellino;European Goldfinch
5350;82,01403508;4,279462755;2006;Stieglitz;Chardonneret élégant;Cardellino;European Goldfinch
5350;90,02678966;4,477303988;2007;Stieglitz;Chardonneret élégant;Cardellino;European Goldfinch
5350;87,60257484;4,418262787;2008;Stieglitz;Chardonneret élégant;Cardellino;European Goldfinch
5350;73,92105383;4,071502139;2009;Stieglitz;Chardonneret élégant;Cardellino;European Goldfinch
5350;80,04710801;4,234186317;2010;Stieglitz;Chardonneret élégant;Cardellino;European Goldfinch
5350;78,71880233;4,202669565;2011;Stieglitz;Chardonneret élégant;Cardellino;European Goldfinch
5350;80,57471062;4,293435166;2012;Stieglitz;Chardonneret élégant;Cardellino;European Goldfinch
5350;63,67421689;3,854875404;2013;Stieglitz;Chardonneret élégant;Cardellino;European Goldfinch
5350;77,03970215;4,175430745;2014;Stieglitz;Chardonneret élégant;Cardellino;European Goldfinch
5350;83,14085759;4,306695377;2015;Stieglitz;Chardonneret élégant;Cardellino;European Goldfinch
5350;96,74511847;4,643428665;2016;Stieglitz;Chardonneret élégant;Cardellino;European Goldfinch
5350;106,5038787;4,846779612;2017;Stieglitz;Chardonneret élégant;Cardellino;European Goldfinch
5350;89,37860144;4,456845251;2018;Stieglitz;Chardonneret élégant;Cardellino;European Goldfinch
5350;119,0304542;5,100286804;2019;Stieglitz;Chardonneret élégant;Cardellino;European Goldfinch
5350;111,6165267;4,950035056;2020;Stieglitz;Chardonneret élégant;Cardellino;European Goldfinch
5350;127,0841924;5,27958801;2021;Stieglitz;Chardonneret élégant;Cardellino;European Goldfinch
5350;105,3676164;4,884892496;2022;Stieglitz;Chardonneret élégant;Cardellino;European Goldfinch
5360;21,91812921;6,836815807;1999;Erlenzeisig;Tarin des aulnes;Lucherino ;Eurasian Siskin 
5360;84,91519731;12,86858256;2000;Erlenzeisig;Tarin des aulnes;Lucherino ;Eurasian Siskin 
5360;29,87469257;7,759370763;2001;Erlenzeisig;Tarin des aulnes;Lucherino ;Eurasian Siskin 
5360;42,36827262;9,162909741;2002;Erlenzeisig;Tarin des aulnes;Lucherino ;Eurasian Siskin 
5360;59,026248;10,7742412;2003;Erlenzeisig;Tarin des aulnes;Lucherino ;Eurasian Siskin 
5360;152,6983372;16,98147574;2004;Erlenzeisig;Tarin des aulnes;Lucherino ;Eurasian Siskin 
5360;147,56562;16,71255076;2005;Erlenzeisig;Tarin des aulnes;Lucherino ;Eurasian Siskin 
5360;37,9545015;8,764247313;2006;Erlenzeisig;Tarin des aulnes;Lucherino ;Eurasian Siskin 
5360;50,56595668;10,04202164;2007;Erlenzeisig;Tarin des aulnes;Lucherino ;Eurasian Siskin 
5360;73,14122035;11,95751503;2008;Erlenzeisig;Tarin des aulnes;Lucherino ;Eurasian Siskin 
5360;65,44214453;11,32924547;2009;Erlenzeisig;Tarin des aulnes;Lucherino ;Eurasian Siskin 
5360;144,9992614;16,575955;2010;Erlenzeisig;Tarin des aulnes;Lucherino ;Eurasian Siskin 
5360;43,65186753;9,298128904;2011;Erlenzeisig;Tarin des aulnes;Lucherino ;Eurasian Siskin 
5360;120,6188546;15,19924255;2012;Erlenzeisig;Tarin des aulnes;Lucherino ;Eurasian Siskin 
5360;43,6278411;9,432779572;2013;Erlenzeisig;Tarin des aulnes;Lucherino ;Eurasian Siskin 
5360;88,53937201;13,11282365;2014;Erlenzeisig;Tarin des aulnes;Lucherino ;Eurasian Siskin 
5360;120,2152984;15,23081858;2015;Erlenzeisig;Tarin des aulnes;Lucherino ;Eurasian Siskin 
5360;66,68909287;11,54198323;2016;Erlenzeisig;Tarin des aulnes;Lucherino ;Eurasian Siskin 
5360;160,0553513;17,47866835;2017;Erlenzeisig;Tarin des aulnes;Lucherino ;Eurasian Siskin 
5360;45,06641713;9,458467429;2018;Erlenzeisig;Tarin des aulnes;Lucherino ;Eurasian Siskin 
5360;257,4618023;21,67525449;2019;Erlenzeisig;Tarin des aulnes;Lucherino ;Eurasian Siskin 
5360;118,4602965;15,0956255;2020;Erlenzeisig;Tarin des aulnes;Lucherino ;Eurasian Siskin 
5360;351,2401343;24,63081335;2021;Erlenzeisig;Tarin des aulnes;Lucherino ;Eurasian Siskin 
5360;73,90409053;12,08013356;2022;Erlenzeisig;Tarin des aulnes;Lucherino ;Eurasian Siskin 
5370;64,27491608;NA;1990;Bluthänfling;Linotte mélodieuse;Fanello ;Common Linnet 
5370;143,5901625;41,07762353;1991;Bluthänfling;Linotte mélodieuse;Fanello ;Common Linnet 
5370;106,6642232;32,39106268;1992;Bluthänfling;Linotte mélodieuse;Fanello ;Common Linnet 
5370;98,24420923;27,20482438;1993;Bluthänfling;Linotte mélodieuse;Fanello ;Common Linnet 
5370;117,4109892;32,15753741;1994;Bluthänfling;Linotte mélodieuse;Fanello ;Common Linnet 
5370;140,8520511;37,44484172;1995;Bluthänfling;Linotte mélodieuse;Fanello ;Common Linnet 
5370;113,1109973;39,54347214;1996;Bluthänfling;Linotte mélodieuse;Fanello ;Common Linnet 
5370;76,62855495;32,53966346;1997;Bluthänfling;Linotte mélodieuse;Fanello ;Common Linnet 
5370;94,98997023;9,170636632;1998;Bluthänfling;Linotte mélodieuse;Fanello ;Common Linnet 
5370;88,78010545;6,486972167;1999;Bluthänfling;Linotte mélodieuse;Fanello ;Common Linnet 
5370;107,6462005;6,904800511;2000;Bluthänfling;Linotte mélodieuse;Fanello ;Common Linnet 
5370;85,95884405;6,358624237;2001;Bluthänfling;Linotte mélodieuse;Fanello ;Common Linnet 
5370;82,08635659;6,165737963;2002;Bluthänfling;Linotte mélodieuse;Fanello ;Common Linnet 
5370;96,05048917;6,593018116;2003;Bluthänfling;Linotte mélodieuse;Fanello ;Common Linnet 
5370;98,05681056;6,63325712;2004;Bluthänfling;Linotte mélodieuse;Fanello ;Common Linnet 
5370;90,17275384;6,397300572;2005;Bluthänfling;Linotte mélodieuse;Fanello ;Common Linnet 
5370;80,92831922;6,065693979;2006;Bluthänfling;Linotte mélodieuse;Fanello ;Common Linnet 
5370;87,2865683;6,25128674;2007;Bluthänfling;Linotte mélodieuse;Fanello ;Common Linnet 
5370;91,1614275;6,369491296;2008;Bluthänfling;Linotte mélodieuse;Fanello ;Common Linnet 
5370;78,41427874;5,923854515;2009;Bluthänfling;Linotte mélodieuse;Fanello ;Common Linnet 
5370;92,32025921;6,408222467;2010;Bluthänfling;Linotte mélodieuse;Fanello ;Common Linnet 
5370;85,52816351;6,182964988;2011;Bluthänfling;Linotte mélodieuse;Fanello ;Common Linnet 
5370;102,1003198;6,728723997;2012;Bluthänfling;Linotte mélodieuse;Fanello ;Common Linnet 
5370;87,18942626;6,315005115;2013;Bluthänfling;Linotte mélodieuse;Fanello ;Common Linnet 
5370;85,41108696;6,174662797;2014;Bluthänfling;Linotte mélodieuse;Fanello ;Common Linnet 
5370;96,93278949;6,585209749;2015;Bluthänfling;Linotte mélodieuse;Fanello ;Common Linnet 
5370;107,7523088;6,949009434;2016;Bluthänfling;Linotte mélodieuse;Fanello ;Common Linnet 
5370;109,4046414;7,00213017;2017;Bluthänfling;Linotte mélodieuse;Fanello ;Common Linnet 
5370;103,5711257;6,784948944;2018;Bluthänfling;Linotte mélodieuse;Fanello ;Common Linnet 
5370;132,2749213;7,619143791;2019;Bluthänfling;Linotte mélodieuse;Fanello ;Common Linnet 
5370;125,8466186;7,493482271;2020;Bluthänfling;Linotte mélodieuse;Fanello ;Common Linnet 
5370;125,7800501;7,431943044;2021;Bluthänfling;Linotte mélodieuse;Fanello ;Common Linnet 
5370;103,580061;6,785505178;2022;Bluthänfling;Linotte mélodieuse;Fanello ;Common Linnet 
5390;116,1754097;10,15668046;1990;Alpenbirkenzeisig;Sizerin cabaret ;Organetto minore;Lesser Redpoll
5390;95,81465901;11,67464667;1991;Alpenbirkenzeisig;Sizerin cabaret ;Organetto minore;Lesser Redpoll
5390;94,6948623;11,13370896;1992;Alpenbirkenzeisig;Sizerin cabaret ;Organetto minore;Lesser Redpoll
5390;106,1086096;9,401437433;1993;Alpenbirkenzeisig;Sizerin cabaret ;Organetto minore;Lesser Redpoll
5390;105,0700525;8,805942766;1994;Alpenbirkenzeisig;Sizerin cabaret ;Organetto minore;Lesser Redpoll
5390;91,38606225;7,944769517;1995;Alpenbirkenzeisig;Sizerin cabaret ;Organetto minore;Lesser Redpoll
5390;107,3180474;8,342358802;1996;Alpenbirkenzeisig;Sizerin cabaret ;Organetto minore;Lesser Redpoll
5390;110,2764957;9,170527104;1997;Alpenbirkenzeisig;Sizerin cabaret ;Organetto minore;Lesser Redpoll
5390;89,48440154;7,649702742;1998;Alpenbirkenzeisig;Sizerin cabaret ;Organetto minore;Lesser Redpoll
5390;73,13770365;8,887378026;1999;Alpenbirkenzeisig;Sizerin cabaret ;Organetto minore;Lesser Redpoll
5390;98,79410337;10,03807739;2000;Alpenbirkenzeisig;Sizerin cabaret ;Organetto minore;Lesser Redpoll
5390;93,70667354;9,970668736;2001;Alpenbirkenzeisig;Sizerin cabaret ;Organetto minore;Lesser Redpoll
5390;118,1797406;10,96265673;2002;Alpenbirkenzeisig;Sizerin cabaret ;Organetto minore;Lesser Redpoll
5390;120,085936;11,0158913;2003;Alpenbirkenzeisig;Sizerin cabaret ;Organetto minore;Lesser Redpoll
5390;134,5643822;11,62412083;2004;Alpenbirkenzeisig;Sizerin cabaret ;Organetto minore;Lesser Redpoll
5390;159,262908;12,57709687;2005;Alpenbirkenzeisig;Sizerin cabaret ;Organetto minore;Lesser Redpoll
5390;119,1526113;11,21341974;2006;Alpenbirkenzeisig;Sizerin cabaret ;Organetto minore;Lesser Redpoll
5390;115,8765583;10,91329851;2007;Alpenbirkenzeisig;Sizerin cabaret ;Organetto minore;Lesser Redpoll
5390;99,64577668;10,0793929;2008;Alpenbirkenzeisig;Sizerin cabaret ;Organetto minore;Lesser Redpoll
5390;78,35394405;8,979023064;2009;Alpenbirkenzeisig;Sizerin cabaret ;Organetto minore;Lesser Redpoll
5390;91,98071693;9,70003217;2010;Alpenbirkenzeisig;Sizerin cabaret ;Organetto minore;Lesser Redpoll
5390;118,5609033;10,95759227;2011;Alpenbirkenzeisig;Sizerin cabaret ;Organetto minore;Lesser Redpoll
5390;114,1670662;10,75688103;2012;Alpenbirkenzeisig;Sizerin cabaret ;Organetto minore;Lesser Redpoll
5390;103,9064508;10,3255739;2013;Alpenbirkenzeisig;Sizerin cabaret ;Organetto minore;Lesser Redpoll
5390;100,49745;10,12050808;2014;Alpenbirkenzeisig;Sizerin cabaret ;Organetto minore;Lesser Redpoll
5390;128,1866263;11,38051758;2015;Alpenbirkenzeisig;Sizerin cabaret ;Organetto minore;Lesser Redpoll
5390;118,4271149;10,9455605;2016;Alpenbirkenzeisig;Sizerin cabaret ;Organetto minore;Lesser Redpoll
5390;94,59036209;9,923485351;2017;Alpenbirkenzeisig;Sizerin cabaret ;Organetto minore;Lesser Redpoll
5390;48,25028624;7,132706749;2018;Alpenbirkenzeisig;Sizerin cabaret ;Organetto minore;Lesser Redpoll
5390;69,61368822;8,624854181;2019;Alpenbirkenzeisig;Sizerin cabaret ;Organetto minore;Lesser Redpoll
5390;46,63021052;7,022115604;2020;Alpenbirkenzeisig;Sizerin cabaret ;Organetto minore;Lesser Redpoll
5390;73,24390422;8,690808545;2021;Alpenbirkenzeisig;Sizerin cabaret ;Organetto minore;Lesser Redpoll
5390;64,85628262;8,255155495;2022;Alpenbirkenzeisig;Sizerin cabaret ;Organetto minore;Lesser Redpoll
5520;69,95438917;7,303546203;1999;Fichtenkreuzschnabel;Bec-croisé des sapins ;Crociere;Red Crossbill 
5520;112,4754252;8,89874046;2000;Fichtenkreuzschnabel;Bec-croisé des sapins ;Crociere;Red Crossbill 
5520;63,9698395;6,793012144;2001;Fichtenkreuzschnabel;Bec-croisé des sapins ;Crociere;Red Crossbill 
5520;75,19685621;7,318919093;2002;Fichtenkreuzschnabel;Bec-croisé des sapins ;Crociere;Red Crossbill 
5520;115,7968872;8,994204653;2003;Fichtenkreuzschnabel;Bec-croisé des sapins ;Crociere;Red Crossbill 
5520;96,09385585;8,231239177;2004;Fichtenkreuzschnabel;Bec-croisé des sapins ;Crociere;Red Crossbill 
5520;141,1907767;9,875736682;2005;Fichtenkreuzschnabel;Bec-croisé des sapins ;Crociere;Red Crossbill 
5520;59,3880963;6,59134764;2006;Fichtenkreuzschnabel;Bec-croisé des sapins ;Crociere;Red Crossbill 
5520;116,3295969;9,065815495;2007;Fichtenkreuzschnabel;Bec-croisé des sapins ;Crociere;Red Crossbill 
5520;118,1968502;9,081391636;2008;Fichtenkreuzschnabel;Bec-croisé des sapins ;Crociere;Red Crossbill 
5520;78,26003049;7,45349202;2009;Fichtenkreuzschnabel;Bec-croisé des sapins ;Crociere;Red Crossbill 
5520;146,8384077;10,05880973;2010;Fichtenkreuzschnabel;Bec-croisé des sapins ;Crociere;Red Crossbill 
5520;82,36573466;7,643114749;2011;Fichtenkreuzschnabel;Bec-croisé des sapins ;Crociere;Red Crossbill 
5520;123,103108;9,260515091;2012;Fichtenkreuzschnabel;Bec-croisé des sapins ;Crociere;Red Crossbill 
5520;38,08241514;5,255088571;2013;Fichtenkreuzschnabel;Bec-croisé des sapins ;Crociere;Red Crossbill 
5520;69,78858389;7,051267094;2014;Fichtenkreuzschnabel;Bec-croisé des sapins ;Crociere;Red Crossbill 
5520;104,0777725;8,547874982;2015;Fichtenkreuzschnabel;Bec-croisé des sapins ;Crociere;Red Crossbill 
5520;61,16441014;6,648968243;2016;Fichtenkreuzschnabel;Bec-croisé des sapins ;Crociere;Red Crossbill 
5520;130,6414193;9,563576329;2017;Fichtenkreuzschnabel;Bec-croisé des sapins ;Crociere;Red Crossbill 
5520;68,28311975;7,003255356;2018;Fichtenkreuzschnabel;Bec-croisé des sapins ;Crociere;Red Crossbill 
5520;150,3081973;10,17736287;2019;Fichtenkreuzschnabel;Bec-croisé des sapins ;Crociere;Red Crossbill 
5520;123,9663781;9,323553743;2020;Fichtenkreuzschnabel;Bec-croisé des sapins ;Crociere;Red Crossbill 
5520;135,1421738;9,703565335;2021;Fichtenkreuzschnabel;Bec-croisé des sapins ;Crociere;Red Crossbill 
5520;119,3856759;9,185634916;2022;Fichtenkreuzschnabel;Bec-croisé des sapins ;Crociere;Red Crossbill 
5500;39,79899497;11,41948968;1990;Karmingimpel;Roselin cramoisi;Ciuffolotto scarlatto ;Common Rosefinch
5500;39,79899497;11,41948968;1991;Karmingimpel;Roselin cramoisi;Ciuffolotto scarlatto ;Common Rosefinch
5500;99,49748744;17,88972226;1992;Karmingimpel;Roselin cramoisi;Ciuffolotto scarlatto ;Common Rosefinch
5500;86,23115578;16,68890631;1993;Karmingimpel;Roselin cramoisi;Ciuffolotto scarlatto ;Common Rosefinch
5500;145,9296482;21,50779611;1994;Karmingimpel;Roselin cramoisi;Ciuffolotto scarlatto ;Common Rosefinch
5500;106,1306533;18,45726921;1995;Karmingimpel;Roselin cramoisi;Ciuffolotto scarlatto ;Common Rosefinch
5500;185,7286432;24,11049484;1996;Karmingimpel;Roselin cramoisi;Ciuffolotto scarlatto ;Common Rosefinch
5500;109,4472362;18,73371116;1997;Karmingimpel;Roselin cramoisi;Ciuffolotto scarlatto ;Common Rosefinch
5500;99,49748744;17,88972226;1998;Karmingimpel;Roselin cramoisi;Ciuffolotto scarlatto ;Common Rosefinch
5500;89,54773869;16,99804109;1999;Karmingimpel;Roselin cramoisi;Ciuffolotto scarlatto ;Common Rosefinch
5500;72,96482412;15,38321375;2000;Karmingimpel;Roselin cramoisi;Ciuffolotto scarlatto ;Common Rosefinch
5500;66,33165829;14,6823854;2001;Karmingimpel;Roselin cramoisi;Ciuffolotto scarlatto ;Common Rosefinch
5500;63,01507538;14,31795599;2002;Karmingimpel;Roselin cramoisi;Ciuffolotto scarlatto ;Common Rosefinch
5500;53,06532663;13,15923526;2003;Karmingimpel;Roselin cramoisi;Ciuffolotto scarlatto ;Common Rosefinch
5500;56,38190955;13,55729987;2004;Karmingimpel;Roselin cramoisi;Ciuffolotto scarlatto ;Common Rosefinch
5500;69,64824121;15,03725068;2005;Karmingimpel;Roselin cramoisi;Ciuffolotto scarlatto ;Common Rosefinch
5500;69,64824121;15,03725068;2006;Karmingimpel;Roselin cramoisi;Ciuffolotto scarlatto ;Common Rosefinch
5500;26,53266332;9,34293835;2007;Karmingimpel;Roselin cramoisi;Ciuffolotto scarlatto ;Common Rosefinch
5500;56,38190955;13,55729987;2008;Karmingimpel;Roselin cramoisi;Ciuffolotto scarlatto ;Common Rosefinch
5500;39,79899497;11,41948968;2009;Karmingimpel;Roselin cramoisi;Ciuffolotto scarlatto ;Common Rosefinch
5500;82,91457286;16,37326103;2010;Karmingimpel;Roselin cramoisi;Ciuffolotto scarlatto ;Common Rosefinch
5500;129,3467337;20,30208135;2011;Karmingimpel;Roselin cramoisi;Ciuffolotto scarlatto ;Common Rosefinch
5500;92,86432161;17,30101437;2012;Karmingimpel;Roselin cramoisi;Ciuffolotto scarlatto ;Common Rosefinch
5500;152,5628141;21,96804129;2013;Karmingimpel;Roselin cramoisi;Ciuffolotto scarlatto ;Common Rosefinch
5500;165,8291457;22,85494711;2014;Karmingimpel;Roselin cramoisi;Ciuffolotto scarlatto ;Common Rosefinch
5500;172,4623116;23,28288711;2015;Karmingimpel;Roselin cramoisi;Ciuffolotto scarlatto ;Common Rosefinch
5500;126,0301508;20,05058653;2016;Karmingimpel;Roselin cramoisi;Ciuffolotto scarlatto ;Common Rosefinch
5500;109,4472362;18,73371116;2017;Karmingimpel;Roselin cramoisi;Ciuffolotto scarlatto ;Common Rosefinch
5500;122,7135678;19,79533841;2018;Karmingimpel;Roselin cramoisi;Ciuffolotto scarlatto ;Common Rosefinch
5500;126,0301508;20,05058653;2019;Karmingimpel;Roselin cramoisi;Ciuffolotto scarlatto ;Common Rosefinch
5500;169,1457286;23,07014899;2020;Karmingimpel;Roselin cramoisi;Ciuffolotto scarlatto ;Common Rosefinch
5500;172,4623116;23,28288711;2021;Karmingimpel;Roselin cramoisi;Ciuffolotto scarlatto ;Common Rosefinch
5500;102,8140704;18,17601523;2022;Karmingimpel;Roselin cramoisi;Ciuffolotto scarlatto ;Common Rosefinch
5480;106,0147984;NA;1990;Gimpel;Bouvreuil pivoine ;Ciuffolotto ;Eurasian Bullfinch
5480;149,2794376;28,91825456;1991;Gimpel;Bouvreuil pivoine ;Ciuffolotto ;Eurasian Bullfinch
5480;110,8596747;21,43745242;1992;Gimpel;Bouvreuil pivoine ;Ciuffolotto ;Eurasian Bullfinch
5480;152,4174757;29,85927179;1993;Gimpel;Bouvreuil pivoine ;Ciuffolotto ;Eurasian Bullfinch
5480;108,7181758;21,90133066;1994;Gimpel;Bouvreuil pivoine ;Ciuffolotto ;Eurasian Bullfinch
5480;116,1392117;25,89985187;1995;Gimpel;Bouvreuil pivoine ;Ciuffolotto ;Eurasian Bullfinch
5480;131,7763944;25,77492229;1996;Gimpel;Bouvreuil pivoine ;Ciuffolotto ;Eurasian Bullfinch
5480;103,2160077;24,84692931;1997;Gimpel;Bouvreuil pivoine ;Ciuffolotto ;Eurasian Bullfinch
5480;99,85003788;7,300680951;1998;Gimpel;Bouvreuil pivoine ;Ciuffolotto ;Eurasian Bullfinch
5480;102,2689642;5,377609242;1999;Gimpel;Bouvreuil pivoine ;Ciuffolotto ;Eurasian Bullfinch
5480;96,47275514;5,114341424;2000;Gimpel;Bouvreuil pivoine ;Ciuffolotto ;Eurasian Bullfinch
5480;72,86966367;4,485172841;2001;Gimpel;Bouvreuil pivoine ;Ciuffolotto ;Eurasian Bullfinch
5480;98,51053955;5,164090585;2002;Gimpel;Bouvreuil pivoine ;Ciuffolotto ;Eurasian Bullfinch
5480;87,59066644;4,869706037;2003;Gimpel;Bouvreuil pivoine ;Ciuffolotto ;Eurasian Bullfinch
5480;106,6210158;5,34891879;2004;Gimpel;Bouvreuil pivoine ;Ciuffolotto ;Eurasian Bullfinch
5480;112,8775883;5,495540616;2005;Gimpel;Bouvreuil pivoine ;Ciuffolotto ;Eurasian Bullfinch
5480;85,24897874;4,829023721;2006;Gimpel;Bouvreuil pivoine ;Ciuffolotto ;Eurasian Bullfinch
5480;95,0132921;5,080256736;2007;Gimpel;Bouvreuil pivoine ;Ciuffolotto ;Eurasian Bullfinch
5480;88,61176449;4,896248443;2008;Gimpel;Bouvreuil pivoine ;Ciuffolotto ;Eurasian Bullfinch
5480;80,79307939;4,683743209;2009;Gimpel;Bouvreuil pivoine ;Ciuffolotto ;Eurasian Bullfinch
5480;103,2066433;5,266141169;2010;Gimpel;Bouvreuil pivoine ;Ciuffolotto ;Eurasian Bullfinch
5480;99,79338111;5,209034691;2011;Gimpel;Bouvreuil pivoine ;Ciuffolotto ;Eurasian Bullfinch
5480;122,7686;5,717561069;2012;Gimpel;Bouvreuil pivoine ;Ciuffolotto ;Eurasian Bullfinch
5480;69,91655493;4,37839671;2013;Gimpel;Bouvreuil pivoine ;Ciuffolotto ;Eurasian Bullfinch
5480;82,87806208;4,741501272;2014;Gimpel;Bouvreuil pivoine ;Ciuffolotto ;Eurasian Bullfinch
5480;97,52080094;5,1270922;2015;Gimpel;Bouvreuil pivoine ;Ciuffolotto ;Eurasian Bullfinch
5480;96,89564233;5,136292262;2016;Gimpel;Bouvreuil pivoine ;Ciuffolotto ;Eurasian Bullfinch
5480;108,8581484;5,431639485;2017;Gimpel;Bouvreuil pivoine ;Ciuffolotto ;Eurasian Bullfinch
5480;71,01309237;4,421135462;2018;Gimpel;Bouvreuil pivoine ;Ciuffolotto ;Eurasian Bullfinch
5480;87,57602;4,876160635;2019;Gimpel;Bouvreuil pivoine ;Ciuffolotto ;Eurasian Bullfinch
5480;80,98568056;4,70986512;2020;Gimpel;Bouvreuil pivoine ;Ciuffolotto ;Eurasian Bullfinch
5480;92,79115002;5,01980771;2021;Gimpel;Bouvreuil pivoine ;Ciuffolotto ;Eurasian Bullfinch
5480;80,64670216;4,705768598;2022;Gimpel;Bouvreuil pivoine ;Ciuffolotto ;Eurasian Bullfinch
5320;98,90448546;7,915344524;1990;Kernbeisser;Grosbec casse-noyaux;Frosone ;Hawfinch
5320;91,4767922;8,301139496;1991;Kernbeisser;Grosbec casse-noyaux;Frosone ;Hawfinch
5320;89,89200871;8,545880374;1992;Kernbeisser;Grosbec casse-noyaux;Frosone ;Hawfinch
5320;103,4458498;7,918916294;1993;Kernbeisser;Grosbec casse-noyaux;Frosone ;Hawfinch
5320;100,9062671;7,154340707;1994;Kernbeisser;Grosbec casse-noyaux;Frosone ;Hawfinch
5320;97,04290698;6,886332868;1995;Kernbeisser;Grosbec casse-noyaux;Frosone ;Hawfinch
5320;94,39899726;6,792239598;1996;Kernbeisser;Grosbec casse-noyaux;Frosone ;Hawfinch
5320;94,51280607;6,654103133;1997;Kernbeisser;Grosbec casse-noyaux;Frosone ;Hawfinch
5320;87,34065175;6,476734186;1998;Kernbeisser;Grosbec casse-noyaux;Frosone ;Hawfinch
5320;83,42205622;12,30788465;1999;Kernbeisser;Grosbec casse-noyaux;Frosone ;Hawfinch
5320;103,6219201;13,34202321;2000;Kernbeisser;Grosbec casse-noyaux;Frosone ;Hawfinch
5320;93,19980143;12,68735783;2001;Kernbeisser;Grosbec casse-noyaux;Frosone ;Hawfinch
5320;99,08003931;13,05645963;2002;Kernbeisser;Grosbec casse-noyaux;Frosone ;Hawfinch
5320;96,15497159;12,8755889;2003;Kernbeisser;Grosbec casse-noyaux;Frosone ;Hawfinch
5320;50,59504839;9,384495111;2004;Kernbeisser;Grosbec casse-noyaux;Frosone ;Hawfinch
5320;54,00883597;9,728518786;2005;Kernbeisser;Grosbec casse-noyaux;Frosone ;Hawfinch
5320;110,4972592;13,71816299;2006;Kernbeisser;Grosbec casse-noyaux;Frosone ;Hawfinch
5320;101,538022;13,17537689;2007;Kernbeisser;Grosbec casse-noyaux;Frosone ;Hawfinch
5320;92,14688292;12,5470671;2008;Kernbeisser;Grosbec casse-noyaux;Frosone ;Hawfinch
5320;95,11936301;12,73981287;2009;Kernbeisser;Grosbec casse-noyaux;Frosone ;Hawfinch
5320;99,57808315;13,02266433;2010;Kernbeisser;Grosbec casse-noyaux;Frosone ;Hawfinch
5320;117,4129637;14,08723353;2011;Kernbeisser;Grosbec casse-noyaux;Frosone ;Hawfinch
5320;121,0092378;14,32721586;2012;Kernbeisser;Grosbec casse-noyaux;Frosone ;Hawfinch
5320;138,2203244;15,21641463;2013;Kernbeisser;Grosbec casse-noyaux;Frosone ;Hawfinch
5320;139,7065644;15,29309741;2014;Kernbeisser;Grosbec casse-noyaux;Frosone ;Hawfinch
5320;108,4955234;13,56751481;2015;Kernbeisser;Grosbec casse-noyaux;Frosone ;Hawfinch
5320;92,38061463;12,57824971;2016;Kernbeisser;Grosbec casse-noyaux;Frosone ;Hawfinch
5320;107,4348495;13,53080599;2017;Kernbeisser;Grosbec casse-noyaux;Frosone ;Hawfinch
5320;114,5992937;13,93538383;2018;Kernbeisser;Grosbec casse-noyaux;Frosone ;Hawfinch
5320;111,543033;13,75241178;2019;Kernbeisser;Grosbec casse-noyaux;Frosone ;Hawfinch
5320;114,4404836;13,91660977;2020;Kernbeisser;Grosbec casse-noyaux;Frosone ;Hawfinch
5320;98,2959801;12,95546225;2021;Kernbeisser;Grosbec casse-noyaux;Frosone ;Hawfinch
5320;99,57808315;13,02266433;2022;Kernbeisser;Grosbec casse-noyaux;Frosone ;Hawfinch
5580;81,40721452;NA;1990;Goldammer;Bruant jaune;Zigolo giallo ;Yellowhammer
5580;88,71758239;8,949451672;1991;Goldammer;Bruant jaune;Zigolo giallo ;Yellowhammer
5580;89,42582515;10,4415917;1992;Goldammer;Bruant jaune;Zigolo giallo ;Yellowhammer
5580;90,15849008;8,850937393;1993;Goldammer;Bruant jaune;Zigolo giallo ;Yellowhammer
5580;101,8892697;11,4399869;1994;Goldammer;Bruant jaune;Zigolo giallo ;Yellowhammer
5580;94,55447967;10,82238105;1995;Goldammer;Bruant jaune;Zigolo giallo ;Yellowhammer
5580;96,33729767;10,99586871;1996;Goldammer;Bruant jaune;Zigolo giallo ;Yellowhammer
5580;97,91659763;11,86467321;1997;Goldammer;Bruant jaune;Zigolo giallo ;Yellowhammer
5580;99,16049987;5,909339044;1998;Goldammer;Bruant jaune;Zigolo giallo ;Yellowhammer
5580;100,1161927;5,064115814;1999;Goldammer;Bruant jaune;Zigolo giallo ;Yellowhammer
5580;108,4458922;4,935917163;2000;Goldammer;Bruant jaune;Zigolo giallo ;Yellowhammer
5580;99,96848453;4,762208443;2001;Goldammer;Bruant jaune;Zigolo giallo ;Yellowhammer
5580;102,6008669;4,817253795;2002;Goldammer;Bruant jaune;Zigolo giallo ;Yellowhammer
5580;112,8131723;5,003365598;2003;Goldammer;Bruant jaune;Zigolo giallo ;Yellowhammer
5580;108,2740649;4,870284756;2004;Goldammer;Bruant jaune;Zigolo giallo ;Yellowhammer
5580;122,0938173;5,157789976;2005;Goldammer;Bruant jaune;Zigolo giallo ;Yellowhammer
5580;114,70809;5,020356724;2006;Goldammer;Bruant jaune;Zigolo giallo ;Yellowhammer
5580;115,5302074;5,040409326;2007;Goldammer;Bruant jaune;Zigolo giallo ;Yellowhammer
5580;109,4564668;4,892668857;2008;Goldammer;Bruant jaune;Zigolo giallo ;Yellowhammer
5580;105,3798759;4,805986676;2009;Goldammer;Bruant jaune;Zigolo giallo ;Yellowhammer
5580;110,271785;4,914036247;2010;Goldammer;Bruant jaune;Zigolo giallo ;Yellowhammer
5580;103,3415804;4,761038975;2011;Goldammer;Bruant jaune;Zigolo giallo ;Yellowhammer
5580;116,1517035;5,043631449;2012;Goldammer;Bruant jaune;Zigolo giallo ;Yellowhammer
5580;102,175118;4,73933294;2013;Goldammer;Bruant jaune;Zigolo giallo ;Yellowhammer
5580;104,6846112;4,803144466;2014;Goldammer;Bruant jaune;Zigolo giallo ;Yellowhammer
5580;104,7683873;4,803759404;2015;Goldammer;Bruant jaune;Zigolo giallo ;Yellowhammer
5580;91,51946669;4,504101698;2016;Goldammer;Bruant jaune;Zigolo giallo ;Yellowhammer
5580;88,66585303;4,439879544;2017;Goldammer;Bruant jaune;Zigolo giallo ;Yellowhammer
5580;88,245215;4,444279558;2018;Goldammer;Bruant jaune;Zigolo giallo ;Yellowhammer
5580;92,26053124;4,532416433;2019;Goldammer;Bruant jaune;Zigolo giallo ;Yellowhammer
5580;90,55472857;4,504390536;2020;Goldammer;Bruant jaune;Zigolo giallo ;Yellowhammer
5580;88,09779078;4,453063659;2021;Goldammer;Bruant jaune;Zigolo giallo ;Yellowhammer
5580;80,3088416;4,29998978;2022;Goldammer;Bruant jaune;Zigolo giallo ;Yellowhammer
5640;95,31441893;15,35285683;1990;Zaunammer;Bruant zizi ;Zigolo nero ;Cirl Bunting
5640;85,81376664;10,61251994;1991;Zaunammer;Bruant zizi ;Zigolo nero ;Cirl Bunting
5640;88,59238081;10,21051222;1992;Zaunammer;Bruant zizi ;Zigolo nero ;Cirl Bunting
5640;95,2031167;9,738794241;1993;Zaunammer;Bruant zizi ;Zigolo nero ;Cirl Bunting
5640;99,7574387;11,11253302;1994;Zaunammer;Bruant zizi ;Zigolo nero ;Cirl Bunting
5640;92,11678603;9,954690874;1995;Zaunammer;Bruant zizi ;Zigolo nero ;Cirl Bunting
5640;89,42833481;7,225879283;1996;Zaunammer;Bruant zizi ;Zigolo nero ;Cirl Bunting
5640;86,339641;6,854544815;1997;Zaunammer;Bruant zizi ;Zigolo nero ;Cirl Bunting
5640;80,03921311;7,900787163;1998;Zaunammer;Bruant zizi ;Zigolo nero ;Cirl Bunting
5640;81,43239621;7,634722622;1999;Zaunammer;Bruant zizi ;Zigolo nero ;Cirl Bunting
5640;80,09889985;7,565294357;2000;Zaunammer;Bruant zizi ;Zigolo nero ;Cirl Bunting
5640;78,60243972;7,496271842;2001;Zaunammer;Bruant zizi ;Zigolo nero ;Cirl Bunting
5640;76,86634462;7,235193269;2002;Zaunammer;Bruant zizi ;Zigolo nero ;Cirl Bunting
5640;75,05415809;7,335537073;2003;Zaunammer;Bruant zizi ;Zigolo nero ;Cirl Bunting
5640;73,725134;6,81200215;2004;Zaunammer;Bruant zizi ;Zigolo nero ;Cirl Bunting
5640;77,57801428;7,048058325;2005;Zaunammer;Bruant zizi ;Zigolo nero ;Cirl Bunting
5640;92,93325416;7,456322503;2006;Zaunammer;Bruant zizi ;Zigolo nero ;Cirl Bunting
5640;111,953399;9,109218091;2007;Zaunammer;Bruant zizi ;Zigolo nero ;Cirl Bunting
5640;106,4676371;7,110684115;2008;Zaunammer;Bruant zizi ;Zigolo nero ;Cirl Bunting
5640;93,07257192;7,508290199;2009;Zaunammer;Bruant zizi ;Zigolo nero ;Cirl Bunting
5640;91,81196007;6,809718331;2010;Zaunammer;Bruant zizi ;Zigolo nero ;Cirl Bunting
5640;85,57110172;6,611927399;2011;Zaunammer;Bruant zizi ;Zigolo nero ;Cirl Bunting
5640;94,62731138;7,377577146;2012;Zaunammer;Bruant zizi ;Zigolo nero ;Cirl Bunting
5640;90,5901665;6,541847787;2013;Zaunammer;Bruant zizi ;Zigolo nero ;Cirl Bunting
5640;91,58460497;6,698002599;2014;Zaunammer;Bruant zizi ;Zigolo nero ;Cirl Bunting
5640;92,49703806;6,765916887;2015;Zaunammer;Bruant zizi ;Zigolo nero ;Cirl Bunting
5640;98,4208799;6,289342609;2016;Zaunammer;Bruant zizi ;Zigolo nero ;Cirl Bunting
5640;110,6558529;7,892623338;2017;Zaunammer;Bruant zizi ;Zigolo nero ;Cirl Bunting
5640;116,0411795;8,307604916;2018;Zaunammer;Bruant zizi ;Zigolo nero ;Cirl Bunting
5640;133,171659;9,387792088;2019;Zaunammer;Bruant zizi ;Zigolo nero ;Cirl Bunting
5640;162,7387499;10,10389013;2020;Zaunammer;Bruant zizi ;Zigolo nero ;Cirl Bunting
5640;187,5087964;12,34206108;2021;Zaunammer;Bruant zizi ;Zigolo nero ;Cirl Bunting
5640;184,3913539;13,18152005;2022;Zaunammer;Bruant zizi ;Zigolo nero ;Cirl Bunting
5690;93,75494958;13,23960188;1990;Zippammer;Bruant fou;Zigolo muciatto ;Rock Bunting
5690;90,03606539;12,18744724;1991;Zippammer;Bruant fou;Zigolo muciatto ;Rock Bunting
5690;91,07415977;12,4094009;1992;Zippammer;Bruant fou;Zigolo muciatto ;Rock Bunting
5690;93,30185232;11,94050743;1993;Zippammer;Bruant fou;Zigolo muciatto ;Rock Bunting
5690;92,43281927;12,38104956;1994;Zippammer;Bruant fou;Zigolo muciatto ;Rock Bunting
5690;93,03911893;10,86581523;1995;Zippammer;Bruant fou;Zigolo muciatto ;Rock Bunting
5690;89,73639583;9,157756921;1996;Zippammer;Bruant fou;Zigolo muciatto ;Rock Bunting
5690;85,91111515;6,733743865;1997;Zippammer;Bruant fou;Zigolo muciatto ;Rock Bunting
5690;82,42933342;5,244389308;1998;Zippammer;Bruant fou;Zigolo muciatto ;Rock Bunting
5690;81,59875076;8,202705455;1999;Zippammer;Bruant fou;Zigolo muciatto ;Rock Bunting
5690;90,33436187;8,313904277;2000;Zippammer;Bruant fou;Zigolo muciatto ;Rock Bunting
5690;101,2205142;9,057921352;2001;Zippammer;Bruant fou;Zigolo muciatto ;Rock Bunting
5690;90,58634933;8,503230388;2002;Zippammer;Bruant fou;Zigolo muciatto ;Rock Bunting
5690;84,67612349;8,376114107;2003;Zippammer;Bruant fou;Zigolo muciatto ;Rock Bunting
5690;88,98608781;8,214064226;2004;Zippammer;Bruant fou;Zigolo muciatto ;Rock Bunting
5690;104,4912395;8,867699386;2005;Zippammer;Bruant fou;Zigolo muciatto ;Rock Bunting
5690;105,0345928;9,01379733;2006;Zippammer;Bruant fou;Zigolo muciatto ;Rock Bunting
5690;116,625706;9,335697998;2007;Zippammer;Bruant fou;Zigolo muciatto ;Rock Bunting
5690;103,8171024;8,830659211;2008;Zippammer;Bruant fou;Zigolo muciatto ;Rock Bunting
5690;93,03090999;8,380902549;2009;Zippammer;Bruant fou;Zigolo muciatto ;Rock Bunting
5690;99,77228028;8,67352296;2010;Zippammer;Bruant fou;Zigolo muciatto ;Rock Bunting
5690;99,0445165;8,736709576;2011;Zippammer;Bruant fou;Zigolo muciatto ;Rock Bunting
5690;99,09814325;8,646459895;2012;Zippammer;Bruant fou;Zigolo muciatto ;Rock Bunting
5690;91,68263593;8,32437475;2013;Zippammer;Bruant fou;Zigolo muciatto ;Rock Bunting
5690;104,4912395;8,86651904;2014;Zippammer;Bruant fou;Zigolo muciatto ;Rock Bunting
5690;98,42400622;8,604275245;2015;Zippammer;Bruant fou;Zigolo muciatto ;Rock Bunting
5690;102,5059265;8,756821874;2016;Zippammer;Bruant fou;Zigolo muciatto ;Rock Bunting
5690;148,3101464;10,44274786;2017;Zippammer;Bruant fou;Zigolo muciatto ;Rock Bunting
5690;115,2836298;9,262953097;2018;Zippammer;Bruant fou;Zigolo muciatto ;Rock Bunting
5690;133,4791317;9,922363799;2019;Zippammer;Bruant fou;Zigolo muciatto ;Rock Bunting
5690;126,1341802;9,701601204;2020;Zippammer;Bruant fou;Zigolo muciatto ;Rock Bunting
5690;111,9067468;9,183044524;2021;Zippammer;Bruant fou;Zigolo muciatto ;Rock Bunting
5690;97,74986919;8,714251203;2022;Zippammer;Bruant fou;Zigolo muciatto ;Rock Bunting
5670;268,1549125;20,09548724;1990;Ortolan;Bruant ortolan;Ortolano;Ortolan Bunting 
5670;234,1566365;25,57607467;1991;Ortolan;Bruant ortolan;Ortolano;Ortolan Bunting 
5670;250,4378541;24,66264344;1992;Ortolan;Bruant ortolan;Ortolano;Ortolan Bunting 
5670;231,456826;27,40293715;1993;Ortolan;Bruant ortolan;Ortolano;Ortolan Bunting 
5670;196,4344839;23,7492122;1994;Ortolan;Bruant ortolan;Ortolano;Ortolan Bunting 
5670;196,1301286;21,92234972;1995;Ortolan;Bruant ortolan;Ortolano;Ortolan Bunting 
5670;185,585113;18,26862477;1996;Ortolan;Bruant ortolan;Ortolano;Ortolan Bunting 
5670;185,1518543;21,00891848;1997;Ortolan;Bruant ortolan;Ortolano;Ortolan Bunting 
5670;173,8728054;24,66264344;1998;Ortolan;Bruant ortolan;Ortolano;Ortolan Bunting 
5670;135,2340064;22,83578096;1999;Ortolan;Bruant ortolan;Ortolano;Ortolan Bunting 
5670;139,3696576;22,83578096;2000;Ortolan;Bruant ortolan;Ortolano;Ortolan Bunting 
5670;118,3261749;21,92234972;2001;Ortolan;Bruant ortolan;Ortolano;Ortolan Bunting 
5670;122,8413751;24,66264344;2002;Ortolan;Bruant ortolan;Ortolano;Ortolan Bunting 
5670;121,6705024;21,00891848;2003;Ortolan;Bruant ortolan;Ortolano;Ortolan Bunting 
5670;149,3417691;0;2004;Ortolan;Bruant ortolan;Ortolano;Ortolan Bunting 
5670;160,4041224;0;2005;Ortolan;Bruant ortolan;Ortolano;Ortolan Bunting 
5670;143,8105925;0;2006;Ortolan;Bruant ortolan;Ortolano;Ortolan Bunting 
5670;82,96764953;0;2007;Ortolan;Bruant ortolan;Ortolano;Ortolan Bunting 
5670;38,71823645;0;2008;Ortolan;Bruant ortolan;Ortolano;Ortolan Bunting 
5670;33,18705981;0;2009;Ortolan;Bruant ortolan;Ortolano;Ortolan Bunting 
5670;27,65588318;0;2010;Ortolan;Bruant ortolan;Ortolano;Ortolan Bunting 
5670;22,12470654;0;2011;Ortolan;Bruant ortolan;Ortolano;Ortolan Bunting 
5670;27,65588318;0;2012;Ortolan;Bruant ortolan;Ortolano;Ortolan Bunting 
5670;27,65588318;0;2013;Ortolan;Bruant ortolan;Ortolano;Ortolan Bunting 
5670;5,531176635;0;2014;Ortolan;Bruant ortolan;Ortolano;Ortolan Bunting 
5670;5,531176635;0;2015;Ortolan;Bruant ortolan;Ortolano;Ortolan Bunting 
5670;5,531176635;0;2016;Ortolan;Bruant ortolan;Ortolano;Ortolan Bunting 
5670;5,531176635;0;2017;Ortolan;Bruant ortolan;Ortolano;Ortolan Bunting 
5670;0;0;2018;Ortolan;Bruant ortolan;Ortolano;Ortolan Bunting 
5670;5,531176635;0;2019;Ortolan;Bruant ortolan;Ortolano;Ortolan Bunting 
5670;0;0;2020;Ortolan;Bruant ortolan;Ortolano;Ortolan Bunting 
5670;0;0;2021;Ortolan;Bruant ortolan;Ortolano;Ortolan Bunting 
5670;0;0;2022;Ortolan;Bruant ortolan;Ortolano;Ortolan Bunting 
5740;116,2427671;7,619620622;1990;Rohrammer;Bruant des roseaux;Migliarino di palude;Common Reed Bunting 
5740;100,5284228;6,585772231;1991;Rohrammer;Bruant des roseaux;Migliarino di palude;Common Reed Bunting 
5740;119,0646218;6,768160756;1992;Rohrammer;Bruant des roseaux;Migliarino di palude;Common Reed Bunting 
5740;128,4227848;6,81163925;1993;Rohrammer;Bruant des roseaux;Migliarino di palude;Common Reed Bunting 
5740;131,3203461;7,017548009;1994;Rohrammer;Bruant des roseaux;Migliarino di palude;Common Reed Bunting 
5740;117,8386624;6,788151706;1995;Rohrammer;Bruant des roseaux;Migliarino di palude;Common Reed Bunting 
5740;107,4567339;6,490691714;1996;Rohrammer;Bruant des roseaux;Migliarino di palude;Common Reed Bunting 
5740;106,4574545;6,384256987;1997;Rohrammer;Bruant des roseaux;Migliarino di palude;Common Reed Bunting 
5740;105,3987518;6,385901317;1998;Rohrammer;Bruant des roseaux;Migliarino di palude;Common Reed Bunting 
5740;103,4005978;5,916949525;1999;Rohrammer;Bruant des roseaux;Migliarino di palude;Common Reed Bunting 
5740;100,1901967;5,244466313;2000;Rohrammer;Bruant des roseaux;Migliarino di palude;Common Reed Bunting 
5740;91,30173642;5,061198492;2001;Rohrammer;Bruant des roseaux;Migliarino di palude;Common Reed Bunting 
5740;98,16544205;5,038640076;2002;Rohrammer;Bruant des roseaux;Migliarino di palude;Common Reed Bunting 
5740;99,14848723;5,128904649;2003;Rohrammer;Bruant des roseaux;Migliarino di palude;Common Reed Bunting 
5740;93,46925929;4,533736275;2004;Rohrammer;Bruant des roseaux;Migliarino di palude;Common Reed Bunting 
5740;102,6167483;4,600008343;2005;Rohrammer;Bruant des roseaux;Migliarino di palude;Common Reed Bunting 
5740;89,9594817;4,133440473;2006;Rohrammer;Bruant des roseaux;Migliarino di palude;Common Reed Bunting 
5740;91,58088512;4,220950539;2007;Rohrammer;Bruant des roseaux;Migliarino di palude;Common Reed Bunting 
5740;87,00093916;4,158160184;2008;Rohrammer;Bruant des roseaux;Migliarino di palude;Common Reed Bunting 
5740;85,03955581;4,102848565;2009;Rohrammer;Bruant des roseaux;Migliarino di palude;Common Reed Bunting 
5740;92,25589835;4,109327569;2010;Rohrammer;Bruant des roseaux;Migliarino di palude;Common Reed Bunting 
5740;87,55720527;3,956285513;2011;Rohrammer;Bruant des roseaux;Migliarino di palude;Common Reed Bunting 
5740;95,01878931;4,058784697;2012;Rohrammer;Bruant des roseaux;Migliarino di palude;Common Reed Bunting 
5740;89,26979437;3,895015394;2013;Rohrammer;Bruant des roseaux;Migliarino di palude;Common Reed Bunting 
5740;78,19982939;3,46498512;2014;Rohrammer;Bruant des roseaux;Migliarino di palude;Common Reed Bunting 
5740;86,49434388;3,687985271;2015;Rohrammer;Bruant des roseaux;Migliarino di palude;Common Reed Bunting 
5740;93,50331937;3,769195074;2016;Rohrammer;Bruant des roseaux;Migliarino di palude;Common Reed Bunting 
5740;94,21421202;3,689210158;2017;Rohrammer;Bruant des roseaux;Migliarino di palude;Common Reed Bunting 
5740;99,66863693;3,828110318;2018;Rohrammer;Bruant des roseaux;Migliarino di palude;Common Reed Bunting 
5740;100,9819564;3,818234957;2019;Rohrammer;Bruant des roseaux;Migliarino di palude;Common Reed Bunting 
5740;98,38234737;3,809556617;2020;Rohrammer;Bruant des roseaux;Migliarino di palude;Common Reed Bunting 
5740;109,0579587;4,007175036;2021;Rohrammer;Bruant des roseaux;Migliarino di palude;Common Reed Bunting 
5740;100,7918341;3,913479577;2022;Rohrammer;Bruant des roseaux;Migliarino di palude;Common Reed Bunting 
5570;138,4753235;21,14972054;1990;Grauammer;Bruant proyer ;Strillozzo;Corn Bunting
5570;131,0541335;19,21776159;1991;Grauammer;Bruant proyer ;Strillozzo;Corn Bunting
5570;133,7674177;17,8251163;1992;Grauammer;Bruant proyer ;Strillozzo;Corn Bunting
5570;156,2875731;20,84327265;1993;Grauammer;Bruant proyer ;Strillozzo;Corn Bunting
5570;157,776602;20,12895003;1994;Grauammer;Bruant proyer ;Strillozzo;Corn Bunting
5570;164,466689;19,05104074;1995;Grauammer;Bruant proyer ;Strillozzo;Corn Bunting
5570;141,1817323;14,0222843;1996;Grauammer;Bruant proyer ;Strillozzo;Corn Bunting
5570;109,0077853;10,76746739;1997;Grauammer;Bruant proyer ;Strillozzo;Corn Bunting
5570;102,155245;11,82954336;1998;Grauammer;Bruant proyer ;Strillozzo;Corn Bunting
5570;95,76081953;10,19091399;1999;Grauammer;Bruant proyer ;Strillozzo;Corn Bunting
5570;89,68415897;11,37356051;2000;Grauammer;Bruant proyer ;Strillozzo;Corn Bunting
5570;78,22165161;9,884153773;2001;Grauammer;Bruant proyer ;Strillozzo;Corn Bunting
5570;80,53600512;8,95548514;2002;Grauammer;Bruant proyer ;Strillozzo;Corn Bunting
5570;72,02870433;9,059982845;2003;Grauammer;Bruant proyer ;Strillozzo;Corn Bunting
5570;58,08672413;7,434913844;2004;Grauammer;Bruant proyer ;Strillozzo;Corn Bunting
5570;77,53097325;8,538111978;2005;Grauammer;Bruant proyer ;Strillozzo;Corn Bunting
5570;76,57226855;8,138130748;2006;Grauammer;Bruant proyer ;Strillozzo;Corn Bunting
5570;90,28234458;10,21303747;2007;Grauammer;Bruant proyer ;Strillozzo;Corn Bunting
5570;90,74776361;9,406933344;2008;Grauammer;Bruant proyer ;Strillozzo;Corn Bunting
5570;83,21996031;9,422422217;2009;Grauammer;Bruant proyer ;Strillozzo;Corn Bunting
5570;105,2751253;10,69673186;2010;Grauammer;Bruant proyer ;Strillozzo;Corn Bunting
5570;117,1456692;12,88965548;2011;Grauammer;Bruant proyer ;Strillozzo;Corn Bunting
5570;163,8408784;15,65241164;2012;Grauammer;Bruant proyer ;Strillozzo;Corn Bunting
5570;92,88829169;10,08101673;2013;Grauammer;Bruant proyer ;Strillozzo;Corn Bunting
5570;121,5057729;11,51993533;2014;Grauammer;Bruant proyer ;Strillozzo;Corn Bunting
5570;99,2645873;9,387000995;2015;Grauammer;Bruant proyer ;Strillozzo;Corn Bunting
5570;81,00912772;8,394776957;2016;Grauammer;Bruant proyer ;Strillozzo;Corn Bunting
5570;72,97277088;7,93128892;2017;Grauammer;Bruant proyer ;Strillozzo;Corn Bunting
5570;52,91285788;6,177292875;2018;Grauammer;Bruant proyer ;Strillozzo;Corn Bunting
5570;56,55598563;6,05464495;2019;Grauammer;Bruant proyer ;Strillozzo;Corn Bunting
5570;57,3505947;5,650815224;2020;Grauammer;Bruant proyer ;Strillozzo;Corn Bunting
5570;61,12859133;6,056471846;2021;Grauammer;Bruant proyer ;Strillozzo;Corn Bunting
5570;91,3058715;7,780342171;2022;Grauammer;Bruant proyer ;Strillozzo;Corn Bunting
704;0;0;1990;Nilgans;Ouette d'Egypte;Oca egiziana;Egyptian Goose
704;0;0;1991;Nilgans;Ouette d'Egypte;Oca egiziana;Egyptian Goose
704;0;0;1992;Nilgans;Ouette d'Egypte;Oca egiziana;Egyptian Goose
704;0;0;1993;Nilgans;Ouette d'Egypte;Oca egiziana;Egyptian Goose
704;0;0;1994;Nilgans;Ouette d'Egypte;Oca egiziana;Egyptian Goose
704;0;0;1995;Nilgans;Ouette d'Egypte;Oca egiziana;Egyptian Goose
704;0;0;1996;Nilgans;Ouette d'Egypte;Oca egiziana;Egyptian Goose
704;0;0;1997;Nilgans;Ouette d'Egypte;Oca egiziana;Egyptian Goose
704;0;0;1998;Nilgans;Ouette d'Egypte;Oca egiziana;Egyptian Goose
704;0;0;1999;Nilgans;Ouette d'Egypte;Oca egiziana;Egyptian Goose
704;0;0;2000;Nilgans;Ouette d'Egypte;Oca egiziana;Egyptian Goose
704;0;0;2001;Nilgans;Ouette d'Egypte;Oca egiziana;Egyptian Goose
704;0;0;2002;Nilgans;Ouette d'Egypte;Oca egiziana;Egyptian Goose
704;13,0952381;0;2003;Nilgans;Ouette d'Egypte;Oca egiziana;Egyptian Goose
704;13,0952381;0;2004;Nilgans;Ouette d'Egypte;Oca egiziana;Egyptian Goose
704;13,0952381;0;2005;Nilgans;Ouette d'Egypte;Oca egiziana;Egyptian Goose
704;13,0952381;0;2006;Nilgans;Ouette d'Egypte;Oca egiziana;Egyptian Goose
704;26,19047619;0;2007;Nilgans;Ouette d'Egypte;Oca egiziana;Egyptian Goose
704;26,19047619;0;2008;Nilgans;Ouette d'Egypte;Oca egiziana;Egyptian Goose
704;65,47619048;0;2009;Nilgans;Ouette d'Egypte;Oca egiziana;Egyptian Goose
704;39,28571429;0;2010;Nilgans;Ouette d'Egypte;Oca egiziana;Egyptian Goose
704;65,47619048;0;2011;Nilgans;Ouette d'Egypte;Oca egiziana;Egyptian Goose
704;39,28571429;0;2012;Nilgans;Ouette d'Egypte;Oca egiziana;Egyptian Goose
704;104,7619048;0;2013;Nilgans;Ouette d'Egypte;Oca egiziana;Egyptian Goose
704;130,952381;0;2014;Nilgans;Ouette d'Egypte;Oca egiziana;Egyptian Goose
704;130,952381;0;2015;Nilgans;Ouette d'Egypte;Oca egiziana;Egyptian Goose
704;170,2380952;0;2016;Nilgans;Ouette d'Egypte;Oca egiziana;Egyptian Goose
704;340,4761905;0;2017;Nilgans;Ouette d'Egypte;Oca egiziana;Egyptian Goose
704;405,952381;0;2018;Nilgans;Ouette d'Egypte;Oca egiziana;Egyptian Goose
704;327,3809524;0;2019;Nilgans;Ouette d'Egypte;Oca egiziana;Egyptian Goose
704;419,047619;0;2020;Nilgans;Ouette d'Egypte;Oca egiziana;Egyptian Goose
704;471,4285714;0;2021;Nilgans;Ouette d'Egypte;Oca egiziana;Egyptian Goose
704;484,5238095;0;2022;Nilgans;Ouette d'Egypte;Oca egiziana;Egyptian Goose
700;10,96345515;0;1990;Rostgans;Tadorne casarca;Casarca;Ruddy Shelduck
700;10,96345515;0;1991;Rostgans;Tadorne casarca;Casarca;Ruddy Shelduck
700;21,9269103;0;1992;Rostgans;Tadorne casarca;Casarca;Ruddy Shelduck
700;32,89036545;0;1993;Rostgans;Tadorne casarca;Casarca;Ruddy Shelduck
700;10,96345515;0;1994;Rostgans;Tadorne casarca;Casarca;Ruddy Shelduck
700;21,9269103;0;1995;Rostgans;Tadorne casarca;Casarca;Ruddy Shelduck
700;65,7807309;0;1996;Rostgans;Tadorne casarca;Casarca;Ruddy Shelduck
700;54,81727575;0;1997;Rostgans;Tadorne casarca;Casarca;Ruddy Shelduck
700;76,74418605;0;1998;Rostgans;Tadorne casarca;Casarca;Ruddy Shelduck
700;98,67109635;0;1999;Rostgans;Tadorne casarca;Casarca;Ruddy Shelduck
700;98,67109635;0;2000;Rostgans;Tadorne casarca;Casarca;Ruddy Shelduck
700;109,6345515;0;2001;Rostgans;Tadorne casarca;Casarca;Ruddy Shelduck
700;98,67109635;0;2002;Rostgans;Tadorne casarca;Casarca;Ruddy Shelduck
700;230,2325581;0;2003;Rostgans;Tadorne casarca;Casarca;Ruddy Shelduck
700;274,0863787;0;2004;Rostgans;Tadorne casarca;Casarca;Ruddy Shelduck
700;219,269103;0;2005;Rostgans;Tadorne casarca;Casarca;Ruddy Shelduck
700;197,3421927;0;2006;Rostgans;Tadorne casarca;Casarca;Ruddy Shelduck
700;65,7807309;0;2007;Rostgans;Tadorne casarca;Casarca;Ruddy Shelduck
700;87,7076412;0;2008;Rostgans;Tadorne casarca;Casarca;Ruddy Shelduck
700;54,81727575;0;2009;Rostgans;Tadorne casarca;Casarca;Ruddy Shelduck
700;54,81727575;0;2010;Rostgans;Tadorne casarca;Casarca;Ruddy Shelduck
700;32,89036545;0;2011;Rostgans;Tadorne casarca;Casarca;Ruddy Shelduck
700;120,5980066;0;2012;Rostgans;Tadorne casarca;Casarca;Ruddy Shelduck
700;131,5614618;0;2013;Rostgans;Tadorne casarca;Casarca;Ruddy Shelduck
700;142,5249169;0;2014;Rostgans;Tadorne casarca;Casarca;Ruddy Shelduck
700;120,5980066;0;2015;Rostgans;Tadorne casarca;Casarca;Ruddy Shelduck
700;142,5249169;0;2016;Rostgans;Tadorne casarca;Casarca;Ruddy Shelduck
700;131,5614618;0;2017;Rostgans;Tadorne casarca;Casarca;Ruddy Shelduck
700;175,4152824;0;2018;Rostgans;Tadorne casarca;Casarca;Ruddy Shelduck
700;120,5980066;0;2019;Rostgans;Tadorne casarca;Casarca;Ruddy Shelduck
700;76,74418605;0;2020;Rostgans;Tadorne casarca;Casarca;Ruddy Shelduck
700;120,5980066;0;2021;Rostgans;Tadorne casarca;Casarca;Ruddy Shelduck
700;87,7076412;0;2022;Rostgans;Tadorne casarca;Casarca;Ruddy Shelduck
590;17,1875;0;1990;Graugans;Oie cendrée;Oca selvatica;Greylag Goose
590;17,1875;0;1991;Graugans;Oie cendrée;Oca selvatica;Greylag Goose
590;17,1875;0;1992;Graugans;Oie cendrée;Oca selvatica;Greylag Goose
590;8,59375;0;1993;Graugans;Oie cendrée;Oca selvatica;Greylag Goose
590;5,729166667;0;1994;Graugans;Oie cendrée;Oca selvatica;Greylag Goose
590;25,78125;0;1995;Graugans;Oie cendrée;Oca selvatica;Greylag Goose
590;22,91666667;0;1996;Graugans;Oie cendrée;Oca selvatica;Greylag Goose
590;11,45833333;0;1997;Graugans;Oie cendrée;Oca selvatica;Greylag Goose
590;22,91666667;0;1998;Graugans;Oie cendrée;Oca selvatica;Greylag Goose
590;34,375;0;1999;Graugans;Oie cendrée;Oca selvatica;Greylag Goose
590;40,10416667;0;2000;Graugans;Oie cendrée;Oca selvatica;Greylag Goose
590;37,23958333;0;2001;Graugans;Oie cendrée;Oca selvatica;Greylag Goose
590;51,5625;0;2002;Graugans;Oie cendrée;Oca selvatica;Greylag Goose
590;57,29166667;0;2003;Graugans;Oie cendrée;Oca selvatica;Greylag Goose
590;54,42708333;0;2004;Graugans;Oie cendrée;Oca selvatica;Greylag Goose
590;60,15625;0;2005;Graugans;Oie cendrée;Oca selvatica;Greylag Goose
590;60,15625;0;2006;Graugans;Oie cendrée;Oca selvatica;Greylag Goose
590;60,15625;0;2007;Graugans;Oie cendrée;Oca selvatica;Greylag Goose
590;103,125;0;2008;Graugans;Oie cendrée;Oca selvatica;Greylag Goose
590;103,125;0;2009;Graugans;Oie cendrée;Oca selvatica;Greylag Goose
590;100,2604167;0;2010;Graugans;Oie cendrée;Oca selvatica;Greylag Goose
590;97,39583333;0;2011;Graugans;Oie cendrée;Oca selvatica;Greylag Goose
590;126,0416667;0;2012;Graugans;Oie cendrée;Oca selvatica;Greylag Goose
590;157,5520833;0;2013;Graugans;Oie cendrée;Oca selvatica;Greylag Goose
590;134,6354167;0;2014;Graugans;Oie cendrée;Oca selvatica;Greylag Goose
590;146,09375;0;2015;Graugans;Oie cendrée;Oca selvatica;Greylag Goose
590;177,6041667;0;2016;Graugans;Oie cendrée;Oca selvatica;Greylag Goose
590;194,7916667;0;2017;Graugans;Oie cendrée;Oca selvatica;Greylag Goose
590;240,625;0;2018;Graugans;Oie cendrée;Oca selvatica;Greylag Goose
590;206,25;0;2019;Graugans;Oie cendrée;Oca selvatica;Greylag Goose
590;263,5416667;0;2020;Graugans;Oie cendrée;Oca selvatica;Greylag Goose
590;289,3229167;0;2021;Graugans;Oie cendrée;Oca selvatica;Greylag Goose
590;355,2083333;0;2022;Graugans;Oie cendrée;Oca selvatica;Greylag Goose
810;12,13235294;0;1990;Mandarinente;Canard mandarin;Anatra mandarina;Mandarin Duck
810;12,13235294;0;1991;Mandarinente;Canard mandarin;Anatra mandarina;Mandarin Duck
810;48,52941176;0;1992;Mandarinente;Canard mandarin;Anatra mandarina;Mandarin Duck
810;72,79411765;0;1993;Mandarinente;Canard mandarin;Anatra mandarina;Mandarin Duck
810;48,52941176;0;1994;Mandarinente;Canard mandarin;Anatra mandarina;Mandarin Duck
810;72,79411765;0;1995;Mandarinente;Canard mandarin;Anatra mandarina;Mandarin Duck
810;109,1911765;0;1996;Mandarinente;Canard mandarin;Anatra mandarina;Mandarin Duck
810;84,92647059;0;1997;Mandarinente;Canard mandarin;Anatra mandarina;Mandarin Duck
810;48,52941176;0;1998;Mandarinente;Canard mandarin;Anatra mandarina;Mandarin Duck
810;72,79411765;0;1999;Mandarinente;Canard mandarin;Anatra mandarina;Mandarin Duck
810;97,05882353;0;2000;Mandarinente;Canard mandarin;Anatra mandarina;Mandarin Duck
810;72,79411765;0;2001;Mandarinente;Canard mandarin;Anatra mandarina;Mandarin Duck
810;97,05882353;0;2002;Mandarinente;Canard mandarin;Anatra mandarina;Mandarin Duck
810;84,92647059;0;2003;Mandarinente;Canard mandarin;Anatra mandarina;Mandarin Duck
810;60,66176471;0;2004;Mandarinente;Canard mandarin;Anatra mandarina;Mandarin Duck
810;97,05882353;0;2005;Mandarinente;Canard mandarin;Anatra mandarina;Mandarin Duck
810;72,79411765;0;2006;Mandarinente;Canard mandarin;Anatra mandarina;Mandarin Duck
810;60,66176471;0;2007;Mandarinente;Canard mandarin;Anatra mandarina;Mandarin Duck
810;48,52941176;0;2008;Mandarinente;Canard mandarin;Anatra mandarina;Mandarin Duck
810;109,1911765;0;2009;Mandarinente;Canard mandarin;Anatra mandarina;Mandarin Duck
810;109,1911765;0;2010;Mandarinente;Canard mandarin;Anatra mandarina;Mandarin Duck
810;84,92647059;0;2011;Mandarinente;Canard mandarin;Anatra mandarina;Mandarin Duck
810;145,5882353;0;2012;Mandarinente;Canard mandarin;Anatra mandarina;Mandarin Duck
810;194,1176471;0;2013;Mandarinente;Canard mandarin;Anatra mandarina;Mandarin Duck
810;181,9852941;0;2014;Mandarinente;Canard mandarin;Anatra mandarina;Mandarin Duck
810;206,25;0;2015;Mandarinente;Canard mandarin;Anatra mandarina;Mandarin Duck
810;121,3235294;0;2016;Mandarinente;Canard mandarin;Anatra mandarina;Mandarin Duck
810;206,25;0;2017;Mandarinente;Canard mandarin;Anatra mandarina;Mandarin Duck
810;145,5882353;0;2018;Mandarinente;Canard mandarin;Anatra mandarina;Mandarin Duck
810;206,25;0;2019;Mandarinente;Canard mandarin;Anatra mandarina;Mandarin Duck
810;109,1911765;0;2020;Mandarinente;Canard mandarin;Anatra mandarina;Mandarin Duck
810;109,1911765;0;2021;Mandarinente;Canard mandarin;Anatra mandarina;Mandarin Duck
810;97,05882353;0;2022;Mandarinente;Canard mandarin;Anatra mandarina;Mandarin Duck
570;80,7155443;36,08739062;1990;Höckerschwan;Cygne tuberculé;Cigno reale;Mute Swan
570;59,98852855;25,94375721;1991;Höckerschwan;Cygne tuberculé;Cigno reale;Mute Swan
570;75,97474545;25,19471021;1992;Höckerschwan;Cygne tuberculé;Cigno reale;Mute Swan
570;63,41517981;18,20399019;1993;Höckerschwan;Cygne tuberculé;Cigno reale;Mute Swan
570;59,78246313;19,92396095;1994;Höckerschwan;Cygne tuberculé;Cigno reale;Mute Swan
570;82,45277075;23,49013542;1995;Höckerschwan;Cygne tuberculé;Cigno reale;Mute Swan
570;82,03911494;23,41781186;1996;Höckerschwan;Cygne tuberculé;Cigno reale;Mute Swan
570;81,35304595;23,28505313;1997;Höckerschwan;Cygne tuberculé;Cigno reale;Mute Swan
570;67,87435148;20,98061571;1998;Höckerschwan;Cygne tuberculé;Cigno reale;Mute Swan
570;75,27749036;18,78274697;1999;Höckerschwan;Cygne tuberculé;Cigno reale;Mute Swan
570;92,11080262;11,95821733;2000;Höckerschwan;Cygne tuberculé;Cigno reale;Mute Swan
570;69,24267969;10,40777226;2001;Höckerschwan;Cygne tuberculé;Cigno reale;Mute Swan
570;109,0970514;12,91280102;2002;Höckerschwan;Cygne tuberculé;Cigno reale;Mute Swan
570;88,68666291;10,58102515;2003;Höckerschwan;Cygne tuberculé;Cigno reale;Mute Swan
570;102,0329658;11,17294016;2004;Höckerschwan;Cygne tuberculé;Cigno reale;Mute Swan
570;91,31694255;9,499055215;2005;Höckerschwan;Cygne tuberculé;Cigno reale;Mute Swan
570;79,14872855;8,604003487;2006;Höckerschwan;Cygne tuberculé;Cigno reale;Mute Swan
570;96,22201883;9,553037787;2007;Höckerschwan;Cygne tuberculé;Cigno reale;Mute Swan
570;106,5680394;9,992234668;2008;Höckerschwan;Cygne tuberculé;Cigno reale;Mute Swan
570;113,8717189;10,24606794;2009;Höckerschwan;Cygne tuberculé;Cigno reale;Mute Swan
570;105,1371444;9,953505178;2010;Höckerschwan;Cygne tuberculé;Cigno reale;Mute Swan
570;104,9578863;9,004070218;2011;Höckerschwan;Cygne tuberculé;Cigno reale;Mute Swan
570;95,89994801;8,467819199;2012;Höckerschwan;Cygne tuberculé;Cigno reale;Mute Swan
570;97,48557246;8,546493345;2013;Höckerschwan;Cygne tuberculé;Cigno reale;Mute Swan
570;113,9307091;9,398400801;2014;Höckerschwan;Cygne tuberculé;Cigno reale;Mute Swan
570;123,4203826;9,805869724;2015;Höckerschwan;Cygne tuberculé;Cigno reale;Mute Swan
570;154,7490023;11,1400604;2016;Höckerschwan;Cygne tuberculé;Cigno reale;Mute Swan
570;151,9999263;10,88320837;2017;Höckerschwan;Cygne tuberculé;Cigno reale;Mute Swan
570;139,8763108;10,3977258;2018;Höckerschwan;Cygne tuberculé;Cigno reale;Mute Swan
570;121,5808415;9,388085079;2019;Höckerschwan;Cygne tuberculé;Cigno reale;Mute Swan
570;134,1024292;9,948476149;2020;Höckerschwan;Cygne tuberculé;Cigno reale;Mute Swan
570;143,3865041;10,34733696;2021;Höckerschwan;Cygne tuberculé;Cigno reale;Mute Swan
570;136,3024975;10,26929055;2022;Höckerschwan;Cygne tuberculé;Cigno reale;Mute Swan